==31417== NVPROF is profiling process 31417, command: ./6_overhead
==31417== Warning: Some kernel(s) will be replayed on device 0 in order to collect all events/metrics.
==31417== Profiling application: ./6_overhead
==31417== Profiling result:
==31417== Event result:
"Device","Kernel","Invocations","Event Name","Min","Max","Avg"
"Tesla K80 (0)","md_kernel(float4*, float4*, int, int*, float, float, float, int)",1,"tex0_cache_sector_queries",1866666,1866666,1866666
"Tesla K80 (0)","md_kernel(float4*, float4*, int, int*, float, float, float, int)",1,"tex1_cache_sector_queries",1866725,1866725,1866725
"Tesla K80 (0)","md_kernel(float4*, float4*, int, int*, float, float, float, int)",1,"tex2_cache_sector_queries",1866675,1866675,1866675
"Tesla K80 (0)","md_kernel(float4*, float4*, int, int*, float, float, float, int)",1,"tex3_cache_sector_queries",1866724,1866724,1866724
"Tesla K80 (0)","md_kernel(float4*, float4*, int, int*, float, float, float, int)",1,"tex0_cache_sector_misses",1663801,1663801,1663801
"Tesla K80 (0)","md_kernel(float4*, float4*, int, int*, float, float, float, int)",1,"tex1_cache_sector_misses",1663937,1663937,1663937
"Tesla K80 (0)","md_kernel(float4*, float4*, int, int*, float, float, float, int)",1,"tex2_cache_sector_misses",1664066,1664066,1664066
"Tesla K80 (0)","md_kernel(float4*, float4*, int, int*, float, float, float, int)",1,"tex3_cache_sector_misses",1663878,1663878,1663878
"Tesla K80 (0)","md_kernel(float4*, float4*, int, int*, float, float, float, int)",1,"fb_subp0_read_sectors",4346367,4346367,4346367
"Tesla K80 (0)","md_kernel(float4*, float4*, int, int*, float, float, float, int)",1,"fb_subp1_read_sectors",4347931,4347931,4347931
"Tesla K80 (0)","md_kernel(float4*, float4*, int, int*, float, float, float, int)",1,"fb_subp0_write_sectors",60394,60394,60394
"Tesla K80 (0)","md_kernel(float4*, float4*, int, int*, float, float, float, int)",1,"fb_subp1_write_sectors",60400,60400,60400
"Tesla K80 (0)","md_kernel(float4*, float4*, int, int*, float, float, float, int)",1,"l2_subp0_write_sector_misses",24579,24579,24579
"Tesla K80 (0)","md_kernel(float4*, float4*, int, int*, float, float, float, int)",1,"l2_subp1_write_sector_misses",24588,24588,24588
"Tesla K80 (0)","md_kernel(float4*, float4*, int, int*, float, float, float, int)",1,"l2_subp2_write_sector_misses",24578,24578,24578
"Tesla K80 (0)","md_kernel(float4*, float4*, int, int*, float, float, float, int)",1,"l2_subp3_write_sector_misses",24579,24579,24579
"Tesla K80 (0)","md_kernel(float4*, float4*, int, int*, float, float, float, int)",1,"l2_subp0_read_sector_misses",1203829,1203829,1203829
"Tesla K80 (0)","md_kernel(float4*, float4*, int, int*, float, float, float, int)",1,"l2_subp1_read_sector_misses",1203569,1203569,1203569
"Tesla K80 (0)","md_kernel(float4*, float4*, int, int*, float, float, float, int)",1,"l2_subp2_read_sector_misses",1203553,1203553,1203553
"Tesla K80 (0)","md_kernel(float4*, float4*, int, int*, float, float, float, int)",1,"l2_subp3_read_sector_misses",1200340,1200340,1200340
"Tesla K80 (0)","md_kernel(float4*, float4*, int, int*, float, float, float, int)",1,"l2_subp0_write_l1_sector_queries",24576,24576,24576
"Tesla K80 (0)","md_kernel(float4*, float4*, int, int*, float, float, float, int)",1,"l2_subp1_write_l1_sector_queries",24576,24576,24576
"Tesla K80 (0)","md_kernel(float4*, float4*, int, int*, float, float, float, int)",1,"l2_subp2_write_l1_sector_queries",24576,24576,24576
"Tesla K80 (0)","md_kernel(float4*, float4*, int, int*, float, float, float, int)",1,"l2_subp3_write_l1_sector_queries",24576,24576,24576
"Tesla K80 (0)","md_kernel(float4*, float4*, int, int*, float, float, float, int)",1,"l2_subp0_read_l1_sector_queries",0,0,0
"Tesla K80 (0)","md_kernel(float4*, float4*, int, int*, float, float, float, int)",1,"l2_subp1_read_l1_sector_queries",0,0,0
"Tesla K80 (0)","md_kernel(float4*, float4*, int, int*, float, float, float, int)",1,"l2_subp2_read_l1_sector_queries",0,0,0
"Tesla K80 (0)","md_kernel(float4*, float4*, int, int*, float, float, float, int)",1,"l2_subp3_read_l1_sector_queries",0,0,0
"Tesla K80 (0)","md_kernel(float4*, float4*, int, int*, float, float, float, int)",1,"l2_subp0_read_l1_hit_sectors",0,0,0
"Tesla K80 (0)","md_kernel(float4*, float4*, int, int*, float, float, float, int)",1,"l2_subp1_read_l1_hit_sectors",0,0,0
"Tesla K80 (0)","md_kernel(float4*, float4*, int, int*, float, float, float, int)",1,"l2_subp2_read_l1_hit_sectors",0,0,0
"Tesla K80 (0)","md_kernel(float4*, float4*, int, int*, float, float, float, int)",1,"l2_subp3_read_l1_hit_sectors",0,0,0
"Tesla K80 (0)","md_kernel(float4*, float4*, int, int*, float, float, float, int)",1,"l2_subp0_read_tex_sector_queries",1663863,1663863,1663863
"Tesla K80 (0)","md_kernel(float4*, float4*, int, int*, float, float, float, int)",1,"l2_subp1_read_tex_sector_queries",1664880,1664880,1664880
"Tesla K80 (0)","md_kernel(float4*, float4*, int, int*, float, float, float, int)",1,"l2_subp2_read_tex_sector_queries",1665493,1665493,1665493
"Tesla K80 (0)","md_kernel(float4*, float4*, int, int*, float, float, float, int)",1,"l2_subp3_read_tex_sector_queries",1662364,1662364,1662364
"Tesla K80 (0)","md_kernel(float4*, float4*, int, int*, float, float, float, int)",1,"l2_subp0_read_tex_hit_sectors",460288,460288,460288
"Tesla K80 (0)","md_kernel(float4*, float4*, int, int*, float, float, float, int)",1,"l2_subp1_read_tex_hit_sectors",461440,461440,461440
"Tesla K80 (0)","md_kernel(float4*, float4*, int, int*, float, float, float, int)",1,"l2_subp2_read_tex_hit_sectors",460176,460176,460176
"Tesla K80 (0)","md_kernel(float4*, float4*, int, int*, float, float, float, int)",1,"l2_subp3_read_tex_hit_sectors",460852,460852,460852
"Tesla K80 (0)","md_kernel(float4*, float4*, int, int*, float, float, float, int)",1,"rocache_subp0_gld_thread_count_32b",0,0,0
"Tesla K80 (0)","md_kernel(float4*, float4*, int, int*, float, float, float, int)",1,"rocache_subp1_gld_thread_count_32b",0,0,0
"Tesla K80 (0)","md_kernel(float4*, float4*, int, int*, float, float, float, int)",1,"rocache_subp2_gld_thread_count_32b",0,0,0
"Tesla K80 (0)","md_kernel(float4*, float4*, int, int*, float, float, float, int)",1,"rocache_subp3_gld_thread_count_32b",0,0,0
"Tesla K80 (0)","md_kernel(float4*, float4*, int, int*, float, float, float, int)",1,"rocache_subp0_gld_thread_count_64b",0,0,0
"Tesla K80 (0)","md_kernel(float4*, float4*, int, int*, float, float, float, int)",1,"rocache_subp1_gld_thread_count_64b",0,0,0
"Tesla K80 (0)","md_kernel(float4*, float4*, int, int*, float, float, float, int)",1,"rocache_subp2_gld_thread_count_64b",0,0,0
"Tesla K80 (0)","md_kernel(float4*, float4*, int, int*, float, float, float, int)",1,"rocache_subp3_gld_thread_count_64b",0,0,0
"Tesla K80 (0)","md_kernel(float4*, float4*, int, int*, float, float, float, int)",1,"rocache_subp0_gld_thread_count_128b",0,0,0
"Tesla K80 (0)","md_kernel(float4*, float4*, int, int*, float, float, float, int)",1,"rocache_subp1_gld_thread_count_128b",0,0,0
"Tesla K80 (0)","md_kernel(float4*, float4*, int, int*, float, float, float, int)",1,"rocache_subp2_gld_thread_count_128b",0,0,0
"Tesla K80 (0)","md_kernel(float4*, float4*, int, int*, float, float, float, int)",1,"rocache_subp3_gld_thread_count_128b",0,0,0
"Tesla K80 (0)","md_kernel(float4*, float4*, int, int*, float, float, float, int)",1,"rocache_subp0_gld_warp_count_32b",0,0,0
"Tesla K80 (0)","md_kernel(float4*, float4*, int, int*, float, float, float, int)",1,"rocache_subp1_gld_warp_count_32b",0,0,0
"Tesla K80 (0)","md_kernel(float4*, float4*, int, int*, float, float, float, int)",1,"rocache_subp2_gld_warp_count_32b",0,0,0
"Tesla K80 (0)","md_kernel(float4*, float4*, int, int*, float, float, float, int)",1,"rocache_subp3_gld_warp_count_32b",0,0,0
"Tesla K80 (0)","md_kernel(float4*, float4*, int, int*, float, float, float, int)",1,"rocache_subp0_gld_warp_count_64b",0,0,0
"Tesla K80 (0)","md_kernel(float4*, float4*, int, int*, float, float, float, int)",1,"rocache_subp1_gld_warp_count_64b",0,0,0
"Tesla K80 (0)","md_kernel(float4*, float4*, int, int*, float, float, float, int)",1,"rocache_subp2_gld_warp_count_64b",0,0,0
"Tesla K80 (0)","md_kernel(float4*, float4*, int, int*, float, float, float, int)",1,"rocache_subp3_gld_warp_count_64b",0,0,0
"Tesla K80 (0)","md_kernel(float4*, float4*, int, int*, float, float, float, int)",1,"rocache_subp0_gld_warp_count_128b",0,0,0
"Tesla K80 (0)","md_kernel(float4*, float4*, int, int*, float, float, float, int)",1,"rocache_subp1_gld_warp_count_128b",0,0,0
"Tesla K80 (0)","md_kernel(float4*, float4*, int, int*, float, float, float, int)",1,"rocache_subp2_gld_warp_count_128b",0,0,0
"Tesla K80 (0)","md_kernel(float4*, float4*, int, int*, float, float, float, int)",1,"rocache_subp3_gld_warp_count_128b",0,0,0
"Tesla K80 (0)","md_kernel(float4*, float4*, int, int*, float, float, float, int)",1,"l2_subp0_read_sysmem_sector_queries",0,0,0
"Tesla K80 (0)","md_kernel(float4*, float4*, int, int*, float, float, float, int)",1,"l2_subp1_read_sysmem_sector_queries",0,0,0
"Tesla K80 (0)","md_kernel(float4*, float4*, int, int*, float, float, float, int)",1,"l2_subp2_read_sysmem_sector_queries",0,0,0
"Tesla K80 (0)","md_kernel(float4*, float4*, int, int*, float, float, float, int)",1,"l2_subp3_read_sysmem_sector_queries",0,0,0
"Tesla K80 (0)","md_kernel(float4*, float4*, int, int*, float, float, float, int)",1,"l2_subp0_write_sysmem_sector_queries",1,1,1
"Tesla K80 (0)","md_kernel(float4*, float4*, int, int*, float, float, float, int)",1,"l2_subp1_write_sysmem_sector_queries",0,0,0
"Tesla K80 (0)","md_kernel(float4*, float4*, int, int*, float, float, float, int)",1,"l2_subp2_write_sysmem_sector_queries",0,0,0
"Tesla K80 (0)","md_kernel(float4*, float4*, int, int*, float, float, float, int)",1,"l2_subp3_write_sysmem_sector_queries",0,0,0
"Tesla K80 (0)","md_kernel(float4*, float4*, int, int*, float, float, float, int)",1,"l2_subp0_total_read_sector_queries",1663653,1663653,1663653
"Tesla K80 (0)","md_kernel(float4*, float4*, int, int*, float, float, float, int)",1,"l2_subp1_total_read_sector_queries",1664586,1664586,1664586
"Tesla K80 (0)","md_kernel(float4*, float4*, int, int*, float, float, float, int)",1,"l2_subp2_total_read_sector_queries",1665384,1665384,1665384
"Tesla K80 (0)","md_kernel(float4*, float4*, int, int*, float, float, float, int)",1,"l2_subp3_total_read_sector_queries",1662667,1662667,1662667
"Tesla K80 (0)","md_kernel(float4*, float4*, int, int*, float, float, float, int)",1,"l2_subp0_total_write_sector_queries",24580,24580,24580
"Tesla K80 (0)","md_kernel(float4*, float4*, int, int*, float, float, float, int)",1,"l2_subp1_total_write_sector_queries",24578,24578,24578
"Tesla K80 (0)","md_kernel(float4*, float4*, int, int*, float, float, float, int)",1,"l2_subp2_total_write_sector_queries",24579,24579,24579
"Tesla K80 (0)","md_kernel(float4*, float4*, int, int*, float, float, float, int)",1,"l2_subp3_total_write_sector_queries",24594,24594,24594
"Tesla K80 (0)","md_kernel(float4*, float4*, int, int*, float, float, float, int)",1,"elapsed_cycles_sm",17106341,17106341,17106341
"Tesla K80 (0)","md_kernel(float4*, float4*, int, int*, float, float, float, int)",1,"gld_inst_8bit",0,0,0
"Tesla K80 (0)","md_kernel(float4*, float4*, int, int*, float, float, float, int)",1,"gld_inst_16bit",0,0,0
"Tesla K80 (0)","md_kernel(float4*, float4*, int, int*, float, float, float, int)",1,"gld_inst_32bit",0,0,0
"Tesla K80 (0)","md_kernel(float4*, float4*, int, int*, float, float, float, int)",1,"gld_inst_64bit",0,0,0
"Tesla K80 (0)","md_kernel(float4*, float4*, int, int*, float, float, float, int)",1,"gld_inst_128bit",0,0,0
"Tesla K80 (0)","md_kernel(float4*, float4*, int, int*, float, float, float, int)",1,"gst_inst_8bit",0,0,0
"Tesla K80 (0)","md_kernel(float4*, float4*, int, int*, float, float, float, int)",1,"gst_inst_16bit",0,0,0
"Tesla K80 (0)","md_kernel(float4*, float4*, int, int*, float, float, float, int)",1,"gst_inst_32bit",0,0,0
"Tesla K80 (0)","md_kernel(float4*, float4*, int, int*, float, float, float, int)",1,"gst_inst_64bit",0,0,0
"Tesla K80 (0)","md_kernel(float4*, float4*, int, int*, float, float, float, int)",1,"gst_inst_128bit",196608,196608,196608
"Tesla K80 (0)","md_kernel(float4*, float4*, int, int*, float, float, float, int)",1,"rocache_gld_inst_8bit",0,0,0
"Tesla K80 (0)","md_kernel(float4*, float4*, int, int*, float, float, float, int)",1,"rocache_gld_inst_16bit",0,0,0
"Tesla K80 (0)","md_kernel(float4*, float4*, int, int*, float, float, float, int)",1,"rocache_gld_inst_32bit",0,0,0
"Tesla K80 (0)","md_kernel(float4*, float4*, int, int*, float, float, float, int)",1,"rocache_gld_inst_64bit",0,0,0
"Tesla K80 (0)","md_kernel(float4*, float4*, int, int*, float, float, float, int)",1,"rocache_gld_inst_128bit",0,0,0
"Tesla K80 (0)","md_kernel(float4*, float4*, int, int*, float, float, float, int)",1,"prof_trigger_00",0,0,0
"Tesla K80 (0)","md_kernel(float4*, float4*, int, int*, float, float, float, int)",1,"prof_trigger_01",0,0,0
"Tesla K80 (0)","md_kernel(float4*, float4*, int, int*, float, float, float, int)",1,"prof_trigger_02",0,0,0
"Tesla K80 (0)","md_kernel(float4*, float4*, int, int*, float, float, float, int)",1,"prof_trigger_03",0,0,0
"Tesla K80 (0)","md_kernel(float4*, float4*, int, int*, float, float, float, int)",1,"prof_trigger_04",0,0,0
"Tesla K80 (0)","md_kernel(float4*, float4*, int, int*, float, float, float, int)",1,"prof_trigger_05",0,0,0
"Tesla K80 (0)","md_kernel(float4*, float4*, int, int*, float, float, float, int)",1,"prof_trigger_06",0,0,0
"Tesla K80 (0)","md_kernel(float4*, float4*, int, int*, float, float, float, int)",1,"prof_trigger_07",0,0,0
"Tesla K80 (0)","md_kernel(float4*, float4*, int, int*, float, float, float, int)",1,"atom_cas_count",0,0,0
"Tesla K80 (0)","md_kernel(float4*, float4*, int, int*, float, float, float, int)",1,"warps_launched",6144,6144,6144
"Tesla K80 (0)","md_kernel(float4*, float4*, int, int*, float, float, float, int)",1,"threads_launched",196608,196608,196608
"Tesla K80 (0)","md_kernel(float4*, float4*, int, int*, float, float, float, int)",1,"inst_executed",7185277,7185277,7185277
"Tesla K80 (0)","md_kernel(float4*, float4*, int, int*, float, float, float, int)",1,"inst_issued1",4853498,4853498,4853498
"Tesla K80 (0)","md_kernel(float4*, float4*, int, int*, float, float, float, int)",1,"inst_issued2",1184141,1184141,1184141
"Tesla K80 (0)","md_kernel(float4*, float4*, int, int*, float, float, float, int)",1,"thread_inst_executed",168126488,168126488,168126488
"Tesla K80 (0)","md_kernel(float4*, float4*, int, int*, float, float, float, int)",1,"shared_load",0,0,0
"Tesla K80 (0)","md_kernel(float4*, float4*, int, int*, float, float, float, int)",1,"shared_store",0,0,0
"Tesla K80 (0)","md_kernel(float4*, float4*, int, int*, float, float, float, int)",1,"local_load",0,0,0
"Tesla K80 (0)","md_kernel(float4*, float4*, int, int*, float, float, float, int)",1,"local_store",0,0,0
"Tesla K80 (0)","md_kernel(float4*, float4*, int, int*, float, float, float, int)",1,"gld_request",0,0,0
"Tesla K80 (0)","md_kernel(float4*, float4*, int, int*, float, float, float, int)",1,"gst_request",6144,6144,6144
"Tesla K80 (0)","md_kernel(float4*, float4*, int, int*, float, float, float, int)",1,"active_cycles",16882524,16882524,16882524
"Tesla K80 (0)","md_kernel(float4*, float4*, int, int*, float, float, float, int)",1,"active_warps",1033812906,1033812906,1033812906
"Tesla K80 (0)","md_kernel(float4*, float4*, int, int*, float, float, float, int)",1,"sm_cta_launched",768,768,768
"Tesla K80 (0)","md_kernel(float4*, float4*, int, int*, float, float, float, int)",1,"not_predicated_off_thread_inst_executed",167380056,167380056,167380056
"Tesla K80 (0)","md_kernel(float4*, float4*, int, int*, float, float, float, int)",1,"l1_local_load_hit",0,0,0
"Tesla K80 (0)","md_kernel(float4*, float4*, int, int*, float, float, float, int)",1,"l1_local_load_miss",0,0,0
"Tesla K80 (0)","md_kernel(float4*, float4*, int, int*, float, float, float, int)",1,"l1_local_store_hit",0,0,0
"Tesla K80 (0)","md_kernel(float4*, float4*, int, int*, float, float, float, int)",1,"l1_local_store_miss",0,0,0
"Tesla K80 (0)","md_kernel(float4*, float4*, int, int*, float, float, float, int)",1,"l1_global_load_hit",0,0,0
"Tesla K80 (0)","md_kernel(float4*, float4*, int, int*, float, float, float, int)",1,"l1_global_load_miss",0,0,0
"Tesla K80 (0)","md_kernel(float4*, float4*, int, int*, float, float, float, int)",1,"uncached_global_load_transaction",0,0,0
"Tesla K80 (0)","md_kernel(float4*, float4*, int, int*, float, float, float, int)",1,"global_store_transaction",24576,24576,24576
"Tesla K80 (0)","md_kernel(float4*, float4*, int, int*, float, float, float, int)",1,"shared_load_replay",0,0,0
"Tesla K80 (0)","md_kernel(float4*, float4*, int, int*, float, float, float, int)",1,"shared_store_replay",0,0,0
"Tesla K80 (0)","md_kernel(float4*, float4*, int, int*, float, float, float, int)",1,"global_ld_mem_divergence_replays",0,0,0
"Tesla K80 (0)","md_kernel(float4*, float4*, int, int*, float, float, float, int)",1,"global_st_mem_divergence_replays",18432,18432,18432
"Tesla K80 (0)","md_kernel(float4*, float4*, int, int*, float, float, float, int)",1,"local_load_transactions",0,0,0
"Tesla K80 (0)","md_kernel(float4*, float4*, int, int*, float, float, float, int)",1,"local_store_transactions",0,0,0
"Tesla K80 (0)","md_kernel(float4*, float4*, int, int*, float, float, float, int)",1,"l1_shared_load_transactions",0,0,0
"Tesla K80 (0)","md_kernel(float4*, float4*, int, int*, float, float, float, int)",1,"l1_shared_store_transactions",0,0,0
"Tesla K80 (0)","md_kernel(float4*, float4*, int, int*, float, float, float, int)",1,"__l1_global_load_transactions",0,0,0
"Tesla K80 (0)","md_kernel(float4*, float4*, int, int*, float, float, float, int)",1,"__l1_global_store_transactions",24576,24576,24576
"Tesla K80 (0)","md_kernel(float4*, float4*, int, int*, float, float, float, int)",1,"atom_count",0,0,0
"Tesla K80 (0)","md_kernel(float4*, float4*, int, int*, float, float, float, int)",1,"gred_count",0,0,0

==31417== Metric result:
"Device","Kernel","Invocations","Metric Name","Metric Description","Min","Max","Avg"
"Tesla K80 (0)","md_kernel(float4*, float4*, int, int*, float, float, float, int)",1,"l1_cache_global_hit_rate","L1 Global Hit Rate",0.000000%,0.000000%,0.000000%
"Tesla K80 (0)","md_kernel(float4*, float4*, int, int*, float, float, float, int)",1,"l1_cache_local_hit_rate","L1 Local Hit Rate",0.000000%,0.000000%,0.000000%
"Tesla K80 (0)","md_kernel(float4*, float4*, int, int*, float, float, float, int)",1,"sm_efficiency","Multiprocessor Activity",98.055680%,98.055680%,98.055680%
"Tesla K80 (0)","md_kernel(float4*, float4*, int, int*, float, float, float, int)",1,"ipc","Executed IPC",0.428365,0.428365,0.428365
"Tesla K80 (0)","md_kernel(float4*, float4*, int, int*, float, float, float, int)",1,"achieved_occupancy","Achieved Occupancy",0.961992,0.961992,0.961992
"Tesla K80 (0)","md_kernel(float4*, float4*, int, int*, float, float, float, int)",1,"gld_requested_throughput","Requested Global Load Throughput",0.000000B/s,0.000000B/s,0.000000B/s
"Tesla K80 (0)","md_kernel(float4*, float4*, int, int*, float, float, float, int)",1,"gst_requested_throughput","Requested Global Store Throughput",1.313531GB/s,1.313531GB/s,1.313531GB/s
"Tesla K80 (0)","md_kernel(float4*, float4*, int, int*, float, float, float, int)",1,"sm_efficiency_instance","Multiprocessor Activity",98.055680%,98.055680%,98.055680%
"Tesla K80 (0)","md_kernel(float4*, float4*, int, int*, float, float, float, int)",1,"ipc_instance","Executed IPC",0.428365,0.428365,0.428365
"Tesla K80 (0)","md_kernel(float4*, float4*, int, int*, float, float, float, int)",1,"inst_replay_overhead","Instruction Replay Overhead",0.005080,0.005080,0.005080
"Tesla K80 (0)","md_kernel(float4*, float4*, int, int*, float, float, float, int)",1,"shared_replay_overhead","Shared Memory Replay Overhead",0.000000,0.000000,0.000000
"Tesla K80 (0)","md_kernel(float4*, float4*, int, int*, float, float, float, int)",1,"global_replay_overhead","Global Memory Replay Overhead",0.002565,0.002565,0.002565
"Tesla K80 (0)","md_kernel(float4*, float4*, int, int*, float, float, float, int)",1,"global_cache_replay_overhead","Global Memory Cache Replay Overhead",0.000000,0.000000,0.000000
"Tesla K80 (0)","md_kernel(float4*, float4*, int, int*, float, float, float, int)",1,"tex_cache_hit_rate","Texture Cache Hit Rate",10.862874%,10.862874%,10.862874%
"Tesla K80 (0)","md_kernel(float4*, float4*, int, int*, float, float, float, int)",1,"tex_cache_throughput","Texture Cache Throughput",60.422424GB/s,60.422424GB/s,60.422424GB/s
"Tesla K80 (0)","md_kernel(float4*, float4*, int, int*, float, float, float, int)",1,"dram_read_throughput","Device Memory Read Throughput",116.172583GB/s,116.172583GB/s,116.172583GB/s
"Tesla K80 (0)","md_kernel(float4*, float4*, int, int*, float, float, float, int)",1,"dram_write_throughput","Device Memory Write Throughput",1.614041GB/s,1.614041GB/s,1.614041GB/s
"Tesla K80 (0)","md_kernel(float4*, float4*, int, int*, float, float, float, int)",1,"gst_throughput","Global Store Throughput",1.313531GB/s,1.313531GB/s,1.313531GB/s
"Tesla K80 (0)","md_kernel(float4*, float4*, int, int*, float, float, float, int)",1,"gld_throughput","Global Load Throughput",0.000000B/s,0.000000B/s,0.000000B/s
"Tesla K80 (0)","md_kernel(float4*, float4*, int, int*, float, float, float, int)",1,"local_replay_overhead","Local Memory Cache Replay Overhead",0.000000,0.000000,0.000000
"Tesla K80 (0)","md_kernel(float4*, float4*, int, int*, float, float, float, int)",1,"shared_efficiency","Shared Memory Efficiency",0.000000%,0.000000%,0.000000%
"Tesla K80 (0)","md_kernel(float4*, float4*, int, int*, float, float, float, int)",1,"gld_efficiency","Global Memory Load Efficiency",0.000000%,0.000000%,0.000000%
"Tesla K80 (0)","md_kernel(float4*, float4*, int, int*, float, float, float, int)",1,"gst_efficiency","Global Memory Store Efficiency",100.000000%,100.000000%,100.000000%
"Tesla K80 (0)","md_kernel(float4*, float4*, int, int*, float, float, float, int)",1,"l2_l1_read_hit_rate","L2 Hit Rate (L1 Reads)",0.000000%,0.000000%,0.000000%
"Tesla K80 (0)","md_kernel(float4*, float4*, int, int*, float, float, float, int)",1,"l2_texture_read_hit_rate","L2 Hit Rate (Texture Reads)",27.683142%,27.683142%,27.683142%
"Tesla K80 (0)","md_kernel(float4*, float4*, int, int*, float, float, float, int)",1,"l2_l1_read_throughput","L2 Throughput (L1 Reads)",0.000000B/s,0.000000B/s,0.000000B/s
"Tesla K80 (0)","md_kernel(float4*, float4*, int, int*, float, float, float, int)",1,"l2_texture_read_throughput","L2 Throughput (Texture Reads)",88.945009GB/s,88.945009GB/s,88.945009GB/s
"Tesla K80 (0)","md_kernel(float4*, float4*, int, int*, float, float, float, int)",1,"local_memory_overhead","Local Memory Overhead",0.000000%,0.000000%,0.000000%
"Tesla K80 (0)","md_kernel(float4*, float4*, int, int*, float, float, float, int)",1,"warp_execution_efficiency","Warp Execution Efficiency",73.121088%,73.121088%,73.121088%
"Tesla K80 (0)","md_kernel(float4*, float4*, int, int*, float, float, float, int)",1,"nc_gld_requested_throughput","Requested Non-Coherent Global Load Throughput",0.000000B/s,0.000000B/s,0.000000B/s
"Tesla K80 (0)","md_kernel(float4*, float4*, int, int*, float, float, float, int)",1,"issued_ipc","Issued IPC",0.430541,0.430541,0.430541
"Tesla K80 (0)","md_kernel(float4*, float4*, int, int*, float, float, float, int)",1,"inst_per_warp","Instructions per warp",1169.478678,1169.478678,1169.478678
"Tesla K80 (0)","md_kernel(float4*, float4*, int, int*, float, float, float, int)",1,"issue_slot_utilization","Issue Slot Utilization",8.998648%,8.998648%,8.998648%
"Tesla K80 (0)","md_kernel(float4*, float4*, int, int*, float, float, float, int)",1,"local_load_transactions_per_request","Local Memory Load Transactions Per Request",0.000000,0.000000,0.000000
"Tesla K80 (0)","md_kernel(float4*, float4*, int, int*, float, float, float, int)",1,"local_store_transactions_per_request","Local Memory Store Transactions Per Request",0.000000,0.000000,0.000000
"Tesla K80 (0)","md_kernel(float4*, float4*, int, int*, float, float, float, int)",1,"shared_load_transactions_per_request","Shared Memory Load Transactions Per Request",0.000000,0.000000,0.000000
"Tesla K80 (0)","md_kernel(float4*, float4*, int, int*, float, float, float, int)",1,"shared_store_transactions_per_request","Shared Memory Store Transactions Per Request",0.000000,0.000000,0.000000
"Tesla K80 (0)","md_kernel(float4*, float4*, int, int*, float, float, float, int)",1,"gld_transactions_per_request","Global Load Transactions Per Request",0.000000,0.000000,0.000000
"Tesla K80 (0)","md_kernel(float4*, float4*, int, int*, float, float, float, int)",1,"gst_transactions_per_request","Global Store Transactions Per Request",4.000000,4.000000,4.000000
"Tesla K80 (0)","md_kernel(float4*, float4*, int, int*, float, float, float, int)",1,"local_load_transactions","Local Load Transactions",0,0,0
"Tesla K80 (0)","md_kernel(float4*, float4*, int, int*, float, float, float, int)",1,"local_store_transactions","Local Store Transactions",0,0,0
"Tesla K80 (0)","md_kernel(float4*, float4*, int, int*, float, float, float, int)",1,"shared_load_transactions","Shared Load Transactions",0,0,0
"Tesla K80 (0)","md_kernel(float4*, float4*, int, int*, float, float, float, int)",1,"shared_store_transactions","Shared Store Transactions",0,0,0
"Tesla K80 (0)","md_kernel(float4*, float4*, int, int*, float, float, float, int)",1,"gld_transactions","Global Load Transactions",0,0,0
"Tesla K80 (0)","md_kernel(float4*, float4*, int, int*, float, float, float, int)",1,"gst_transactions","Global Store Transactions",24576,24576,24576
"Tesla K80 (0)","md_kernel(float4*, float4*, int, int*, float, float, float, int)",1,"sysmem_read_transactions","System Memory Read Transactions",0,0,0
"Tesla K80 (0)","md_kernel(float4*, float4*, int, int*, float, float, float, int)",1,"sysmem_write_transactions","System Memory Write Transactions",1,1,1
"Tesla K80 (0)","md_kernel(float4*, float4*, int, int*, float, float, float, int)",1,"tex_cache_transactions","Texture Cache Transactions",4521984,4521984,4521984
"Tesla K80 (0)","md_kernel(float4*, float4*, int, int*, float, float, float, int)",1,"dram_read_transactions","Device Memory Read Transactions",8694298,8694298,8694298
"Tesla K80 (0)","md_kernel(float4*, float4*, int, int*, float, float, float, int)",1,"dram_write_transactions","Device Memory Write Transactions",120794,120794,120794
"Tesla K80 (0)","md_kernel(float4*, float4*, int, int*, float, float, float, int)",1,"l2_read_transactions","L2 Read Transactions",6656290,6656290,6656290
"Tesla K80 (0)","md_kernel(float4*, float4*, int, int*, float, float, float, int)",1,"l2_write_transactions","L2 Write Transactions",98331,98331,98331
"Tesla K80 (0)","md_kernel(float4*, float4*, int, int*, float, float, float, int)",1,"local_load_throughput","Local Memory Load Throughput",0.000000B/s,0.000000B/s,0.000000B/s
"Tesla K80 (0)","md_kernel(float4*, float4*, int, int*, float, float, float, int)",1,"local_store_throughput","Local Memory Store Throughput",0.000000B/s,0.000000B/s,0.000000B/s
"Tesla K80 (0)","md_kernel(float4*, float4*, int, int*, float, float, float, int)",1,"shared_load_throughput","Shared Memory Load Throughput",0.000000B/s,0.000000B/s,0.000000B/s
"Tesla K80 (0)","md_kernel(float4*, float4*, int, int*, float, float, float, int)",1,"shared_store_throughput","Shared Memory Store Throughput",0.000000B/s,0.000000B/s,0.000000B/s
"Tesla K80 (0)","md_kernel(float4*, float4*, int, int*, float, float, float, int)",1,"l2_read_throughput","L2 Throughput (Reads)",88.940867GB/s,88.940867GB/s,88.940867GB/s
"Tesla K80 (0)","md_kernel(float4*, float4*, int, int*, float, float, float, int)",1,"l2_write_throughput","L2 Throughput (Writes)",1.313892GB/s,1.313892GB/s,1.313892GB/s
"Tesla K80 (0)","md_kernel(float4*, float4*, int, int*, float, float, float, int)",1,"sysmem_read_throughput","System Memory Read Throughput",0.000000B/s,0.000000B/s,0.000000B/s
"Tesla K80 (0)","md_kernel(float4*, float4*, int, int*, float, float, float, int)",1,"sysmem_write_throughput","System Memory Write Throughput",13.361000KB/s,13.361000KB/s,13.361000KB/s
"Tesla K80 (0)","md_kernel(float4*, float4*, int, int*, float, float, float, int)",1,"warp_nonpred_execution_efficiency","Warp Non-Predicated Execution Efficiency",72.796452%,72.796452%,72.796452%
"Tesla K80 (0)","md_kernel(float4*, float4*, int, int*, float, float, float, int)",1,"cf_issued","Issued Control-Flow Instructions",1641722,1641722,1641722
"Tesla K80 (0)","md_kernel(float4*, float4*, int, int*, float, float, float, int)",1,"cf_executed","Executed Control-Flow Instructions",1640589,1640589,1640589
"Tesla K80 (0)","md_kernel(float4*, float4*, int, int*, float, float, float, int)",1,"ldst_issued","Issued Load/Store Instructions",400192,400192,400192
"Tesla K80 (0)","md_kernel(float4*, float4*, int, int*, float, float, float, int)",1,"ldst_executed","Executed Load/Store Instructions",380928,380928,380928
"Tesla K80 (0)","md_kernel(float4*, float4*, int, int*, float, float, float, int)",1,"flop_count_sp","Floating Point Operations(Single Precision)",49691840,49691840,49691840
"Tesla K80 (0)","md_kernel(float4*, float4*, int, int*, float, float, float, int)",1,"flop_count_sp_add","Floating Point Operations(Single Precision Add)",17694720,17694720,17694720
"Tesla K80 (0)","md_kernel(float4*, float4*, int, int*, float, float, float, int)",1,"flop_count_sp_mul","Floating Point Operation(Single Precision Mul)",6524720,6524720,6524720
"Tesla K80 (0)","md_kernel(float4*, float4*, int, int*, float, float, float, int)",1,"flop_count_sp_fma","Floating Point Operations(Single Precision FMA)",12736200,12736200,12736200
"Tesla K80 (0)","md_kernel(float4*, float4*, int, int*, float, float, float, int)",1,"flop_count_dp","Floating Point Operations(Double Precision)",0,0,0
"Tesla K80 (0)","md_kernel(float4*, float4*, int, int*, float, float, float, int)",1,"flop_count_dp_add","Floating Point Operations(Double Precision Add)",0,0,0
"Tesla K80 (0)","md_kernel(float4*, float4*, int, int*, float, float, float, int)",1,"flop_count_dp_mul","Floating Point Operations(Double Precision Mul)",0,0,0
"Tesla K80 (0)","md_kernel(float4*, float4*, int, int*, float, float, float, int)",1,"flop_count_dp_fma","Floating Point Operations(Double Precison FMA)",0,0,0
"Tesla K80 (0)","md_kernel(float4*, float4*, int, int*, float, float, float, int)",1,"flop_count_sp_special","Floating Point Operations(Single Precision Special)",156620,156620,156620
"Tesla K80 (0)","md_kernel(float4*, float4*, int, int*, float, float, float, int)",1,"stall_inst_fetch","Issue Stall Reasons (Instructions Fetch)",2.163252%,2.163252%,2.163252%
"Tesla K80 (0)","md_kernel(float4*, float4*, int, int*, float, float, float, int)",1,"stall_exec_dependency","Issue Stall Reasons (Execution Dependency)",5.290221%,5.290221%,5.290221%
"Tesla K80 (0)","md_kernel(float4*, float4*, int, int*, float, float, float, int)",1,"stall_memory_dependency","Issue Stall Reasons (Data Request)",91.459183%,91.459183%,91.459183%
"Tesla K80 (0)","md_kernel(float4*, float4*, int, int*, float, float, float, int)",1,"stall_texture","Issue Stall Reasons (Texture)",0.003336%,0.003336%,0.003336%
"Tesla K80 (0)","md_kernel(float4*, float4*, int, int*, float, float, float, int)",1,"stall_sync","Issue Stall Reasons (Synchronization)",0.000000%,0.000000%,0.000000%
"Tesla K80 (0)","md_kernel(float4*, float4*, int, int*, float, float, float, int)",1,"stall_other","Issue Stall Reasons (Other)",0.906210%,0.906210%,0.906210%
"Tesla K80 (0)","md_kernel(float4*, float4*, int, int*, float, float, float, int)",1,"l1_shared_utilization","L1/Shared Memory Utilization","Low (1)","Low (1)","Low (1)"
"Tesla K80 (0)","md_kernel(float4*, float4*, int, int*, float, float, float, int)",1,"l2_utilization","L2 Cache Utilization","Low (3)","Low (3)","Low (3)"
"Tesla K80 (0)","md_kernel(float4*, float4*, int, int*, float, float, float, int)",1,"tex_utilization","Texture Cache Utilization","Low (1)","Low (1)","Low (1)"
"Tesla K80 (0)","md_kernel(float4*, float4*, int, int*, float, float, float, int)",1,"dram_utilization","Device Memory Utilization","Mid (5)","Mid (5)","Mid (5)"
"Tesla K80 (0)","md_kernel(float4*, float4*, int, int*, float, float, float, int)",1,"sysmem_utilization","System Memory Utilization","Low (1)","Low (1)","Low (1)"
"Tesla K80 (0)","md_kernel(float4*, float4*, int, int*, float, float, float, int)",1,"ldst_fu_utilization","Load/Store Function Unit Utilization","Low (1)","Low (1)","Low (1)"
"Tesla K80 (0)","md_kernel(float4*, float4*, int, int*, float, float, float, int)",1,"alu_fu_utilization","Arithmetic Function Unit Utilization","Low (1)","Low (1)","Low (1)"
"Tesla K80 (0)","md_kernel(float4*, float4*, int, int*, float, float, float, int)",1,"cf_fu_utilization","Control-Flow Function Unit Utilization","Low (1)","Low (1)","Low (1)"
"Tesla K80 (0)","md_kernel(float4*, float4*, int, int*, float, float, float, int)",1,"tex_fu_utilization","Texture Function Unit Utilization","Low (1)","Low (1)","Low (1)"
"Tesla K80 (0)","md_kernel(float4*, float4*, int, int*, float, float, float, int)",1,"inst_executed","Instructions Executed",7185277,7185277,7185277
"Tesla K80 (0)","md_kernel(float4*, float4*, int, int*, float, float, float, int)",1,"inst_issued","Instructions Issued",7221780,7221780,7221780
"Tesla K80 (0)","md_kernel(float4*, float4*, int, int*, float, float, float, int)",1,"issue_slots","Issue Slots",6037639,6037639,6037639
"Tesla K80 (0)","md_kernel(float4*, float4*, int, int*, float, float, float, int)",1,"nc_l2_read_throughput","L2 Throughput (Non-Coherent Reads)",0.000000B/s,0.000000B/s,0.000000B/s
"Tesla K80 (0)","md_kernel(float4*, float4*, int, int*, float, float, float, int)",1,"nc_l2_read_transactions","L2 Non-Coherent Read Transactions",0,0,0
"Tesla K80 (0)","md_kernel(float4*, float4*, int, int*, float, float, float, int)",1,"nc_cache_global_hit_rate","Non-Coherent Global Hit Rate",0.000000%,0.000000%,0.000000%
"Tesla K80 (0)","md_kernel(float4*, float4*, int, int*, float, float, float, int)",1,"nc_gld_throughput","Non-Coherent Global Memory Load Throughput",0.000000B/s,0.000000B/s,0.000000B/s
"Tesla K80 (0)","md_kernel(float4*, float4*, int, int*, float, float, float, int)",1,"nc_gld_efficiency","Non-Coherent Global Load Efficiency",0.000000%,0.000000%,0.000000%
"Tesla K80 (0)","md_kernel(float4*, float4*, int, int*, float, float, float, int)",1,"l2_atomic_throughput","L2 Throughput (Atomic requests)",0.000000B/s,0.000000B/s,0.000000B/s
"Tesla K80 (0)","md_kernel(float4*, float4*, int, int*, float, float, float, int)",1,"inst_fp_32","FP Instructions(Single)",43010500,43010500,43010500
"Tesla K80 (0)","md_kernel(float4*, float4*, int, int*, float, float, float, int)",1,"inst_fp_64","FP Instructions(Double)",0,0,0
"Tesla K80 (0)","md_kernel(float4*, float4*, int, int*, float, float, float, int)",1,"inst_integer","Integer Instructions",37038948,37038948,37038948
"Tesla K80 (0)","md_kernel(float4*, float4*, int, int*, float, float, float, int)",1,"inst_bit_convert","Bit-Convert Instructions",156620,156620,156620
"Tesla K80 (0)","md_kernel(float4*, float4*, int, int*, float, float, float, int)",1,"inst_control","Control-Flow Instructions",18361188,18361188,18361188
"Tesla K80 (0)","md_kernel(float4*, float4*, int, int*, float, float, float, int)",1,"inst_compute_ld_st","Load/Store Instructions",24182784,24182784,24182784
"Tesla K80 (0)","md_kernel(float4*, float4*, int, int*, float, float, float, int)",1,"inst_misc","Misc Instructions",38731776,38731776,38731776
"Tesla K80 (0)","md_kernel(float4*, float4*, int, int*, float, float, float, int)",1,"inst_inter_thread_communication","Inter-Thread Instructions",0,0,0
"Tesla K80 (0)","md_kernel(float4*, float4*, int, int*, float, float, float, int)",1,"atomic_replay_overhead","Atomic Replay Overhead",0.000000,0.000000,0.000000
"Tesla K80 (0)","md_kernel(float4*, float4*, int, int*, float, float, float, int)",1,"atomic_transactions","Atomic Transactions",0,0,0
"Tesla K80 (0)","md_kernel(float4*, float4*, int, int*, float, float, float, int)",1,"atomic_transactions_per_request","Atomic Transactions Per Request",0.000000,0.000000,0.000000
"Tesla K80 (0)","md_kernel(float4*, float4*, int, int*, float, float, float, int)",1,"l2_l1_read_transactions","L2 Read Transactions (L1 read requests)",0,0,0
"Tesla K80 (0)","md_kernel(float4*, float4*, int, int*, float, float, float, int)",1,"l2_l1_write_transactions","L2 Write Transactions (L1 write requests)",98304,98304,98304
"Tesla K80 (0)","md_kernel(float4*, float4*, int, int*, float, float, float, int)",1,"l2_tex_read_transactions","L2 Transactions (Texture Reads)",6656600,6656600,6656600
"Tesla K80 (0)","md_kernel(float4*, float4*, int, int*, float, float, float, int)",1,"l2_l1_write_throughput","L2 Throughput (L1 Writes)",1.313531GB/s,1.313531GB/s,1.313531GB/s
"Tesla K80 (0)","md_kernel(float4*, float4*, int, int*, float, float, float, int)",1,"l2_atomic_transactions","L2 Transactions (Atomic requests)",0,0,0
"Tesla K80 (0)","md_kernel(float4*, float4*, int, int*, float, float, float, int)",1,"ecc_transactions","ECC Transactions",3905477,3905477,3905477
"Tesla K80 (0)","md_kernel(float4*, float4*, int, int*, float, float, float, int)",1,"ecc_throughput","ECC Throughput",52.184702GB/s,52.184702GB/s,52.184702GB/s
"Tesla K80 (0)","md_kernel(float4*, float4*, int, int*, float, float, float, int)",1,"stall_pipe_busy","Issue Stall Reasons (Pipe Busy)",0.008750%,0.008750%,0.008750%
"Tesla K80 (0)","md_kernel(float4*, float4*, int, int*, float, float, float, int)",1,"stall_constant_memory_dependency","Issue Stall Reasons (Immediate constant)",0.045714%,0.045714%,0.045714%
"Tesla K80 (0)","md_kernel(float4*, float4*, int, int*, float, float, float, int)",1,"flop_sp_efficiency","FLOP Efficiency(Peak Single)",0.756479%,0.756479%,0.756479%
"Tesla K80 (0)","md_kernel(float4*, float4*, int, int*, float, float, float, int)",1,"flop_dp_efficiency","FLOP Efficiency(Peak Double)",0.000000%,0.000000%,0.000000%
"Tesla K80 (0)","md_kernel(float4*, float4*, int, int*, float, float, float, int)",1,"stall_memory_throttle","Issue Stall Reasons (Memory Throttle)",0.000000%,0.000000%,0.000000%
"Tesla K80 (0)","md_kernel(float4*, float4*, int, int*, float, float, float, int)",1,"stall_not_selected","Issue Stall Reasons (Not Selected)",0.123335%,0.123335%,0.123335%
"Tesla K80 (0)","md_kernel(float4*, float4*, int, int*, float, float, float, int)",1,"eligible_warps_per_cycle","Eligible Warps Per Active Cycle",0.435592,0.435592,0.435592
"Tesla K80 (0)","md_kernel(float4*, float4*, int, int*, float, float, float, int)",1,"atomic_throughput","Atomic Throughput",0.000000B/s,0.000000B/s,0.000000B/s
