==12438== NVPROF is profiling process 12438, command: ./con_rule
==12438== Warning: Some kernel(s) will be replayed on device 0 in order to collect all events/metrics.
==12438== Profiling application: ./con_rule
==12438== Profiling result:
==12438== Event result:
"Device","Kernel","Invocations","Event Name","Min","Max","Avg"
"Tesla K80 (0)","convolutionColumnsKernel(float*, float*, int, int, int)",17,"tex0_cache_sector_queries",0,0,0
"Tesla K80 (0)","convolutionColumnsKernel(float*, float*, int, int, int)",17,"tex1_cache_sector_queries",0,0,0
"Tesla K80 (0)","convolutionColumnsKernel(float*, float*, int, int, int)",17,"tex2_cache_sector_queries",0,0,0
"Tesla K80 (0)","convolutionColumnsKernel(float*, float*, int, int, int)",17,"tex3_cache_sector_queries",0,0,0
"Tesla K80 (0)","convolutionColumnsKernel(float*, float*, int, int, int)",17,"tex0_cache_sector_misses",0,0,0
"Tesla K80 (0)","convolutionColumnsKernel(float*, float*, int, int, int)",17,"tex1_cache_sector_misses",0,0,0
"Tesla K80 (0)","convolutionColumnsKernel(float*, float*, int, int, int)",17,"tex2_cache_sector_misses",0,0,0
"Tesla K80 (0)","convolutionColumnsKernel(float*, float*, int, int, int)",17,"tex3_cache_sector_misses",0,0,0
"Tesla K80 (0)","convolutionColumnsKernel(float*, float*, int, int, int)",17,"fb_subp0_read_sectors",961871,967832,964309
"Tesla K80 (0)","convolutionColumnsKernel(float*, float*, int, int, int)",17,"fb_subp1_read_sectors",961887,966202,964200
"Tesla K80 (0)","convolutionColumnsKernel(float*, float*, int, int, int)",17,"fb_subp0_write_sectors",771293,774561,773548
"Tesla K80 (0)","convolutionColumnsKernel(float*, float*, int, int, int)",17,"fb_subp1_write_sectors",772348,774399,773564
"Tesla K80 (0)","convolutionColumnsKernel(float*, float*, int, int, int)",17,"l2_subp0_write_sector_misses",294912,294945,294915
"Tesla K80 (0)","convolutionColumnsKernel(float*, float*, int, int, int)",17,"l2_subp1_write_sector_misses",294913,294942,294917
"Tesla K80 (0)","convolutionColumnsKernel(float*, float*, int, int, int)",17,"l2_subp2_write_sector_misses",294912,294950,294920
"Tesla K80 (0)","convolutionColumnsKernel(float*, float*, int, int, int)",17,"l2_subp3_write_sector_misses",294914,294938,294916
"Tesla K80 (0)","convolutionColumnsKernel(float*, float*, int, int, int)",17,"l2_subp0_read_sector_misses",323028,325480,323882
"Tesla K80 (0)","convolutionColumnsKernel(float*, float*, int, int, int)",17,"l2_subp1_read_sector_misses",322797,324357,323695
"Tesla K80 (0)","convolutionColumnsKernel(float*, float*, int, int, int)",17,"l2_subp2_read_sector_misses",322698,324849,323920
"Tesla K80 (0)","convolutionColumnsKernel(float*, float*, int, int, int)",17,"l2_subp3_read_sector_misses",323398,324914,324082
"Tesla K80 (0)","convolutionColumnsKernel(float*, float*, int, int, int)",17,"l2_subp0_write_l1_sector_queries",294912,294940,294915
"Tesla K80 (0)","convolutionColumnsKernel(float*, float*, int, int, int)",17,"l2_subp1_write_l1_sector_queries",294912,294936,294913
"Tesla K80 (0)","convolutionColumnsKernel(float*, float*, int, int, int)",17,"l2_subp2_write_l1_sector_queries",294912,294944,294916
"Tesla K80 (0)","convolutionColumnsKernel(float*, float*, int, int, int)",17,"l2_subp3_write_l1_sector_queries",294912,294932,294913
"Tesla K80 (0)","convolutionColumnsKernel(float*, float*, int, int, int)",17,"l2_subp0_read_l1_sector_queries",367104,367104,367104
"Tesla K80 (0)","convolutionColumnsKernel(float*, float*, int, int, int)",17,"l2_subp1_read_l1_sector_queries",367104,367104,367104
"Tesla K80 (0)","convolutionColumnsKernel(float*, float*, int, int, int)",17,"l2_subp2_read_l1_sector_queries",367104,367104,367104
"Tesla K80 (0)","convolutionColumnsKernel(float*, float*, int, int, int)",17,"l2_subp3_read_l1_sector_queries",367104,367104,367104
"Tesla K80 (0)","convolutionColumnsKernel(float*, float*, int, int, int)",17,"l2_subp0_read_l1_hit_sectors",42506,44244,43161
"Tesla K80 (0)","convolutionColumnsKernel(float*, float*, int, int, int)",17,"l2_subp1_read_l1_hit_sectors",42536,44284,43428
"Tesla K80 (0)","convolutionColumnsKernel(float*, float*, int, int, int)",17,"l2_subp2_read_l1_hit_sectors",42514,44278,43368
"Tesla K80 (0)","convolutionColumnsKernel(float*, float*, int, int, int)",17,"l2_subp3_read_l1_hit_sectors",42156,43642,43086
"Tesla K80 (0)","convolutionColumnsKernel(float*, float*, int, int, int)",17,"l2_subp0_read_tex_sector_queries",0,0,0
"Tesla K80 (0)","convolutionColumnsKernel(float*, float*, int, int, int)",17,"l2_subp1_read_tex_sector_queries",0,0,0
"Tesla K80 (0)","convolutionColumnsKernel(float*, float*, int, int, int)",17,"l2_subp2_read_tex_sector_queries",0,0,0
"Tesla K80 (0)","convolutionColumnsKernel(float*, float*, int, int, int)",17,"l2_subp3_read_tex_sector_queries",0,0,0
"Tesla K80 (0)","convolutionColumnsKernel(float*, float*, int, int, int)",17,"l2_subp0_read_tex_hit_sectors",0,0,0
"Tesla K80 (0)","convolutionColumnsKernel(float*, float*, int, int, int)",17,"l2_subp1_read_tex_hit_sectors",0,0,0
"Tesla K80 (0)","convolutionColumnsKernel(float*, float*, int, int, int)",17,"l2_subp2_read_tex_hit_sectors",0,0,0
"Tesla K80 (0)","convolutionColumnsKernel(float*, float*, int, int, int)",17,"l2_subp3_read_tex_hit_sectors",0,0,0
"Tesla K80 (0)","convolutionColumnsKernel(float*, float*, int, int, int)",17,"rocache_subp0_gld_thread_count_32b",0,0,0
"Tesla K80 (0)","convolutionColumnsKernel(float*, float*, int, int, int)",17,"rocache_subp1_gld_thread_count_32b",0,0,0
"Tesla K80 (0)","convolutionColumnsKernel(float*, float*, int, int, int)",17,"rocache_subp2_gld_thread_count_32b",0,0,0
"Tesla K80 (0)","convolutionColumnsKernel(float*, float*, int, int, int)",17,"rocache_subp3_gld_thread_count_32b",0,0,0
"Tesla K80 (0)","convolutionColumnsKernel(float*, float*, int, int, int)",17,"rocache_subp0_gld_thread_count_64b",0,0,0
"Tesla K80 (0)","convolutionColumnsKernel(float*, float*, int, int, int)",17,"rocache_subp1_gld_thread_count_64b",0,0,0
"Tesla K80 (0)","convolutionColumnsKernel(float*, float*, int, int, int)",17,"rocache_subp2_gld_thread_count_64b",0,0,0
"Tesla K80 (0)","convolutionColumnsKernel(float*, float*, int, int, int)",17,"rocache_subp3_gld_thread_count_64b",0,0,0
"Tesla K80 (0)","convolutionColumnsKernel(float*, float*, int, int, int)",17,"rocache_subp0_gld_thread_count_128b",0,0,0
"Tesla K80 (0)","convolutionColumnsKernel(float*, float*, int, int, int)",17,"rocache_subp1_gld_thread_count_128b",0,0,0
"Tesla K80 (0)","convolutionColumnsKernel(float*, float*, int, int, int)",17,"rocache_subp2_gld_thread_count_128b",0,0,0
"Tesla K80 (0)","convolutionColumnsKernel(float*, float*, int, int, int)",17,"rocache_subp3_gld_thread_count_128b",0,0,0
"Tesla K80 (0)","convolutionColumnsKernel(float*, float*, int, int, int)",17,"rocache_subp0_gld_warp_count_32b",0,0,0
"Tesla K80 (0)","convolutionColumnsKernel(float*, float*, int, int, int)",17,"rocache_subp1_gld_warp_count_32b",0,0,0
"Tesla K80 (0)","convolutionColumnsKernel(float*, float*, int, int, int)",17,"rocache_subp2_gld_warp_count_32b",0,0,0
"Tesla K80 (0)","convolutionColumnsKernel(float*, float*, int, int, int)",17,"rocache_subp3_gld_warp_count_32b",0,0,0
"Tesla K80 (0)","convolutionColumnsKernel(float*, float*, int, int, int)",17,"rocache_subp0_gld_warp_count_64b",0,0,0
"Tesla K80 (0)","convolutionColumnsKernel(float*, float*, int, int, int)",17,"rocache_subp1_gld_warp_count_64b",0,0,0
"Tesla K80 (0)","convolutionColumnsKernel(float*, float*, int, int, int)",17,"rocache_subp2_gld_warp_count_64b",0,0,0
"Tesla K80 (0)","convolutionColumnsKernel(float*, float*, int, int, int)",17,"rocache_subp3_gld_warp_count_64b",0,0,0
"Tesla K80 (0)","convolutionColumnsKernel(float*, float*, int, int, int)",17,"rocache_subp0_gld_warp_count_128b",0,0,0
"Tesla K80 (0)","convolutionColumnsKernel(float*, float*, int, int, int)",17,"rocache_subp1_gld_warp_count_128b",0,0,0
"Tesla K80 (0)","convolutionColumnsKernel(float*, float*, int, int, int)",17,"rocache_subp2_gld_warp_count_128b",0,0,0
"Tesla K80 (0)","convolutionColumnsKernel(float*, float*, int, int, int)",17,"rocache_subp3_gld_warp_count_128b",0,0,0
"Tesla K80 (0)","convolutionColumnsKernel(float*, float*, int, int, int)",17,"l2_subp0_read_sysmem_sector_queries",0,0,0
"Tesla K80 (0)","convolutionColumnsKernel(float*, float*, int, int, int)",17,"l2_subp1_read_sysmem_sector_queries",0,0,0
"Tesla K80 (0)","convolutionColumnsKernel(float*, float*, int, int, int)",17,"l2_subp2_read_sysmem_sector_queries",0,0,0
"Tesla K80 (0)","convolutionColumnsKernel(float*, float*, int, int, int)",17,"l2_subp3_read_sysmem_sector_queries",0,0,0
"Tesla K80 (0)","convolutionColumnsKernel(float*, float*, int, int, int)",17,"l2_subp0_write_sysmem_sector_queries",0,5,1
"Tesla K80 (0)","convolutionColumnsKernel(float*, float*, int, int, int)",17,"l2_subp1_write_sysmem_sector_queries",0,5,1
"Tesla K80 (0)","convolutionColumnsKernel(float*, float*, int, int, int)",17,"l2_subp2_write_sysmem_sector_queries",0,4,1
"Tesla K80 (0)","convolutionColumnsKernel(float*, float*, int, int, int)",17,"l2_subp3_write_sysmem_sector_queries",0,4,0
"Tesla K80 (0)","convolutionColumnsKernel(float*, float*, int, int, int)",17,"l2_subp0_total_read_sector_queries",367144,367952,367275
"Tesla K80 (0)","convolutionColumnsKernel(float*, float*, int, int, int)",17,"l2_subp1_total_read_sector_queries",367144,367455,367197
"Tesla K80 (0)","convolutionColumnsKernel(float*, float*, int, int, int)",17,"l2_subp2_total_read_sector_queries",367124,367948,367230
"Tesla K80 (0)","convolutionColumnsKernel(float*, float*, int, int, int)",17,"l2_subp3_total_read_sector_queries",367124,367247,367159
"Tesla K80 (0)","convolutionColumnsKernel(float*, float*, int, int, int)",17,"l2_subp0_total_write_sector_queries",294912,294950,294920
"Tesla K80 (0)","convolutionColumnsKernel(float*, float*, int, int, int)",17,"l2_subp1_total_write_sector_queries",294913,294942,294916
"Tesla K80 (0)","convolutionColumnsKernel(float*, float*, int, int, int)",17,"l2_subp2_total_write_sector_queries",294913,294952,294919
"Tesla K80 (0)","convolutionColumnsKernel(float*, float*, int, int, int)",17,"l2_subp3_total_write_sector_queries",294914,294920,294916
"Tesla K80 (0)","convolutionColumnsKernel(float*, float*, int, int, int)",17,"elapsed_cycles_sm",9600623,9616098,9609843
"Tesla K80 (0)","convolutionColumnsKernel(float*, float*, int, int, int)",17,"gld_inst_8bit",0,0,0
"Tesla K80 (0)","convolutionColumnsKernel(float*, float*, int, int, int)",17,"gld_inst_16bit",0,0,0
"Tesla K80 (0)","convolutionColumnsKernel(float*, float*, int, int, int)",17,"gld_inst_32bit",11747328,11747328,11747328
"Tesla K80 (0)","convolutionColumnsKernel(float*, float*, int, int, int)",17,"gld_inst_64bit",0,0,0
"Tesla K80 (0)","convolutionColumnsKernel(float*, float*, int, int, int)",17,"gld_inst_128bit",0,0,0
"Tesla K80 (0)","convolutionColumnsKernel(float*, float*, int, int, int)",17,"gst_inst_8bit",0,0,0
"Tesla K80 (0)","convolutionColumnsKernel(float*, float*, int, int, int)",17,"gst_inst_16bit",0,0,0
"Tesla K80 (0)","convolutionColumnsKernel(float*, float*, int, int, int)",17,"gst_inst_32bit",9437184,9437184,9437184
"Tesla K80 (0)","convolutionColumnsKernel(float*, float*, int, int, int)",17,"gst_inst_64bit",0,0,0
"Tesla K80 (0)","convolutionColumnsKernel(float*, float*, int, int, int)",17,"gst_inst_128bit",0,0,0
"Tesla K80 (0)","convolutionColumnsKernel(float*, float*, int, int, int)",17,"rocache_gld_inst_8bit",0,0,0
"Tesla K80 (0)","convolutionColumnsKernel(float*, float*, int, int, int)",17,"rocache_gld_inst_16bit",0,0,0
"Tesla K80 (0)","convolutionColumnsKernel(float*, float*, int, int, int)",17,"rocache_gld_inst_32bit",0,0,0
"Tesla K80 (0)","convolutionColumnsKernel(float*, float*, int, int, int)",17,"rocache_gld_inst_64bit",0,0,0
"Tesla K80 (0)","convolutionColumnsKernel(float*, float*, int, int, int)",17,"rocache_gld_inst_128bit",0,0,0
"Tesla K80 (0)","convolutionColumnsKernel(float*, float*, int, int, int)",17,"prof_trigger_00",0,0,0
"Tesla K80 (0)","convolutionColumnsKernel(float*, float*, int, int, int)",17,"prof_trigger_01",0,0,0
"Tesla K80 (0)","convolutionColumnsKernel(float*, float*, int, int, int)",17,"prof_trigger_02",0,0,0
"Tesla K80 (0)","convolutionColumnsKernel(float*, float*, int, int, int)",17,"prof_trigger_03",0,0,0
"Tesla K80 (0)","convolutionColumnsKernel(float*, float*, int, int, int)",17,"prof_trigger_04",0,0,0
"Tesla K80 (0)","convolutionColumnsKernel(float*, float*, int, int, int)",17,"prof_trigger_05",0,0,0
"Tesla K80 (0)","convolutionColumnsKernel(float*, float*, int, int, int)",17,"prof_trigger_06",0,0,0
"Tesla K80 (0)","convolutionColumnsKernel(float*, float*, int, int, int)",17,"prof_trigger_07",0,0,0
"Tesla K80 (0)","convolutionColumnsKernel(float*, float*, int, int, int)",17,"atom_cas_count",0,0,0
"Tesla K80 (0)","convolutionColumnsKernel(float*, float*, int, int, int)",17,"warps_launched",36864,36864,36864
"Tesla K80 (0)","convolutionColumnsKernel(float*, float*, int, int, int)",17,"threads_launched",1179648,1179648,1179648
"Tesla K80 (0)","convolutionColumnsKernel(float*, float*, int, int, int)",17,"inst_executed",11453952,11453952,11453952
"Tesla K80 (0)","convolutionColumnsKernel(float*, float*, int, int, int)",17,"inst_issued1",9353255,9356300,9355022
"Tesla K80 (0)","convolutionColumnsKernel(float*, float*, int, int, int)",17,"inst_issued2",3328607,3329548,3329045
"Tesla K80 (0)","convolutionColumnsKernel(float*, float*, int, int, int)",17,"thread_inst_executed",366526464,366526464,366526464
"Tesla K80 (0)","convolutionColumnsKernel(float*, float*, int, int, int)",17,"shared_load",2691072,2691072,2691072
"Tesla K80 (0)","convolutionColumnsKernel(float*, float*, int, int, int)",17,"shared_store",368640,368640,368640
"Tesla K80 (0)","convolutionColumnsKernel(float*, float*, int, int, int)",17,"local_load",0,0,0
"Tesla K80 (0)","convolutionColumnsKernel(float*, float*, int, int, int)",17,"local_store",0,0,0
"Tesla K80 (0)","convolutionColumnsKernel(float*, float*, int, int, int)",17,"gld_request",367104,367104,367104
"Tesla K80 (0)","convolutionColumnsKernel(float*, float*, int, int, int)",17,"gst_request",294912,294912,294912
"Tesla K80 (0)","convolutionColumnsKernel(float*, float*, int, int, int)",17,"active_cycles",9542483,9551177,9547214
"Tesla K80 (0)","convolutionColumnsKernel(float*, float*, int, int, int)",17,"active_warps",590326836,591487708,591005533
"Tesla K80 (0)","convolutionColumnsKernel(float*, float*, int, int, int)",17,"sm_cta_launched",9216,9216,9216
"Tesla K80 (0)","convolutionColumnsKernel(float*, float*, int, int, int)",17,"not_predicated_off_thread_inst_executed",364216320,364216320,364216320
"Tesla K80 (0)","convolutionColumnsKernel(float*, float*, int, int, int)",17,"l1_local_load_hit",0,0,0
"Tesla K80 (0)","convolutionColumnsKernel(float*, float*, int, int, int)",17,"l1_local_load_miss",0,0,0
"Tesla K80 (0)","convolutionColumnsKernel(float*, float*, int, int, int)",17,"l1_local_store_hit",0,0,0
"Tesla K80 (0)","convolutionColumnsKernel(float*, float*, int, int, int)",17,"l1_local_store_miss",0,0,0
"Tesla K80 (0)","convolutionColumnsKernel(float*, float*, int, int, int)",17,"l1_global_load_hit",0,0,0
"Tesla K80 (0)","convolutionColumnsKernel(float*, float*, int, int, int)",17,"l1_global_load_miss",0,0,0
"Tesla K80 (0)","convolutionColumnsKernel(float*, float*, int, int, int)",17,"uncached_global_load_transaction",734208,734208,734208
"Tesla K80 (0)","convolutionColumnsKernel(float*, float*, int, int, int)",17,"global_store_transaction",589824,589824,589824
"Tesla K80 (0)","convolutionColumnsKernel(float*, float*, int, int, int)",17,"shared_load_replay",2691072,2691072,2691072
"Tesla K80 (0)","convolutionColumnsKernel(float*, float*, int, int, int)",17,"shared_store_replay",368640,368640,368640
"Tesla K80 (0)","convolutionColumnsKernel(float*, float*, int, int, int)",17,"global_ld_mem_divergence_replays",367104,367104,367104
"Tesla K80 (0)","convolutionColumnsKernel(float*, float*, int, int, int)",17,"global_st_mem_divergence_replays",294912,294912,294912
"Tesla K80 (0)","convolutionColumnsKernel(float*, float*, int, int, int)",17,"local_load_transactions",0,0,0
"Tesla K80 (0)","convolutionColumnsKernel(float*, float*, int, int, int)",17,"local_store_transactions",0,0,0
"Tesla K80 (0)","convolutionColumnsKernel(float*, float*, int, int, int)",17,"l1_shared_load_transactions",5382144,5382144,5382144
"Tesla K80 (0)","convolutionColumnsKernel(float*, float*, int, int, int)",17,"l1_shared_store_transactions",737280,737335,737290
"Tesla K80 (0)","convolutionColumnsKernel(float*, float*, int, int, int)",17,"__l1_global_load_transactions",736102,738154,737077
"Tesla K80 (0)","convolutionColumnsKernel(float*, float*, int, int, int)",17,"__l1_global_store_transactions",589824,589824,589824
"Tesla K80 (0)","convolutionColumnsKernel(float*, float*, int, int, int)",17,"atom_count",0,0,0
"Tesla K80 (0)","convolutionColumnsKernel(float*, float*, int, int, int)",17,"gred_count",0,0,0
"Tesla K80 (0)","convolutionRowsKernel(float*, int, int, int)",17,"tex0_cache_sector_queries",730888,731728,731184
"Tesla K80 (0)","convolutionRowsKernel(float*, int, int, int)",17,"tex1_cache_sector_queries",730808,731368,731094
"Tesla K80 (0)","convolutionRowsKernel(float*, int, int, int)",17,"tex2_cache_sector_queries",730544,731384,731087
"Tesla K80 (0)","convolutionRowsKernel(float*, int, int, int)",17,"tex3_cache_sector_queries",730904,731464,731177
"Tesla K80 (0)","convolutionRowsKernel(float*, int, int, int)",17,"tex0_cache_sector_misses",365440,365708,365573
"Tesla K80 (0)","convolutionRowsKernel(float*, int, int, int)",17,"tex1_cache_sector_misses",365324,365788,365566
"Tesla K80 (0)","convolutionRowsKernel(float*, int, int, int)",17,"tex2_cache_sector_misses",365428,365696,365562
"Tesla K80 (0)","convolutionRowsKernel(float*, int, int, int)",17,"tex3_cache_sector_misses",365348,365812,365569
"Tesla K80 (0)","convolutionRowsKernel(float*, int, int, int)",17,"fb_subp0_read_sectors",797034,797656,797242
"Tesla K80 (0)","convolutionRowsKernel(float*, int, int, int)",17,"fb_subp1_read_sectors",796944,797600,797184
"Tesla K80 (0)","convolutionRowsKernel(float*, int, int, int)",17,"fb_subp0_write_sectors",755072,755750,755337
"Tesla K80 (0)","convolutionRowsKernel(float*, int, int, int)",17,"fb_subp1_write_sectors",754923,755684,755318
"Tesla K80 (0)","convolutionRowsKernel(float*, int, int, int)",17,"l2_subp0_write_sector_misses",294912,294914,294912
"Tesla K80 (0)","convolutionRowsKernel(float*, int, int, int)",17,"l2_subp1_write_sector_misses",294913,294915,294913
"Tesla K80 (0)","convolutionRowsKernel(float*, int, int, int)",17,"l2_subp2_write_sector_misses",294912,294915,294913
"Tesla K80 (0)","convolutionRowsKernel(float*, int, int, int)",17,"l2_subp3_write_sector_misses",294914,294917,294915
"Tesla K80 (0)","convolutionRowsKernel(float*, int, int, int)",17,"l2_subp0_read_sector_misses",294917,294947,294929
"Tesla K80 (0)","convolutionRowsKernel(float*, int, int, int)",17,"l2_subp1_read_sector_misses",294915,294948,294929
"Tesla K80 (0)","convolutionRowsKernel(float*, int, int, int)",17,"l2_subp2_read_sector_misses",294916,295092,294935
"Tesla K80 (0)","convolutionRowsKernel(float*, int, int, int)",17,"l2_subp3_read_sector_misses",294918,295112,294951
"Tesla K80 (0)","convolutionRowsKernel(float*, int, int, int)",17,"l2_subp0_write_l1_sector_queries",294912,294912,294912
"Tesla K80 (0)","convolutionRowsKernel(float*, int, int, int)",17,"l2_subp1_write_l1_sector_queries",294912,294912,294912
"Tesla K80 (0)","convolutionRowsKernel(float*, int, int, int)",17,"l2_subp2_write_l1_sector_queries",294912,294912,294912
"Tesla K80 (0)","convolutionRowsKernel(float*, int, int, int)",17,"l2_subp3_write_l1_sector_queries",294912,294912,294912
"Tesla K80 (0)","convolutionRowsKernel(float*, int, int, int)",17,"l2_subp0_read_l1_sector_queries",0,0,0
"Tesla K80 (0)","convolutionRowsKernel(float*, int, int, int)",17,"l2_subp1_read_l1_sector_queries",0,0,0
"Tesla K80 (0)","convolutionRowsKernel(float*, int, int, int)",17,"l2_subp2_read_l1_sector_queries",0,0,0
"Tesla K80 (0)","convolutionRowsKernel(float*, int, int, int)",17,"l2_subp3_read_l1_sector_queries",0,0,0
"Tesla K80 (0)","convolutionRowsKernel(float*, int, int, int)",17,"l2_subp0_read_l1_hit_sectors",0,0,0
"Tesla K80 (0)","convolutionRowsKernel(float*, int, int, int)",17,"l2_subp1_read_l1_hit_sectors",0,0,0
"Tesla K80 (0)","convolutionRowsKernel(float*, int, int, int)",17,"l2_subp2_read_l1_hit_sectors",0,0,0
"Tesla K80 (0)","convolutionRowsKernel(float*, int, int, int)",17,"l2_subp3_read_l1_hit_sectors",0,0,0
"Tesla K80 (0)","convolutionRowsKernel(float*, int, int, int)",17,"l2_subp0_read_tex_sector_queries",365656,365656,365656
"Tesla K80 (0)","convolutionRowsKernel(float*, int, int, int)",17,"l2_subp1_read_tex_sector_queries",365494,365494,365494
"Tesla K80 (0)","convolutionRowsKernel(float*, int, int, int)",17,"l2_subp2_read_tex_sector_queries",365558,365558,365558
"Tesla K80 (0)","convolutionRowsKernel(float*, int, int, int)",17,"l2_subp3_read_tex_sector_queries",365564,365564,365564
"Tesla K80 (0)","convolutionRowsKernel(float*, int, int, int)",17,"l2_subp0_read_tex_hit_sectors",70744,70744,70744
"Tesla K80 (0)","convolutionRowsKernel(float*, int, int, int)",17,"l2_subp1_read_tex_hit_sectors",70582,70582,70582
"Tesla K80 (0)","convolutionRowsKernel(float*, int, int, int)",17,"l2_subp2_read_tex_hit_sectors",70646,70646,70646
"Tesla K80 (0)","convolutionRowsKernel(float*, int, int, int)",17,"l2_subp3_read_tex_hit_sectors",70652,70652,70652
"Tesla K80 (0)","convolutionRowsKernel(float*, int, int, int)",17,"rocache_subp0_gld_thread_count_32b",0,0,0
"Tesla K80 (0)","convolutionRowsKernel(float*, int, int, int)",17,"rocache_subp1_gld_thread_count_32b",0,0,0
"Tesla K80 (0)","convolutionRowsKernel(float*, int, int, int)",17,"rocache_subp2_gld_thread_count_32b",0,0,0
"Tesla K80 (0)","convolutionRowsKernel(float*, int, int, int)",17,"rocache_subp3_gld_thread_count_32b",0,0,0
"Tesla K80 (0)","convolutionRowsKernel(float*, int, int, int)",17,"rocache_subp0_gld_thread_count_64b",0,0,0
"Tesla K80 (0)","convolutionRowsKernel(float*, int, int, int)",17,"rocache_subp1_gld_thread_count_64b",0,0,0
"Tesla K80 (0)","convolutionRowsKernel(float*, int, int, int)",17,"rocache_subp2_gld_thread_count_64b",0,0,0
"Tesla K80 (0)","convolutionRowsKernel(float*, int, int, int)",17,"rocache_subp3_gld_thread_count_64b",0,0,0
"Tesla K80 (0)","convolutionRowsKernel(float*, int, int, int)",17,"rocache_subp0_gld_thread_count_128b",0,0,0
"Tesla K80 (0)","convolutionRowsKernel(float*, int, int, int)",17,"rocache_subp1_gld_thread_count_128b",0,0,0
"Tesla K80 (0)","convolutionRowsKernel(float*, int, int, int)",17,"rocache_subp2_gld_thread_count_128b",0,0,0
"Tesla K80 (0)","convolutionRowsKernel(float*, int, int, int)",17,"rocache_subp3_gld_thread_count_128b",0,0,0
"Tesla K80 (0)","convolutionRowsKernel(float*, int, int, int)",17,"rocache_subp0_gld_warp_count_32b",0,0,0
"Tesla K80 (0)","convolutionRowsKernel(float*, int, int, int)",17,"rocache_subp1_gld_warp_count_32b",0,0,0
"Tesla K80 (0)","convolutionRowsKernel(float*, int, int, int)",17,"rocache_subp2_gld_warp_count_32b",0,0,0
"Tesla K80 (0)","convolutionRowsKernel(float*, int, int, int)",17,"rocache_subp3_gld_warp_count_32b",0,0,0
"Tesla K80 (0)","convolutionRowsKernel(float*, int, int, int)",17,"rocache_subp0_gld_warp_count_64b",0,0,0
"Tesla K80 (0)","convolutionRowsKernel(float*, int, int, int)",17,"rocache_subp1_gld_warp_count_64b",0,0,0
"Tesla K80 (0)","convolutionRowsKernel(float*, int, int, int)",17,"rocache_subp2_gld_warp_count_64b",0,0,0
"Tesla K80 (0)","convolutionRowsKernel(float*, int, int, int)",17,"rocache_subp3_gld_warp_count_64b",0,0,0
"Tesla K80 (0)","convolutionRowsKernel(float*, int, int, int)",17,"rocache_subp0_gld_warp_count_128b",0,0,0
"Tesla K80 (0)","convolutionRowsKernel(float*, int, int, int)",17,"rocache_subp1_gld_warp_count_128b",0,0,0
"Tesla K80 (0)","convolutionRowsKernel(float*, int, int, int)",17,"rocache_subp2_gld_warp_count_128b",0,0,0
"Tesla K80 (0)","convolutionRowsKernel(float*, int, int, int)",17,"rocache_subp3_gld_warp_count_128b",0,0,0
"Tesla K80 (0)","convolutionRowsKernel(float*, int, int, int)",17,"l2_subp0_read_sysmem_sector_queries",0,0,0
"Tesla K80 (0)","convolutionRowsKernel(float*, int, int, int)",17,"l2_subp1_read_sysmem_sector_queries",0,0,0
"Tesla K80 (0)","convolutionRowsKernel(float*, int, int, int)",17,"l2_subp2_read_sysmem_sector_queries",0,0,0
"Tesla K80 (0)","convolutionRowsKernel(float*, int, int, int)",17,"l2_subp3_read_sysmem_sector_queries",0,0,0
"Tesla K80 (0)","convolutionRowsKernel(float*, int, int, int)",17,"l2_subp0_write_sysmem_sector_queries",0,5,1
"Tesla K80 (0)","convolutionRowsKernel(float*, int, int, int)",17,"l2_subp1_write_sysmem_sector_queries",0,5,1
"Tesla K80 (0)","convolutionRowsKernel(float*, int, int, int)",17,"l2_subp2_write_sysmem_sector_queries",0,5,1
"Tesla K80 (0)","convolutionRowsKernel(float*, int, int, int)",17,"l2_subp3_write_sysmem_sector_queries",0,4,1
"Tesla K80 (0)","convolutionRowsKernel(float*, int, int, int)",17,"l2_subp0_total_read_sector_queries",365701,366496,365790
"Tesla K80 (0)","convolutionRowsKernel(float*, int, int, int)",17,"l2_subp1_total_read_sector_queries",365534,366365,365635
"Tesla K80 (0)","convolutionRowsKernel(float*, int, int, int)",17,"l2_subp2_total_read_sector_queries",365578,365990,365661
"Tesla K80 (0)","convolutionRowsKernel(float*, int, int, int)",17,"l2_subp3_total_read_sector_queries",365589,366537,365711
"Tesla K80 (0)","convolutionRowsKernel(float*, int, int, int)",17,"l2_subp0_total_write_sector_queries",294912,294919,294914
"Tesla K80 (0)","convolutionRowsKernel(float*, int, int, int)",17,"l2_subp1_total_write_sector_queries",294913,294919,294915
"Tesla K80 (0)","convolutionRowsKernel(float*, int, int, int)",17,"l2_subp2_total_write_sector_queries",294912,294920,294915
"Tesla K80 (0)","convolutionRowsKernel(float*, int, int, int)",17,"l2_subp3_total_write_sector_queries",294914,294921,294916
"Tesla K80 (0)","convolutionRowsKernel(float*, int, int, int)",17,"elapsed_cycles_sm",11426309,11434414,11430435
"Tesla K80 (0)","convolutionRowsKernel(float*, int, int, int)",17,"gld_inst_8bit",0,0,0
"Tesla K80 (0)","convolutionRowsKernel(float*, int, int, int)",17,"gld_inst_16bit",0,0,0
"Tesla K80 (0)","convolutionRowsKernel(float*, int, int, int)",17,"gld_inst_32bit",0,0,0
"Tesla K80 (0)","convolutionRowsKernel(float*, int, int, int)",17,"gld_inst_64bit",0,0,0
"Tesla K80 (0)","convolutionRowsKernel(float*, int, int, int)",17,"gld_inst_128bit",0,0,0
"Tesla K80 (0)","convolutionRowsKernel(float*, int, int, int)",17,"gst_inst_8bit",0,0,0
"Tesla K80 (0)","convolutionRowsKernel(float*, int, int, int)",17,"gst_inst_16bit",0,0,0
"Tesla K80 (0)","convolutionRowsKernel(float*, int, int, int)",17,"gst_inst_32bit",9437184,9437184,9437184
"Tesla K80 (0)","convolutionRowsKernel(float*, int, int, int)",17,"gst_inst_64bit",0,0,0
"Tesla K80 (0)","convolutionRowsKernel(float*, int, int, int)",17,"gst_inst_128bit",0,0,0
"Tesla K80 (0)","convolutionRowsKernel(float*, int, int, int)",17,"rocache_gld_inst_8bit",0,0,0
"Tesla K80 (0)","convolutionRowsKernel(float*, int, int, int)",17,"rocache_gld_inst_16bit",0,0,0
"Tesla K80 (0)","convolutionRowsKernel(float*, int, int, int)",17,"rocache_gld_inst_32bit",0,0,0
"Tesla K80 (0)","convolutionRowsKernel(float*, int, int, int)",17,"rocache_gld_inst_64bit",0,0,0
"Tesla K80 (0)","convolutionRowsKernel(float*, int, int, int)",17,"rocache_gld_inst_128bit",0,0,0
"Tesla K80 (0)","convolutionRowsKernel(float*, int, int, int)",17,"prof_trigger_00",0,0,0
"Tesla K80 (0)","convolutionRowsKernel(float*, int, int, int)",17,"prof_trigger_01",0,0,0
"Tesla K80 (0)","convolutionRowsKernel(float*, int, int, int)",17,"prof_trigger_02",0,0,0
"Tesla K80 (0)","convolutionRowsKernel(float*, int, int, int)",17,"prof_trigger_03",0,0,0
"Tesla K80 (0)","convolutionRowsKernel(float*, int, int, int)",17,"prof_trigger_04",0,0,0
"Tesla K80 (0)","convolutionRowsKernel(float*, int, int, int)",17,"prof_trigger_05",0,0,0
"Tesla K80 (0)","convolutionRowsKernel(float*, int, int, int)",17,"prof_trigger_06",0,0,0
"Tesla K80 (0)","convolutionRowsKernel(float*, int, int, int)",17,"prof_trigger_07",0,0,0
"Tesla K80 (0)","convolutionRowsKernel(float*, int, int, int)",17,"atom_cas_count",0,0,0
"Tesla K80 (0)","convolutionRowsKernel(float*, int, int, int)",17,"warps_launched",36864,36864,36864
"Tesla K80 (0)","convolutionRowsKernel(float*, int, int, int)",17,"threads_launched",1179648,1179648,1179648
"Tesla K80 (0)","convolutionRowsKernel(float*, int, int, int)",17,"inst_executed",12275712,12275712,12275712
"Tesla K80 (0)","convolutionRowsKernel(float*, int, int, int)",17,"inst_issued1",12639831,12643014,12641023
"Tesla K80 (0)","convolutionRowsKernel(float*, int, int, int)",17,"inst_issued2",2845458,2846751,2845990
"Tesla K80 (0)","convolutionRowsKernel(float*, int, int, int)",17,"thread_inst_executed",392822784,392822784,392822784
"Tesla K80 (0)","convolutionRowsKernel(float*, int, int, int)",17,"shared_load",4755456,4755456,4755456
"Tesla K80 (0)","convolutionRowsKernel(float*, int, int, int)",17,"shared_store",368640,368640,368640
"Tesla K80 (0)","convolutionRowsKernel(float*, int, int, int)",17,"local_load",0,0,0
"Tesla K80 (0)","convolutionRowsKernel(float*, int, int, int)",17,"local_store",0,0,0
"Tesla K80 (0)","convolutionRowsKernel(float*, int, int, int)",17,"gld_request",0,0,0
"Tesla K80 (0)","convolutionRowsKernel(float*, int, int, int)",17,"gst_request",294912,294912,294912
"Tesla K80 (0)","convolutionRowsKernel(float*, int, int, int)",17,"active_cycles",11368234,11380147,11372992
"Tesla K80 (0)","convolutionRowsKernel(float*, int, int, int)",17,"active_warps",351979276,352567758,352174500
"Tesla K80 (0)","convolutionRowsKernel(float*, int, int, int)",17,"sm_cta_launched",18432,18432,18432
"Tesla K80 (0)","convolutionRowsKernel(float*, int, int, int)",17,"not_predicated_off_thread_inst_executed",392675328,392675328,392675328
"Tesla K80 (0)","convolutionRowsKernel(float*, int, int, int)",17,"l1_local_load_hit",0,0,0
"Tesla K80 (0)","convolutionRowsKernel(float*, int, int, int)",17,"l1_local_load_miss",0,0,0
"Tesla K80 (0)","convolutionRowsKernel(float*, int, int, int)",17,"l1_local_store_hit",0,0,0
"Tesla K80 (0)","convolutionRowsKernel(float*, int, int, int)",17,"l1_local_store_miss",0,0,0
"Tesla K80 (0)","convolutionRowsKernel(float*, int, int, int)",17,"l1_global_load_hit",0,0,0
"Tesla K80 (0)","convolutionRowsKernel(float*, int, int, int)",17,"l1_global_load_miss",0,0,0
"Tesla K80 (0)","convolutionRowsKernel(float*, int, int, int)",17,"uncached_global_load_transaction",0,0,0
"Tesla K80 (0)","convolutionRowsKernel(float*, int, int, int)",17,"global_store_transaction",589824,589824,589824
"Tesla K80 (0)","convolutionRowsKernel(float*, int, int, int)",17,"shared_load_replay",4755456,4755456,4755456
"Tesla K80 (0)","convolutionRowsKernel(float*, int, int, int)",17,"shared_store_replay",368640,368640,368640
"Tesla K80 (0)","convolutionRowsKernel(float*, int, int, int)",17,"global_ld_mem_divergence_replays",0,0,0
"Tesla K80 (0)","convolutionRowsKernel(float*, int, int, int)",17,"global_st_mem_divergence_replays",294912,294912,294912
"Tesla K80 (0)","convolutionRowsKernel(float*, int, int, int)",17,"local_load_transactions",0,0,0
"Tesla K80 (0)","convolutionRowsKernel(float*, int, int, int)",17,"local_store_transactions",0,0,0
"Tesla K80 (0)","convolutionRowsKernel(float*, int, int, int)",17,"l1_shared_load_transactions",9510912,9510912,9510912
"Tesla K80 (0)","convolutionRowsKernel(float*, int, int, int)",17,"l1_shared_store_transactions",737280,737280,737280
"Tesla K80 (0)","convolutionRowsKernel(float*, int, int, int)",17,"__l1_global_load_transactions",0,0,0
"Tesla K80 (0)","convolutionRowsKernel(float*, int, int, int)",17,"__l1_global_store_transactions",589824,589824,589824
"Tesla K80 (0)","convolutionRowsKernel(float*, int, int, int)",17,"atom_count",0,0,0
"Tesla K80 (0)","convolutionRowsKernel(float*, int, int, int)",17,"gred_count",0,0,0

==12438== Metric result:
"Device","Kernel","Invocations","Metric Name","Metric Description","Min","Max","Avg"
"Tesla K80 (0)","convolutionColumnsKernel(float*, float*, int, int, int)",17,"l1_cache_global_hit_rate","L1 Global Hit Rate",0.000000%,0.000000%,0.000000%
"Tesla K80 (0)","convolutionColumnsKernel(float*, float*, int, int, int)",17,"l1_cache_local_hit_rate","L1 Local Hit Rate",0.000000%,0.000000%,0.000000%
"Tesla K80 (0)","convolutionColumnsKernel(float*, float*, int, int, int)",17,"sm_efficiency","Multiprocessor Activity",99.301265%,99.423371%,99.350942%
"Tesla K80 (0)","convolutionColumnsKernel(float*, float*, int, int, int)",17,"ipc","Executed IPC",1.199238,1.200198,1.199667
"Tesla K80 (0)","convolutionColumnsKernel(float*, float*, int, int, int)",17,"achieved_occupancy","Achieved Occupancy",0.966102,0.968316,0.967266
"Tesla K80 (0)","convolutionColumnsKernel(float*, float*, int, int, int)",17,"gld_requested_throughput","Requested Global Load Throughput",35.264447GB/s,35.281738GB/s,35.273338GB/s
"Tesla K80 (0)","convolutionColumnsKernel(float*, float*, int, int, int)",17,"gst_requested_throughput","Requested Global Store Throughput",28.329598GB/s,28.343488GB/s,28.336740GB/s
"Tesla K80 (0)","convolutionColumnsKernel(float*, float*, int, int, int)",17,"sm_efficiency_instance","Multiprocessor Activity",99.301265%,99.423371%,99.350942%
"Tesla K80 (0)","convolutionColumnsKernel(float*, float*, int, int, int)",17,"ipc_instance","Executed IPC",1.199238,1.200198,1.199667
"Tesla K80 (0)","convolutionColumnsKernel(float*, float*, int, int, int)",17,"inst_replay_overhead","Instruction Replay Overhead",0.397827,0.398204,0.398043
"Tesla K80 (0)","convolutionColumnsKernel(float*, float*, int, int, int)",17,"shared_replay_overhead","Shared Memory Replay Overhead",0.267132,0.267132,0.267132
"Tesla K80 (0)","convolutionColumnsKernel(float*, float*, int, int, int)",17,"global_replay_overhead","Global Memory Replay Overhead",0.057798,0.057798,0.057798
"Tesla K80 (0)","convolutionColumnsKernel(float*, float*, int, int, int)",17,"global_cache_replay_overhead","Global Memory Cache Replay Overhead",0.000000,0.000000,0.000000
"Tesla K80 (0)","convolutionColumnsKernel(float*, float*, int, int, int)",17,"tex_cache_hit_rate","Texture Cache Hit Rate",0.000000%,0.000000%,0.000000%
"Tesla K80 (0)","convolutionColumnsKernel(float*, float*, int, int, int)",17,"tex_cache_throughput","Texture Cache Throughput",0.000000B/s,0.000000B/s,0.000000B/s
"Tesla K80 (0)","convolutionColumnsKernel(float*, float*, int, int, int)",17,"dram_read_throughput","Device Memory Read Throughput",46.262055GB/s,46.447191GB/s,46.325414GB/s
"Tesla K80 (0)","convolutionColumnsKernel(float*, float*, int, int, int)",17,"dram_write_throughput","Device Memory Write Throughput",37.123463GB/s,37.210118GB/s,37.163758GB/s
"Tesla K80 (0)","convolutionColumnsKernel(float*, float*, int, int, int)",17,"gst_throughput","Global Store Throughput",28.329598GB/s,28.343488GB/s,28.336740GB/s
"Tesla K80 (0)","convolutionColumnsKernel(float*, float*, int, int, int)",17,"gld_throughput","Global Load Throughput",35.264447GB/s,35.281738GB/s,35.273338GB/s
"Tesla K80 (0)","convolutionColumnsKernel(float*, float*, int, int, int)",17,"local_replay_overhead","Local Memory Cache Replay Overhead",0.000000,0.000000,0.000000
"Tesla K80 (0)","convolutionColumnsKernel(float*, float*, int, int, int)",17,"shared_efficiency","Shared Memory Efficiency",24.999775%,25.000000%,24.999958%
"Tesla K80 (0)","convolutionColumnsKernel(float*, float*, int, int, int)",17,"gld_efficiency","Global Memory Load Efficiency",100.000000%,100.000000%,100.000000%
"Tesla K80 (0)","convolutionColumnsKernel(float*, float*, int, int, int)",17,"gst_efficiency","Global Memory Store Efficiency",100.000000%,100.000000%,100.000000%
"Tesla K80 (0)","convolutionColumnsKernel(float*, float*, int, int, int)",17,"l2_l1_read_hit_rate","L2 Hit Rate (L1 Reads)",11.696549%,11.857539%,11.784431%
"Tesla K80 (0)","convolutionColumnsKernel(float*, float*, int, int, int)",17,"l2_texture_read_hit_rate","L2 Hit Rate (Texture Reads)",0.000000%,0.000000%,0.000000%
"Tesla K80 (0)","convolutionColumnsKernel(float*, float*, int, int, int)",17,"l2_l1_read_throughput","L2 Throughput (L1 Reads)",35.264447GB/s,35.281738GB/s,35.273338GB/s
"Tesla K80 (0)","convolutionColumnsKernel(float*, float*, int, int, int)",17,"l2_texture_read_throughput","L2 Throughput (Texture Reads)",0.000000B/s,0.000000B/s,0.000000B/s
"Tesla K80 (0)","convolutionColumnsKernel(float*, float*, int, int, int)",17,"local_memory_overhead","Local Memory Overhead",0.000000%,0.001511%,0.000444%
"Tesla K80 (0)","convolutionColumnsKernel(float*, float*, int, int, int)",17,"warp_execution_efficiency","Warp Execution Efficiency",100.000000%,100.000000%,100.000000%
"Tesla K80 (0)","convolutionColumnsKernel(float*, float*, int, int, int)",17,"nc_gld_requested_throughput","Requested Non-Coherent Global Load Throughput",0.000000B/s,0.000000B/s,0.000000B/s
"Tesla K80 (0)","convolutionColumnsKernel(float*, float*, int, int, int)",17,"issued_ipc","Issued IPC",1.676485,1.677828,1.677210
"Tesla K80 (0)","convolutionColumnsKernel(float*, float*, int, int, int)",17,"inst_per_warp","Instructions per warp",310.708333,310.708333,310.708333
"Tesla K80 (0)","convolutionColumnsKernel(float*, float*, int, int, int)",17,"issue_slot_utilization","Issue Slot Utilization",33.198198%,33.225134%,33.213171%
"Tesla K80 (0)","convolutionColumnsKernel(float*, float*, int, int, int)",17,"local_load_transactions_per_request","Local Memory Load Transactions Per Request",0.000000,0.000000,0.000000
"Tesla K80 (0)","convolutionColumnsKernel(float*, float*, int, int, int)",17,"local_store_transactions_per_request","Local Memory Store Transactions Per Request",0.000000,0.000000,0.000000
"Tesla K80 (0)","convolutionColumnsKernel(float*, float*, int, int, int)",17,"shared_load_transactions_per_request","Shared Memory Load Transactions Per Request",2.000000,2.000000,2.000000
"Tesla K80 (0)","convolutionColumnsKernel(float*, float*, int, int, int)",17,"shared_store_transactions_per_request","Shared Memory Store Transactions Per Request",2.000000,2.000168,2.000024
"Tesla K80 (0)","convolutionColumnsKernel(float*, float*, int, int, int)",17,"gld_transactions_per_request","Global Load Transactions Per Request",2.000000,2.000000,2.000000
"Tesla K80 (0)","convolutionColumnsKernel(float*, float*, int, int, int)",17,"gst_transactions_per_request","Global Store Transactions Per Request",2.000000,2.000000,2.000000
"Tesla K80 (0)","convolutionColumnsKernel(float*, float*, int, int, int)",17,"local_load_transactions","Local Load Transactions",0,0,0
"Tesla K80 (0)","convolutionColumnsKernel(float*, float*, int, int, int)",17,"local_store_transactions","Local Store Transactions",0,0,0
"Tesla K80 (0)","convolutionColumnsKernel(float*, float*, int, int, int)",17,"shared_load_transactions","Shared Load Transactions",5382144,5382144,5382144
"Tesla K80 (0)","convolutionColumnsKernel(float*, float*, int, int, int)",17,"shared_store_transactions","Shared Store Transactions",737280,737335,737290
"Tesla K80 (0)","convolutionColumnsKernel(float*, float*, int, int, int)",17,"gld_transactions","Global Load Transactions",734208,734208,734208
"Tesla K80 (0)","convolutionColumnsKernel(float*, float*, int, int, int)",17,"gst_transactions","Global Store Transactions",589824,589824,589824
"Tesla K80 (0)","convolutionColumnsKernel(float*, float*, int, int, int)",17,"sysmem_read_transactions","System Memory Read Transactions",0,0,0
"Tesla K80 (0)","convolutionColumnsKernel(float*, float*, int, int, int)",17,"sysmem_write_transactions","System Memory Write Transactions",1,9,4
"Tesla K80 (0)","convolutionColumnsKernel(float*, float*, int, int, int)",17,"tex_cache_transactions","Texture Cache Transactions",0,0,0
"Tesla K80 (0)","convolutionColumnsKernel(float*, float*, int, int, int)",17,"dram_read_transactions","Device Memory Read Transactions",1926018,1933344,1928509
"Tesla K80 (0)","convolutionColumnsKernel(float*, float*, int, int, int)",17,"dram_write_transactions","Device Memory Write Transactions",1545450,1548820,1547113
"Tesla K80 (0)","convolutionColumnsKernel(float*, float*, int, int, int)",17,"l2_read_transactions","L2 Read Transactions",1468541,1469506,1468863
"Tesla K80 (0)","convolutionColumnsKernel(float*, float*, int, int, int)",17,"l2_write_transactions","L2 Write Transactions",1179657,1179698,1179672
"Tesla K80 (0)","convolutionColumnsKernel(float*, float*, int, int, int)",17,"local_load_throughput","Local Memory Load Throughput",0.000000B/s,0.000000B/s,0.000000B/s
"Tesla K80 (0)","convolutionColumnsKernel(float*, float*, int, int, int)",17,"local_store_throughput","Local Memory Store Throughput",0.000000B/s,0.000000B/s,0.000000B/s
"Tesla K80 (0)","convolutionColumnsKernel(float*, float*, int, int, int)",17,"shared_load_throughput","Shared Memory Load Throughput",1.034030e+03GB/s,1.034537e+03GB/s,1.034291e+03GB/s
"Tesla K80 (0)","convolutionColumnsKernel(float*, float*, int, int, int)",17,"shared_store_throughput","Shared Memory Store Throughput",141.649143GB/s,141.718017GB/s,141.685656GB/s
"Tesla K80 (0)","convolutionColumnsKernel(float*, float*, int, int, int)",17,"l2_read_throughput","L2 Throughput (Reads)",35.275596GB/s,35.303869GB/s,35.284075GB/s
"Tesla K80 (0)","convolutionColumnsKernel(float*, float*, int, int, int)",17,"l2_write_throughput","L2 Throughput (Writes)",28.330775GB/s,28.344689GB/s,28.337332GB/s
"Tesla K80 (0)","convolutionColumnsKernel(float*, float*, int, int, int)",17,"sysmem_read_throughput","System Memory Read Throughput",0.000000B/s,0.000000B/s,0.000000B/s
"Tesla K80 (0)","convolutionColumnsKernel(float*, float*, int, int, int)",17,"sysmem_write_throughput","System Memory Write Throughput",24.015000KB/s,216.243000KB/s,107.393000KB/s
"Tesla K80 (0)","convolutionColumnsKernel(float*, float*, int, int, int)",17,"warp_nonpred_execution_efficiency","Warp Non-Predicated Execution Efficiency",99.369720%,99.369720%,99.369720%
"Tesla K80 (0)","convolutionColumnsKernel(float*, float*, int, int, int)",17,"cf_issued","Issued Control-Flow Instructions",209336,209885,209617
"Tesla K80 (0)","convolutionColumnsKernel(float*, float*, int, int, int)",17,"cf_executed","Executed Control-Flow Instructions",147456,147456,147456
"Tesla K80 (0)","convolutionColumnsKernel(float*, float*, int, int, int)",17,"ldst_issued","Issued Load/Store Instructions",7778634,7781897,7780505
"Tesla K80 (0)","convolutionColumnsKernel(float*, float*, int, int, int)",17,"ldst_executed","Executed Load/Store Instructions",3721728,3721728,3721728
"Tesla K80 (0)","convolutionColumnsKernel(float*, float*, int, int, int)",17,"flop_count_sp","Floating Point Operations(Single Precision)",320864256,320864256,320864256
"Tesla K80 (0)","convolutionColumnsKernel(float*, float*, int, int, int)",17,"flop_count_sp_add","Floating Point Operations(Single Precision Add)",0,0,0
"Tesla K80 (0)","convolutionColumnsKernel(float*, float*, int, int, int)",17,"flop_count_sp_mul","Floating Point Operation(Single Precision Mul)",0,0,0
"Tesla K80 (0)","convolutionColumnsKernel(float*, float*, int, int, int)",17,"flop_count_sp_fma","Floating Point Operations(Single Precision FMA)",160432128,160432128,160432128
"Tesla K80 (0)","convolutionColumnsKernel(float*, float*, int, int, int)",17,"flop_count_dp","Floating Point Operations(Double Precision)",0,0,0
"Tesla K80 (0)","convolutionColumnsKernel(float*, float*, int, int, int)",17,"flop_count_dp_add","Floating Point Operations(Double Precision Add)",0,0,0
"Tesla K80 (0)","convolutionColumnsKernel(float*, float*, int, int, int)",17,"flop_count_dp_mul","Floating Point Operations(Double Precision Mul)",0,0,0
"Tesla K80 (0)","convolutionColumnsKernel(float*, float*, int, int, int)",17,"flop_count_dp_fma","Floating Point Operations(Double Precison FMA)",0,0,0
"Tesla K80 (0)","convolutionColumnsKernel(float*, float*, int, int, int)",17,"flop_count_sp_special","Floating Point Operations(Single Precision Special)",0,0,0
"Tesla K80 (0)","convolutionColumnsKernel(float*, float*, int, int, int)",17,"stall_inst_fetch","Issue Stall Reasons (Instructions Fetch)",2.472698%,2.578494%,2.527203%
"Tesla K80 (0)","convolutionColumnsKernel(float*, float*, int, int, int)",17,"stall_exec_dependency","Issue Stall Reasons (Execution Dependency)",7.096071%,7.379664%,7.243368%
"Tesla K80 (0)","convolutionColumnsKernel(float*, float*, int, int, int)",17,"stall_memory_dependency","Issue Stall Reasons (Data Request)",3.028836%,3.144546%,3.102992%
"Tesla K80 (0)","convolutionColumnsKernel(float*, float*, int, int, int)",17,"stall_texture","Issue Stall Reasons (Texture)",0.000000%,0.000000%,0.000000%
"Tesla K80 (0)","convolutionColumnsKernel(float*, float*, int, int, int)",17,"stall_sync","Issue Stall Reasons (Synchronization)",7.721366%,10.454062%,8.557948%
"Tesla K80 (0)","convolutionColumnsKernel(float*, float*, int, int, int)",17,"stall_other","Issue Stall Reasons (Other)",1.464147%,1.534570%,1.501104%
"Tesla K80 (0)","convolutionColumnsKernel(float*, float*, int, int, int)",17,"l1_shared_utilization","L1/Shared Memory Utilization","High (7)","High (7)","High (7)"
"Tesla K80 (0)","convolutionColumnsKernel(float*, float*, int, int, int)",17,"l2_utilization","L2 Cache Utilization","Low (2)","Low (2)","Low (2)"
"Tesla K80 (0)","convolutionColumnsKernel(float*, float*, int, int, int)",17,"tex_utilization","Texture Cache Utilization","Idle (0)","Idle (0)","Idle (0)"
"Tesla K80 (0)","convolutionColumnsKernel(float*, float*, int, int, int)",17,"dram_utilization","Device Memory Utilization","Mid (4)","Mid (4)","Mid (4)"
"Tesla K80 (0)","convolutionColumnsKernel(float*, float*, int, int, int)",17,"sysmem_utilization","System Memory Utilization","Low (1)","Low (1)","Low (1)"
"Tesla K80 (0)","convolutionColumnsKernel(float*, float*, int, int, int)",17,"ldst_fu_utilization","Load/Store Function Unit Utilization","High (9)","High (9)","High (9)"
"Tesla K80 (0)","convolutionColumnsKernel(float*, float*, int, int, int)",17,"alu_fu_utilization","Arithmetic Function Unit Utilization","Low (2)","Low (2)","Low (2)"
"Tesla K80 (0)","convolutionColumnsKernel(float*, float*, int, int, int)",17,"cf_fu_utilization","Control-Flow Function Unit Utilization","Low (1)","Low (1)","Low (1)"
"Tesla K80 (0)","convolutionColumnsKernel(float*, float*, int, int, int)",17,"tex_fu_utilization","Texture Function Unit Utilization","Idle (0)","Idle (0)","Idle (0)"
"Tesla K80 (0)","convolutionColumnsKernel(float*, float*, int, int, int)",17,"inst_executed","Instructions Executed",11453952,11453952,11453952
"Tesla K80 (0)","convolutionColumnsKernel(float*, float*, int, int, int)",17,"inst_issued","Instructions Issued",16010649,16014957,16013114
"Tesla K80 (0)","convolutionColumnsKernel(float*, float*, int, int, int)",17,"issue_slots","Issue Slots",12682011,12685409,12684068
"Tesla K80 (0)","convolutionColumnsKernel(float*, float*, int, int, int)",17,"nc_l2_read_throughput","L2 Throughput (Non-Coherent Reads)",0.000000B/s,0.000000B/s,0.000000B/s
"Tesla K80 (0)","convolutionColumnsKernel(float*, float*, int, int, int)",17,"nc_l2_read_transactions","L2 Non-Coherent Read Transactions",0,0,0
"Tesla K80 (0)","convolutionColumnsKernel(float*, float*, int, int, int)",17,"nc_cache_global_hit_rate","Non-Coherent Global Hit Rate",0.000000%,0.000000%,0.000000%
"Tesla K80 (0)","convolutionColumnsKernel(float*, float*, int, int, int)",17,"nc_gld_throughput","Non-Coherent Global Memory Load Throughput",0.000000B/s,0.000000B/s,0.000000B/s
"Tesla K80 (0)","convolutionColumnsKernel(float*, float*, int, int, int)",17,"nc_gld_efficiency","Non-Coherent Global Load Efficiency",0.000000%,0.000000%,0.000000%
"Tesla K80 (0)","convolutionColumnsKernel(float*, float*, int, int, int)",17,"l2_atomic_throughput","L2 Throughput (Atomic requests)",0.000000B/s,0.000000B/s,0.000000B/s
"Tesla K80 (0)","convolutionColumnsKernel(float*, float*, int, int, int)",17,"inst_fp_32","FP Instructions(Single)",160432128,160432128,160432128
"Tesla K80 (0)","convolutionColumnsKernel(float*, float*, int, int, int)",17,"inst_fp_64","FP Instructions(Double)",0,0,0
"Tesla K80 (0)","convolutionColumnsKernel(float*, float*, int, int, int)",17,"inst_integer","Integer Instructions",69378048,69378048,69378048
"Tesla K80 (0)","convolutionColumnsKernel(float*, float*, int, int, int)",17,"inst_bit_convert","Bit-Convert Instructions",0,0,0
"Tesla K80 (0)","convolutionColumnsKernel(float*, float*, int, int, int)",17,"inst_control","Control-Flow Instructions",1228800,1228800,1228800
"Tesla K80 (0)","convolutionColumnsKernel(float*, float*, int, int, int)",17,"inst_compute_ld_st","Load/Store Instructions",119095296,119095296,119095296
"Tesla K80 (0)","convolutionColumnsKernel(float*, float*, int, int, int)",17,"inst_misc","Misc Instructions",14082048,14082048,14082048
"Tesla K80 (0)","convolutionColumnsKernel(float*, float*, int, int, int)",17,"inst_inter_thread_communication","Inter-Thread Instructions",0,0,0
"Tesla K80 (0)","convolutionColumnsKernel(float*, float*, int, int, int)",17,"atomic_replay_overhead","Atomic Replay Overhead",0.000000,0.000000,0.000000
"Tesla K80 (0)","convolutionColumnsKernel(float*, float*, int, int, int)",17,"atomic_transactions","Atomic Transactions",0,0,0
"Tesla K80 (0)","convolutionColumnsKernel(float*, float*, int, int, int)",17,"atomic_transactions_per_request","Atomic Transactions Per Request",0.000000,0.000000,0.000000
"Tesla K80 (0)","convolutionColumnsKernel(float*, float*, int, int, int)",17,"l2_l1_read_transactions","L2 Read Transactions (L1 read requests)",1468416,1468416,1468416
"Tesla K80 (0)","convolutionColumnsKernel(float*, float*, int, int, int)",17,"l2_l1_write_transactions","L2 Write Transactions (L1 write requests)",1179648,1179688,1179659
"Tesla K80 (0)","convolutionColumnsKernel(float*, float*, int, int, int)",17,"l2_tex_read_transactions","L2 Transactions (Texture Reads)",0,0,0
"Tesla K80 (0)","convolutionColumnsKernel(float*, float*, int, int, int)",17,"l2_l1_write_throughput","L2 Throughput (L1 Writes)",28.329598GB/s,28.344257GB/s,28.337023GB/s
"Tesla K80 (0)","convolutionColumnsKernel(float*, float*, int, int, int)",17,"l2_atomic_transactions","L2 Transactions (Atomic requests)",0,0,0
"Tesla K80 (0)","convolutionColumnsKernel(float*, float*, int, int, int)",17,"ecc_transactions","ECC Transactions",996380,1003328,1000371
"Tesla K80 (0)","convolutionColumnsKernel(float*, float*, int, int, int)",17,"ecc_throughput","ECC Throughput",23.932583GB/s,24.102610GB/s,24.030266GB/s
"Tesla K80 (0)","convolutionColumnsKernel(float*, float*, int, int, int)",17,"stall_pipe_busy","Issue Stall Reasons (Pipe Busy)",37.826597%,39.365206%,38.756880%
"Tesla K80 (0)","convolutionColumnsKernel(float*, float*, int, int, int)",17,"stall_constant_memory_dependency","Issue Stall Reasons (Immediate constant)",0.034058%,0.058659%,0.042291%
"Tesla K80 (0)","convolutionColumnsKernel(float*, float*, int, int, int)",17,"flop_sp_efficiency","FLOP Efficiency(Peak Single)",8.689429%,8.703435%,8.695086%
"Tesla K80 (0)","convolutionColumnsKernel(float*, float*, int, int, int)",17,"flop_dp_efficiency","FLOP Efficiency(Peak Double)",0.000000%,0.000000%,0.000000%
"Tesla K80 (0)","convolutionColumnsKernel(float*, float*, int, int, int)",17,"stall_memory_throttle","Issue Stall Reasons (Memory Throttle)",15.293219%,15.921217%,15.621942%
"Tesla K80 (0)","convolutionColumnsKernel(float*, float*, int, int, int)",17,"stall_not_selected","Issue Stall Reasons (Not Selected)",21.904011%,23.010897%,22.646272%
"Tesla K80 (0)","convolutionColumnsKernel(float*, float*, int, int, int)",17,"eligible_warps_per_cycle","Eligible Warps Per Active Cycle",14.538614,15.087237,14.814055
"Tesla K80 (0)","convolutionColumnsKernel(float*, float*, int, int, int)",17,"atomic_throughput","Atomic Throughput",0.000000B/s,0.000000B/s,0.000000B/s
"Tesla K80 (0)","convolutionRowsKernel(float*, int, int, int)",17,"l1_cache_global_hit_rate","L1 Global Hit Rate",0.000000%,0.000000%,0.000000%
"Tesla K80 (0)","convolutionRowsKernel(float*, int, int, int)",17,"l1_cache_local_hit_rate","L1 Local Hit Rate",0.000000%,0.000000%,0.000000%
"Tesla K80 (0)","convolutionRowsKernel(float*, int, int, int)",17,"sm_efficiency","Multiprocessor Activity",99.433535%,99.520580%,99.493510%
"Tesla K80 (0)","convolutionRowsKernel(float*, int, int, int)",17,"ipc","Executed IPC",1.079163,1.079810,1.079550
"Tesla K80 (0)","convolutionRowsKernel(float*, int, int, int)",17,"achieved_occupancy","Achieved Occupancy",0.483687,0.484079,0.483903
"Tesla K80 (0)","convolutionRowsKernel(float*, int, int, int)",17,"gld_requested_throughput","Requested Global Load Throughput",0.000000B/s,0.000000B/s,0.000000B/s
"Tesla K80 (0)","convolutionRowsKernel(float*, int, int, int)",17,"gst_requested_throughput","Requested Global Store Throughput",23.825602GB/s,23.832401GB/s,23.829509GB/s
"Tesla K80 (0)","convolutionRowsKernel(float*, int, int, int)",17,"sm_efficiency_instance","Multiprocessor Activity",99.433535%,99.520580%,99.493510%
"Tesla K80 (0)","convolutionRowsKernel(float*, int, int, int)",17,"ipc_instance","Executed IPC",1.079163,1.079810,1.079550
"Tesla K80 (0)","convolutionRowsKernel(float*, int, int, int)",17,"inst_replay_overhead","Instruction Replay Overhead",0.493265,0.493723,0.493437
"Tesla K80 (0)","convolutionRowsKernel(float*, int, int, int)",17,"shared_replay_overhead","Shared Memory Replay Overhead",0.417417,0.417417,0.417417
"Tesla K80 (0)","convolutionRowsKernel(float*, int, int, int)",17,"global_replay_overhead","Global Memory Replay Overhead",0.024024,0.024024,0.024024
"Tesla K80 (0)","convolutionRowsKernel(float*, int, int, int)",17,"global_cache_replay_overhead","Global Memory Cache Replay Overhead",0.000000,0.000000,0.000000
"Tesla K80 (0)","convolutionRowsKernel(float*, int, int, int)",17,"tex_cache_hit_rate","Texture Cache Hit Rate",50.000000%,50.000000%,50.000000%
"Tesla K80 (0)","convolutionRowsKernel(float*, int, int, int)",17,"tex_cache_throughput","Texture Cache Throughput",59.067639GB/s,59.084495GB/s,59.077325GB/s
"Tesla K80 (0)","convolutionRowsKernel(float*, int, int, int)",17,"dram_read_throughput","Device Memory Read Throughput",32.197972GB/s,32.224750GB/s,32.208261GB/s
"Tesla K80 (0)","convolutionRowsKernel(float*, int, int, int)",17,"dram_write_throughput","Device Memory Write Throughput",30.505208GB/s,30.524114GB/s,30.516043GB/s
"Tesla K80 (0)","convolutionRowsKernel(float*, int, int, int)",17,"gst_throughput","Global Store Throughput",23.825602GB/s,23.832401GB/s,23.829509GB/s
"Tesla K80 (0)","convolutionRowsKernel(float*, int, int, int)",17,"gld_throughput","Global Load Throughput",0.000000B/s,0.000000B/s,0.000000B/s
"Tesla K80 (0)","convolutionRowsKernel(float*, int, int, int)",17,"local_replay_overhead","Local Memory Cache Replay Overhead",0.000000,0.000000,0.000000
"Tesla K80 (0)","convolutionRowsKernel(float*, int, int, int)",17,"shared_efficiency","Shared Memory Efficiency",25.000000%,25.000000%,25.000000%
"Tesla K80 (0)","convolutionRowsKernel(float*, int, int, int)",17,"gld_efficiency","Global Memory Load Efficiency",0.000000%,0.000000%,0.000000%
"Tesla K80 (0)","convolutionRowsKernel(float*, int, int, int)",17,"gst_efficiency","Global Memory Store Efficiency",100.000000%,100.000000%,100.000000%
"Tesla K80 (0)","convolutionRowsKernel(float*, int, int, int)",17,"l2_l1_read_hit_rate","L2 Hit Rate (L1 Reads)",0.000000%,0.000000%,0.000000%
"Tesla K80 (0)","convolutionRowsKernel(float*, int, int, int)",17,"l2_texture_read_hit_rate","L2 Hit Rate (Texture Reads)",19.327731%,19.327731%,19.327731%
"Tesla K80 (0)","convolutionRowsKernel(float*, int, int, int)",17,"l2_l1_read_throughput","L2 Throughput (L1 Reads)",0.000000B/s,0.000000B/s,0.000000B/s
"Tesla K80 (0)","convolutionRowsKernel(float*, int, int, int)",17,"l2_texture_read_throughput","L2 Throughput (Texture Reads)",29.533819GB/s,29.542247GB/s,29.538662GB/s
"Tesla K80 (0)","convolutionRowsKernel(float*, int, int, int)",17,"local_memory_overhead","Local Memory Overhead",0.000000%,0.000000%,0.000000%
"Tesla K80 (0)","convolutionRowsKernel(float*, int, int, int)",17,"warp_execution_efficiency","Warp Execution Efficiency",100.000000%,100.000000%,100.000000%
"Tesla K80 (0)","convolutionRowsKernel(float*, int, int, int)",17,"nc_gld_requested_throughput","Requested Non-Coherent Global Load Throughput",0.000000B/s,0.000000B/s,0.000000B/s
"Tesla K80 (0)","convolutionRowsKernel(float*, int, int, int)",17,"issued_ipc","Issued IPC",1.610968,1.612468,1.612041
"Tesla K80 (0)","convolutionRowsKernel(float*, int, int, int)",17,"inst_per_warp","Instructions per warp",333.000000,333.000000,333.000000
"Tesla K80 (0)","convolutionRowsKernel(float*, int, int, int)",17,"issue_slot_utilization","Issue Slot Utilization",34.022545%,34.053303%,34.044754%
"Tesla K80 (0)","convolutionRowsKernel(float*, int, int, int)",17,"local_load_transactions_per_request","Local Memory Load Transactions Per Request",0.000000,0.000000,0.000000
"Tesla K80 (0)","convolutionRowsKernel(float*, int, int, int)",17,"local_store_transactions_per_request","Local Memory Store Transactions Per Request",0.000000,0.000000,0.000000
"Tesla K80 (0)","convolutionRowsKernel(float*, int, int, int)",17,"shared_load_transactions_per_request","Shared Memory Load Transactions Per Request",2.000000,2.000000,2.000000
"Tesla K80 (0)","convolutionRowsKernel(float*, int, int, int)",17,"shared_store_transactions_per_request","Shared Memory Store Transactions Per Request",2.000000,2.000000,2.000000
"Tesla K80 (0)","convolutionRowsKernel(float*, int, int, int)",17,"gld_transactions_per_request","Global Load Transactions Per Request",0.000000,0.000000,0.000000
"Tesla K80 (0)","convolutionRowsKernel(float*, int, int, int)",17,"gst_transactions_per_request","Global Store Transactions Per Request",2.000000,2.000000,2.000000
"Tesla K80 (0)","convolutionRowsKernel(float*, int, int, int)",17,"local_load_transactions","Local Load Transactions",0,0,0
"Tesla K80 (0)","convolutionRowsKernel(float*, int, int, int)",17,"local_store_transactions","Local Store Transactions",0,0,0
"Tesla K80 (0)","convolutionRowsKernel(float*, int, int, int)",17,"shared_load_transactions","Shared Load Transactions",9510912,9510912,9510912
"Tesla K80 (0)","convolutionRowsKernel(float*, int, int, int)",17,"shared_store_transactions","Shared Store Transactions",737280,737280,737280
"Tesla K80 (0)","convolutionRowsKernel(float*, int, int, int)",17,"gld_transactions","Global Load Transactions",0,0,0
"Tesla K80 (0)","convolutionRowsKernel(float*, int, int, int)",17,"gst_transactions","Global Store Transactions",589824,589824,589824
"Tesla K80 (0)","convolutionRowsKernel(float*, int, int, int)",17,"sysmem_read_transactions","System Memory Read Transactions",0,0,0
"Tesla K80 (0)","convolutionRowsKernel(float*, int, int, int)",17,"sysmem_write_transactions","System Memory Write Transactions",0,13,5
"Tesla K80 (0)","convolutionRowsKernel(float*, int, int, int)",17,"tex_cache_transactions","Texture Cache Transactions",2924544,2924544,2924544
"Tesla K80 (0)","convolutionRowsKernel(float*, int, int, int)",17,"dram_read_transactions","Device Memory Read Transactions",1594024,1595109,1594426
"Tesla K80 (0)","convolutionRowsKernel(float*, int, int, int)",17,"dram_write_transactions","Device Memory Write Transactions",1510156,1511045,1510655
"Tesla K80 (0)","convolutionRowsKernel(float*, int, int, int)",17,"l2_read_transactions","L2 Read Transactions",1462407,1463743,1462799
"Tesla K80 (0)","convolutionRowsKernel(float*, int, int, int)",17,"l2_write_transactions","L2 Write Transactions",1179658,1179667,1179661
"Tesla K80 (0)","convolutionRowsKernel(float*, int, int, int)",17,"local_load_throughput","Local Memory Load Throughput",0.000000B/s,0.000000B/s,0.000000B/s
"Tesla K80 (0)","convolutionRowsKernel(float*, int, int, int)",17,"local_store_throughput","Local Memory Store Throughput",0.000000B/s,0.000000B/s,0.000000B/s
"Tesla K80 (0)","convolutionRowsKernel(float*, int, int, int)",17,"shared_load_throughput","Shared Memory Load Throughput",1.536751e+03GB/s,1.537190e+03GB/s,1.537003e+03GB/s
"Tesla K80 (0)","convolutionRowsKernel(float*, int, int, int)",17,"shared_store_throughput","Shared Memory Store Throughput",119.128011GB/s,119.162006GB/s,119.147546GB/s
"Tesla K80 (0)","convolutionRowsKernel(float*, int, int, int)",17,"l2_read_throughput","L2 Throughput (Reads)",29.538990GB/s,29.568942GB/s,29.549308GB/s
"Tesla K80 (0)","convolutionRowsKernel(float*, int, int, int)",17,"l2_write_throughput","L2 Throughput (Writes)",23.825885GB/s,23.832623GB/s,23.829788GB/s
"Tesla K80 (0)","convolutionRowsKernel(float*, int, int, int)",17,"sysmem_read_throughput","System Memory Read Throughput",0.000000B/s,0.000000B/s,0.000000B/s
"Tesla K80 (0)","convolutionRowsKernel(float*, int, int, int)",17,"sysmem_write_throughput","System Memory Write Throughput",0.000000B/s,262.563000KB/s,116.449000KB/s
"Tesla K80 (0)","convolutionRowsKernel(float*, int, int, int)",17,"warp_nonpred_execution_efficiency","Warp Non-Predicated Execution Efficiency",99.962462%,99.962462%,99.962462%
"Tesla K80 (0)","convolutionRowsKernel(float*, int, int, int)",17,"cf_issued","Issued Control-Flow Instructions",506689,507296,506988
"Tesla K80 (0)","convolutionRowsKernel(float*, int, int, int)",17,"cf_executed","Executed Control-Flow Instructions",442368,442368,442368
"Tesla K80 (0)","convolutionRowsKernel(float*, int, int, int)",17,"ldst_issued","Issued Load/Store Instructions",11462344,11464789,11463465
"Tesla K80 (0)","convolutionRowsKernel(float*, int, int, int)",17,"ldst_executed","Executed Load/Store Instructions",5787648,5787648,5787648
"Tesla K80 (0)","convolutionRowsKernel(float*, int, int, int)",17,"flop_count_sp","Floating Point Operations(Single Precision)",320864256,320864256,320864256
"Tesla K80 (0)","convolutionRowsKernel(float*, int, int, int)",17,"flop_count_sp_add","Floating Point Operations(Single Precision Add)",0,0,0
"Tesla K80 (0)","convolutionRowsKernel(float*, int, int, int)",17,"flop_count_sp_mul","Floating Point Operation(Single Precision Mul)",0,0,0
"Tesla K80 (0)","convolutionRowsKernel(float*, int, int, int)",17,"flop_count_sp_fma","Floating Point Operations(Single Precision FMA)",160432128,160432128,160432128
"Tesla K80 (0)","convolutionRowsKernel(float*, int, int, int)",17,"flop_count_dp","Floating Point Operations(Double Precision)",0,0,0
"Tesla K80 (0)","convolutionRowsKernel(float*, int, int, int)",17,"flop_count_dp_add","Floating Point Operations(Double Precision Add)",0,0,0
"Tesla K80 (0)","convolutionRowsKernel(float*, int, int, int)",17,"flop_count_dp_mul","Floating Point Operations(Double Precision Mul)",0,0,0
"Tesla K80 (0)","convolutionRowsKernel(float*, int, int, int)",17,"flop_count_dp_fma","Floating Point Operations(Double Precison FMA)",0,0,0
"Tesla K80 (0)","convolutionRowsKernel(float*, int, int, int)",17,"flop_count_sp_special","Floating Point Operations(Single Precision Special)",0,0,0
"Tesla K80 (0)","convolutionRowsKernel(float*, int, int, int)",17,"stall_inst_fetch","Issue Stall Reasons (Instructions Fetch)",1.122379%,1.136700%,1.127103%
"Tesla K80 (0)","convolutionRowsKernel(float*, int, int, int)",17,"stall_exec_dependency","Issue Stall Reasons (Execution Dependency)",8.916386%,8.931436%,8.923377%
"Tesla K80 (0)","convolutionRowsKernel(float*, int, int, int)",17,"stall_memory_dependency","Issue Stall Reasons (Data Request)",3.222058%,3.257360%,3.240998%
"Tesla K80 (0)","convolutionRowsKernel(float*, int, int, int)",17,"stall_texture","Issue Stall Reasons (Texture)",0.294093%,0.305032%,0.296584%
"Tesla K80 (0)","convolutionRowsKernel(float*, int, int, int)",17,"stall_sync","Issue Stall Reasons (Synchronization)",4.386197%,4.507917%,4.435323%
"Tesla K80 (0)","convolutionRowsKernel(float*, int, int, int)",17,"stall_other","Issue Stall Reasons (Other)",1.186253%,1.194100%,1.190783%
"Tesla K80 (0)","convolutionRowsKernel(float*, int, int, int)",17,"l1_shared_utilization","L1/Shared Memory Utilization","Max (10)","Max (10)","Max (10)"
"Tesla K80 (0)","convolutionRowsKernel(float*, int, int, int)",17,"l2_utilization","L2 Cache Utilization","Low (2)","Low (2)","Low (2)"
"Tesla K80 (0)","convolutionRowsKernel(float*, int, int, int)",17,"tex_utilization","Texture Cache Utilization","Low (1)","Low (1)","Low (1)"
"Tesla K80 (0)","convolutionRowsKernel(float*, int, int, int)",17,"dram_utilization","Device Memory Utilization","Low (3)","Low (3)","Low (3)"
"Tesla K80 (0)","convolutionRowsKernel(float*, int, int, int)",17,"sysmem_utilization","System Memory Utilization","Idle (0)","Low (1)","Idle (0)"
"Tesla K80 (0)","convolutionRowsKernel(float*, int, int, int)",17,"ldst_fu_utilization","Load/Store Function Unit Utilization","Max (10)","Max (10)","Max (10)"
"Tesla K80 (0)","convolutionRowsKernel(float*, int, int, int)",17,"alu_fu_utilization","Arithmetic Function Unit Utilization","Low (2)","Low (2)","Low (2)"
"Tesla K80 (0)","convolutionRowsKernel(float*, int, int, int)",17,"cf_fu_utilization","Control-Flow Function Unit Utilization","Low (1)","Low (1)","Low (1)"
"Tesla K80 (0)","convolutionRowsKernel(float*, int, int, int)",17,"tex_fu_utilization","Texture Function Unit Utilization","Low (1)","Low (1)","Low (1)"
"Tesla K80 (0)","convolutionRowsKernel(float*, int, int, int)",17,"inst_executed","Instructions Executed",12275712,12275712,12275712
"Tesla K80 (0)","convolutionRowsKernel(float*, int, int, int)",17,"inst_issued","Instructions Issued",18330893,18336516,18333005
"Tesla K80 (0)","convolutionRowsKernel(float*, int, int, int)",17,"issue_slots","Issue Slots",15485435,15489765,15487014
"Tesla K80 (0)","convolutionRowsKernel(float*, int, int, int)",17,"nc_l2_read_throughput","L2 Throughput (Non-Coherent Reads)",0.000000B/s,0.000000B/s,0.000000B/s
"Tesla K80 (0)","convolutionRowsKernel(float*, int, int, int)",17,"nc_l2_read_transactions","L2 Non-Coherent Read Transactions",0,0,0
"Tesla K80 (0)","convolutionRowsKernel(float*, int, int, int)",17,"nc_cache_global_hit_rate","Non-Coherent Global Hit Rate",0.000000%,0.000000%,0.000000%
"Tesla K80 (0)","convolutionRowsKernel(float*, int, int, int)",17,"nc_gld_throughput","Non-Coherent Global Memory Load Throughput",0.000000B/s,0.000000B/s,0.000000B/s
"Tesla K80 (0)","convolutionRowsKernel(float*, int, int, int)",17,"nc_gld_efficiency","Non-Coherent Global Load Efficiency",0.000000%,0.000000%,0.000000%
"Tesla K80 (0)","convolutionRowsKernel(float*, int, int, int)",17,"l2_atomic_throughput","L2 Throughput (Atomic requests)",0.000000B/s,0.000000B/s,0.000000B/s
"Tesla K80 (0)","convolutionRowsKernel(float*, int, int, int)",17,"inst_fp_32","FP Instructions(Single)",160432128,160432128,160432128
"Tesla K80 (0)","convolutionRowsKernel(float*, int, int, int)",17,"inst_fp_64","FP Instructions(Double)",0,0,0
"Tesla K80 (0)","convolutionRowsKernel(float*, int, int, int)",17,"inst_integer","Integer Instructions",23543808,23543808,23543808
"Tesla K80 (0)","convolutionRowsKernel(float*, int, int, int)",17,"inst_bit_convert","Bit-Convert Instructions",0,0,0
"Tesla K80 (0)","convolutionRowsKernel(float*, int, int, int)",17,"inst_control","Control-Flow Instructions",1179648,1179648,1179648
"Tesla K80 (0)","convolutionRowsKernel(float*, int, int, int)",17,"inst_compute_ld_st","Load/Store Instructions",196902912,196902912,196902912
"Tesla K80 (0)","convolutionRowsKernel(float*, int, int, int)",17,"inst_misc","Misc Instructions",10616832,10616832,10616832
"Tesla K80 (0)","convolutionRowsKernel(float*, int, int, int)",17,"inst_inter_thread_communication","Inter-Thread Instructions",0,0,0
"Tesla K80 (0)","convolutionRowsKernel(float*, int, int, int)",17,"atomic_replay_overhead","Atomic Replay Overhead",0.000000,0.000000,0.000000
"Tesla K80 (0)","convolutionRowsKernel(float*, int, int, int)",17,"atomic_transactions","Atomic Transactions",0,0,0
"Tesla K80 (0)","convolutionRowsKernel(float*, int, int, int)",17,"atomic_transactions_per_request","Atomic Transactions Per Request",0.000000,0.000000,0.000000
"Tesla K80 (0)","convolutionRowsKernel(float*, int, int, int)",17,"l2_l1_read_transactions","L2 Read Transactions (L1 read requests)",0,0,0
"Tesla K80 (0)","convolutionRowsKernel(float*, int, int, int)",17,"l2_l1_write_transactions","L2 Write Transactions (L1 write requests)",1179648,1179648,1179648
"Tesla K80 (0)","convolutionRowsKernel(float*, int, int, int)",17,"l2_tex_read_transactions","L2 Transactions (Texture Reads)",1462272,1462272,1462272
"Tesla K80 (0)","convolutionRowsKernel(float*, int, int, int)",17,"l2_l1_write_throughput","L2 Throughput (L1 Writes)",23.825602GB/s,23.832401GB/s,23.829509GB/s
"Tesla K80 (0)","convolutionRowsKernel(float*, int, int, int)",17,"l2_atomic_transactions","L2 Transactions (Atomic requests)",0,0,0
"Tesla K80 (0)","convolutionRowsKernel(float*, int, int, int)",17,"ecc_transactions","ECC Transactions",745198,746145,745682
"Tesla K80 (0)","convolutionRowsKernel(float*, int, int, int)",17,"ecc_throughput","ECC Throughput",15.052124GB/s,15.071952GB/s,15.063178GB/s
"Tesla K80 (0)","convolutionRowsKernel(float*, int, int, int)",17,"stall_pipe_busy","Issue Stall Reasons (Pipe Busy)",38.476055%,38.539157%,38.507377%
"Tesla K80 (0)","convolutionRowsKernel(float*, int, int, int)",17,"stall_constant_memory_dependency","Issue Stall Reasons (Immediate constant)",0.024453%,0.057129%,0.034091%
"Tesla K80 (0)","convolutionRowsKernel(float*, int, int, int)",17,"flop_sp_efficiency","FLOP Efficiency(Peak Single)",7.307624%,7.312808%,7.310168%
"Tesla K80 (0)","convolutionRowsKernel(float*, int, int, int)",17,"flop_dp_efficiency","FLOP Efficiency(Peak Double)",0.000000%,0.000000%,0.000000%
"Tesla K80 (0)","convolutionRowsKernel(float*, int, int, int)",17,"stall_memory_throttle","Issue Stall Reasons (Memory Throttle)",29.440273%,29.513954%,29.473027%
"Tesla K80 (0)","convolutionRowsKernel(float*, int, int, int)",17,"stall_not_selected","Issue Stall Reasons (Not Selected)",12.746139%,12.793429%,12.771337%
"Tesla K80 (0)","convolutionRowsKernel(float*, int, int, int)",17,"eligible_warps_per_cycle","Eligible Warps Per Active Cycle",5.151059,5.162589,5.157268
"Tesla K80 (0)","convolutionRowsKernel(float*, int, int, int)",17,"atomic_throughput","Atomic Throughput",0.000000B/s,0.000000B/s,0.000000B/s
