==12459== NVPROF is profiling process 12459, command: ./convolution
==12459== Warning: Some kernel(s) will be replayed on device 0 in order to collect all events/metrics.
==12459== Profiling application: ./convolution
==12459== Profiling result:
==12459== Event result:
"Device","Kernel","Invocations","Event Name","Min","Max","Avg"
"Tesla K80 (0)","convolutionColumnsKernel(float*, float*, int, int, int)",17,"tex0_cache_sector_queries",0,0,0
"Tesla K80 (0)","convolutionColumnsKernel(float*, float*, int, int, int)",17,"tex1_cache_sector_queries",0,0,0
"Tesla K80 (0)","convolutionColumnsKernel(float*, float*, int, int, int)",17,"tex2_cache_sector_queries",0,0,0
"Tesla K80 (0)","convolutionColumnsKernel(float*, float*, int, int, int)",17,"tex3_cache_sector_queries",0,0,0
"Tesla K80 (0)","convolutionColumnsKernel(float*, float*, int, int, int)",17,"tex0_cache_sector_misses",0,0,0
"Tesla K80 (0)","convolutionColumnsKernel(float*, float*, int, int, int)",17,"tex1_cache_sector_misses",0,0,0
"Tesla K80 (0)","convolutionColumnsKernel(float*, float*, int, int, int)",17,"tex2_cache_sector_misses",0,0,0
"Tesla K80 (0)","convolutionColumnsKernel(float*, float*, int, int, int)",17,"tex3_cache_sector_misses",0,0,0
"Tesla K80 (0)","convolutionColumnsKernel(float*, float*, int, int, int)",17,"fb_subp0_read_sectors",962585,967141,964519
"Tesla K80 (0)","convolutionColumnsKernel(float*, float*, int, int, int)",17,"fb_subp1_read_sectors",963012,966910,964888
"Tesla K80 (0)","convolutionColumnsKernel(float*, float*, int, int, int)",17,"fb_subp0_write_sectors",772417,774688,773492
"Tesla K80 (0)","convolutionColumnsKernel(float*, float*, int, int, int)",17,"fb_subp1_write_sectors",772944,775100,773764
"Tesla K80 (0)","convolutionColumnsKernel(float*, float*, int, int, int)",17,"l2_subp0_write_sector_misses",294913,294988,294923
"Tesla K80 (0)","convolutionColumnsKernel(float*, float*, int, int, int)",17,"l2_subp1_write_sector_misses",294913,295001,294922
"Tesla K80 (0)","convolutionColumnsKernel(float*, float*, int, int, int)",17,"l2_subp2_write_sector_misses",294914,295000,294924
"Tesla K80 (0)","convolutionColumnsKernel(float*, float*, int, int, int)",17,"l2_subp3_write_sector_misses",294915,294984,294928
"Tesla K80 (0)","convolutionColumnsKernel(float*, float*, int, int, int)",17,"l2_subp0_read_sector_misses",322834,324722,323870
"Tesla K80 (0)","convolutionColumnsKernel(float*, float*, int, int, int)",17,"l2_subp1_read_sector_misses",322955,324831,323858
"Tesla K80 (0)","convolutionColumnsKernel(float*, float*, int, int, int)",17,"l2_subp2_read_sector_misses",322978,324650,323897
"Tesla K80 (0)","convolutionColumnsKernel(float*, float*, int, int, int)",17,"l2_subp3_read_sector_misses",323007,324880,323902
"Tesla K80 (0)","convolutionColumnsKernel(float*, float*, int, int, int)",17,"l2_subp0_write_l1_sector_queries",294912,294960,294917
"Tesla K80 (0)","convolutionColumnsKernel(float*, float*, int, int, int)",17,"l2_subp1_write_l1_sector_queries",294912,294912,294912
"Tesla K80 (0)","convolutionColumnsKernel(float*, float*, int, int, int)",17,"l2_subp2_write_l1_sector_queries",294912,294972,294919
"Tesla K80 (0)","convolutionColumnsKernel(float*, float*, int, int, int)",17,"l2_subp3_write_l1_sector_queries",294912,295004,294924
"Tesla K80 (0)","convolutionColumnsKernel(float*, float*, int, int, int)",17,"l2_subp0_read_l1_sector_queries",367104,367104,367104
"Tesla K80 (0)","convolutionColumnsKernel(float*, float*, int, int, int)",17,"l2_subp1_read_l1_sector_queries",367104,367104,367104
"Tesla K80 (0)","convolutionColumnsKernel(float*, float*, int, int, int)",17,"l2_subp2_read_l1_sector_queries",367104,367104,367104
"Tesla K80 (0)","convolutionColumnsKernel(float*, float*, int, int, int)",17,"l2_subp3_read_l1_sector_queries",367104,367104,367104
"Tesla K80 (0)","convolutionColumnsKernel(float*, float*, int, int, int)",17,"l2_subp0_read_l1_hit_sectors",42508,44350,43223
"Tesla K80 (0)","convolutionColumnsKernel(float*, float*, int, int, int)",17,"l2_subp1_read_l1_hit_sectors",42704,43870,43387
"Tesla K80 (0)","convolutionColumnsKernel(float*, float*, int, int, int)",17,"l2_subp2_read_l1_hit_sectors",42478,44134,43201
"Tesla K80 (0)","convolutionColumnsKernel(float*, float*, int, int, int)",17,"l2_subp3_read_l1_hit_sectors",42312,43680,43004
"Tesla K80 (0)","convolutionColumnsKernel(float*, float*, int, int, int)",17,"l2_subp0_read_tex_sector_queries",0,0,0
"Tesla K80 (0)","convolutionColumnsKernel(float*, float*, int, int, int)",17,"l2_subp1_read_tex_sector_queries",0,0,0
"Tesla K80 (0)","convolutionColumnsKernel(float*, float*, int, int, int)",17,"l2_subp2_read_tex_sector_queries",0,0,0
"Tesla K80 (0)","convolutionColumnsKernel(float*, float*, int, int, int)",17,"l2_subp3_read_tex_sector_queries",0,0,0
"Tesla K80 (0)","convolutionColumnsKernel(float*, float*, int, int, int)",17,"l2_subp0_read_tex_hit_sectors",0,0,0
"Tesla K80 (0)","convolutionColumnsKernel(float*, float*, int, int, int)",17,"l2_subp1_read_tex_hit_sectors",0,0,0
"Tesla K80 (0)","convolutionColumnsKernel(float*, float*, int, int, int)",17,"l2_subp2_read_tex_hit_sectors",0,0,0
"Tesla K80 (0)","convolutionColumnsKernel(float*, float*, int, int, int)",17,"l2_subp3_read_tex_hit_sectors",0,0,0
"Tesla K80 (0)","convolutionColumnsKernel(float*, float*, int, int, int)",17,"rocache_subp0_gld_thread_count_32b",0,0,0
"Tesla K80 (0)","convolutionColumnsKernel(float*, float*, int, int, int)",17,"rocache_subp1_gld_thread_count_32b",0,0,0
"Tesla K80 (0)","convolutionColumnsKernel(float*, float*, int, int, int)",17,"rocache_subp2_gld_thread_count_32b",0,0,0
"Tesla K80 (0)","convolutionColumnsKernel(float*, float*, int, int, int)",17,"rocache_subp3_gld_thread_count_32b",0,0,0
"Tesla K80 (0)","convolutionColumnsKernel(float*, float*, int, int, int)",17,"rocache_subp0_gld_thread_count_64b",0,0,0
"Tesla K80 (0)","convolutionColumnsKernel(float*, float*, int, int, int)",17,"rocache_subp1_gld_thread_count_64b",0,0,0
"Tesla K80 (0)","convolutionColumnsKernel(float*, float*, int, int, int)",17,"rocache_subp2_gld_thread_count_64b",0,0,0
"Tesla K80 (0)","convolutionColumnsKernel(float*, float*, int, int, int)",17,"rocache_subp3_gld_thread_count_64b",0,0,0
"Tesla K80 (0)","convolutionColumnsKernel(float*, float*, int, int, int)",17,"rocache_subp0_gld_thread_count_128b",0,0,0
"Tesla K80 (0)","convolutionColumnsKernel(float*, float*, int, int, int)",17,"rocache_subp1_gld_thread_count_128b",0,0,0
"Tesla K80 (0)","convolutionColumnsKernel(float*, float*, int, int, int)",17,"rocache_subp2_gld_thread_count_128b",0,0,0
"Tesla K80 (0)","convolutionColumnsKernel(float*, float*, int, int, int)",17,"rocache_subp3_gld_thread_count_128b",0,0,0
"Tesla K80 (0)","convolutionColumnsKernel(float*, float*, int, int, int)",17,"rocache_subp0_gld_warp_count_32b",0,0,0
"Tesla K80 (0)","convolutionColumnsKernel(float*, float*, int, int, int)",17,"rocache_subp1_gld_warp_count_32b",0,0,0
"Tesla K80 (0)","convolutionColumnsKernel(float*, float*, int, int, int)",17,"rocache_subp2_gld_warp_count_32b",0,0,0
"Tesla K80 (0)","convolutionColumnsKernel(float*, float*, int, int, int)",17,"rocache_subp3_gld_warp_count_32b",0,0,0
"Tesla K80 (0)","convolutionColumnsKernel(float*, float*, int, int, int)",17,"rocache_subp0_gld_warp_count_64b",0,0,0
"Tesla K80 (0)","convolutionColumnsKernel(float*, float*, int, int, int)",17,"rocache_subp1_gld_warp_count_64b",0,0,0
"Tesla K80 (0)","convolutionColumnsKernel(float*, float*, int, int, int)",17,"rocache_subp2_gld_warp_count_64b",0,0,0
"Tesla K80 (0)","convolutionColumnsKernel(float*, float*, int, int, int)",17,"rocache_subp3_gld_warp_count_64b",0,0,0
"Tesla K80 (0)","convolutionColumnsKernel(float*, float*, int, int, int)",17,"rocache_subp0_gld_warp_count_128b",0,0,0
"Tesla K80 (0)","convolutionColumnsKernel(float*, float*, int, int, int)",17,"rocache_subp1_gld_warp_count_128b",0,0,0
"Tesla K80 (0)","convolutionColumnsKernel(float*, float*, int, int, int)",17,"rocache_subp2_gld_warp_count_128b",0,0,0
"Tesla K80 (0)","convolutionColumnsKernel(float*, float*, int, int, int)",17,"rocache_subp3_gld_warp_count_128b",0,0,0
"Tesla K80 (0)","convolutionColumnsKernel(float*, float*, int, int, int)",17,"l2_subp0_read_sysmem_sector_queries",0,0,0
"Tesla K80 (0)","convolutionColumnsKernel(float*, float*, int, int, int)",17,"l2_subp1_read_sysmem_sector_queries",0,0,0
"Tesla K80 (0)","convolutionColumnsKernel(float*, float*, int, int, int)",17,"l2_subp2_read_sysmem_sector_queries",0,0,0
"Tesla K80 (0)","convolutionColumnsKernel(float*, float*, int, int, int)",17,"l2_subp3_read_sysmem_sector_queries",0,0,0
"Tesla K80 (0)","convolutionColumnsKernel(float*, float*, int, int, int)",17,"l2_subp0_write_sysmem_sector_queries",0,4,1
"Tesla K80 (0)","convolutionColumnsKernel(float*, float*, int, int, int)",17,"l2_subp1_write_sysmem_sector_queries",0,5,2
"Tesla K80 (0)","convolutionColumnsKernel(float*, float*, int, int, int)",17,"l2_subp2_write_sysmem_sector_queries",0,4,1
"Tesla K80 (0)","convolutionColumnsKernel(float*, float*, int, int, int)",17,"l2_subp3_write_sysmem_sector_queries",0,4,1
"Tesla K80 (0)","convolutionColumnsKernel(float*, float*, int, int, int)",17,"l2_subp0_total_read_sector_queries",367144,367324,367183
"Tesla K80 (0)","convolutionColumnsKernel(float*, float*, int, int, int)",17,"l2_subp1_total_read_sector_queries",367144,367296,367190
"Tesla K80 (0)","convolutionColumnsKernel(float*, float*, int, int, int)",17,"l2_subp2_total_read_sector_queries",367124,367315,367158
"Tesla K80 (0)","convolutionColumnsKernel(float*, float*, int, int, int)",17,"l2_subp3_total_read_sector_queries",367124,367433,367177
"Tesla K80 (0)","convolutionColumnsKernel(float*, float*, int, int, int)",17,"l2_subp0_total_write_sector_queries",294915,294993,294932
"Tesla K80 (0)","convolutionColumnsKernel(float*, float*, int, int, int)",17,"l2_subp1_total_write_sector_queries",294913,294978,294922
"Tesla K80 (0)","convolutionColumnsKernel(float*, float*, int, int, int)",17,"l2_subp2_total_write_sector_queries",294913,295000,294937
"Tesla K80 (0)","convolutionColumnsKernel(float*, float*, int, int, int)",17,"l2_subp3_total_write_sector_queries",294915,294999,294925
"Tesla K80 (0)","convolutionColumnsKernel(float*, float*, int, int, int)",17,"elapsed_cycles_sm",9598950,9612930,9607304
"Tesla K80 (0)","convolutionColumnsKernel(float*, float*, int, int, int)",17,"gld_inst_8bit",0,0,0
"Tesla K80 (0)","convolutionColumnsKernel(float*, float*, int, int, int)",17,"gld_inst_16bit",0,0,0
"Tesla K80 (0)","convolutionColumnsKernel(float*, float*, int, int, int)",17,"gld_inst_32bit",11747328,11747328,11747328
"Tesla K80 (0)","convolutionColumnsKernel(float*, float*, int, int, int)",17,"gld_inst_64bit",0,0,0
"Tesla K80 (0)","convolutionColumnsKernel(float*, float*, int, int, int)",17,"gld_inst_128bit",0,0,0
"Tesla K80 (0)","convolutionColumnsKernel(float*, float*, int, int, int)",17,"gst_inst_8bit",0,0,0
"Tesla K80 (0)","convolutionColumnsKernel(float*, float*, int, int, int)",17,"gst_inst_16bit",0,0,0
"Tesla K80 (0)","convolutionColumnsKernel(float*, float*, int, int, int)",17,"gst_inst_32bit",9437184,9437184,9437184
"Tesla K80 (0)","convolutionColumnsKernel(float*, float*, int, int, int)",17,"gst_inst_64bit",0,0,0
"Tesla K80 (0)","convolutionColumnsKernel(float*, float*, int, int, int)",17,"gst_inst_128bit",0,0,0
"Tesla K80 (0)","convolutionColumnsKernel(float*, float*, int, int, int)",17,"rocache_gld_inst_8bit",0,0,0
"Tesla K80 (0)","convolutionColumnsKernel(float*, float*, int, int, int)",17,"rocache_gld_inst_16bit",0,0,0
"Tesla K80 (0)","convolutionColumnsKernel(float*, float*, int, int, int)",17,"rocache_gld_inst_32bit",0,0,0
"Tesla K80 (0)","convolutionColumnsKernel(float*, float*, int, int, int)",17,"rocache_gld_inst_64bit",0,0,0
"Tesla K80 (0)","convolutionColumnsKernel(float*, float*, int, int, int)",17,"rocache_gld_inst_128bit",0,0,0
"Tesla K80 (0)","convolutionColumnsKernel(float*, float*, int, int, int)",17,"prof_trigger_00",0,0,0
"Tesla K80 (0)","convolutionColumnsKernel(float*, float*, int, int, int)",17,"prof_trigger_01",0,0,0
"Tesla K80 (0)","convolutionColumnsKernel(float*, float*, int, int, int)",17,"prof_trigger_02",0,0,0
"Tesla K80 (0)","convolutionColumnsKernel(float*, float*, int, int, int)",17,"prof_trigger_03",0,0,0
"Tesla K80 (0)","convolutionColumnsKernel(float*, float*, int, int, int)",17,"prof_trigger_04",0,0,0
"Tesla K80 (0)","convolutionColumnsKernel(float*, float*, int, int, int)",17,"prof_trigger_05",0,0,0
"Tesla K80 (0)","convolutionColumnsKernel(float*, float*, int, int, int)",17,"prof_trigger_06",0,0,0
"Tesla K80 (0)","convolutionColumnsKernel(float*, float*, int, int, int)",17,"prof_trigger_07",0,0,0
"Tesla K80 (0)","convolutionColumnsKernel(float*, float*, int, int, int)",17,"atom_cas_count",0,0,0
"Tesla K80 (0)","convolutionColumnsKernel(float*, float*, int, int, int)",17,"warps_launched",36864,36864,36864
"Tesla K80 (0)","convolutionColumnsKernel(float*, float*, int, int, int)",17,"threads_launched",1179648,1179648,1179648
"Tesla K80 (0)","convolutionColumnsKernel(float*, float*, int, int, int)",17,"inst_executed",11453952,11453952,11453952
"Tesla K80 (0)","convolutionColumnsKernel(float*, float*, int, int, int)",17,"inst_issued1",9352432,9356081,9354609
"Tesla K80 (0)","convolutionColumnsKernel(float*, float*, int, int, int)",17,"inst_issued2",3328276,3329411,3328869
"Tesla K80 (0)","convolutionColumnsKernel(float*, float*, int, int, int)",17,"thread_inst_executed",366526464,366526464,366526464
"Tesla K80 (0)","convolutionColumnsKernel(float*, float*, int, int, int)",17,"shared_load",2691072,2691072,2691072
"Tesla K80 (0)","convolutionColumnsKernel(float*, float*, int, int, int)",17,"shared_store",368640,368640,368640
"Tesla K80 (0)","convolutionColumnsKernel(float*, float*, int, int, int)",17,"local_load",0,0,0
"Tesla K80 (0)","convolutionColumnsKernel(float*, float*, int, int, int)",17,"local_store",0,0,0
"Tesla K80 (0)","convolutionColumnsKernel(float*, float*, int, int, int)",17,"gld_request",367104,367104,367104
"Tesla K80 (0)","convolutionColumnsKernel(float*, float*, int, int, int)",17,"gst_request",294912,294912,294912
"Tesla K80 (0)","convolutionColumnsKernel(float*, float*, int, int, int)",17,"active_cycles",9543780,9553291,9547387
"Tesla K80 (0)","convolutionColumnsKernel(float*, float*, int, int, int)",17,"active_warps",590627978,591387816,591026372
"Tesla K80 (0)","convolutionColumnsKernel(float*, float*, int, int, int)",17,"sm_cta_launched",9216,9216,9216
"Tesla K80 (0)","convolutionColumnsKernel(float*, float*, int, int, int)",17,"not_predicated_off_thread_inst_executed",364216320,364216320,364216320
"Tesla K80 (0)","convolutionColumnsKernel(float*, float*, int, int, int)",17,"l1_local_load_hit",0,0,0
"Tesla K80 (0)","convolutionColumnsKernel(float*, float*, int, int, int)",17,"l1_local_load_miss",0,0,0
"Tesla K80 (0)","convolutionColumnsKernel(float*, float*, int, int, int)",17,"l1_local_store_hit",0,0,0
"Tesla K80 (0)","convolutionColumnsKernel(float*, float*, int, int, int)",17,"l1_local_store_miss",0,0,0
"Tesla K80 (0)","convolutionColumnsKernel(float*, float*, int, int, int)",17,"l1_global_load_hit",0,0,0
"Tesla K80 (0)","convolutionColumnsKernel(float*, float*, int, int, int)",17,"l1_global_load_miss",0,0,0
"Tesla K80 (0)","convolutionColumnsKernel(float*, float*, int, int, int)",17,"uncached_global_load_transaction",734208,734208,734208
"Tesla K80 (0)","convolutionColumnsKernel(float*, float*, int, int, int)",17,"global_store_transaction",589824,589824,589824
"Tesla K80 (0)","convolutionColumnsKernel(float*, float*, int, int, int)",17,"shared_load_replay",2691072,2691072,2691072
"Tesla K80 (0)","convolutionColumnsKernel(float*, float*, int, int, int)",17,"shared_store_replay",368640,368640,368640
"Tesla K80 (0)","convolutionColumnsKernel(float*, float*, int, int, int)",17,"global_ld_mem_divergence_replays",367104,367104,367104
"Tesla K80 (0)","convolutionColumnsKernel(float*, float*, int, int, int)",17,"global_st_mem_divergence_replays",294912,294912,294912
"Tesla K80 (0)","convolutionColumnsKernel(float*, float*, int, int, int)",17,"local_load_transactions",0,0,0
"Tesla K80 (0)","convolutionColumnsKernel(float*, float*, int, int, int)",17,"local_store_transactions",0,0,0
"Tesla K80 (0)","convolutionColumnsKernel(float*, float*, int, int, int)",17,"l1_shared_load_transactions",5382144,5382144,5382144
"Tesla K80 (0)","convolutionColumnsKernel(float*, float*, int, int, int)",17,"l1_shared_store_transactions",737280,737352,737304
"Tesla K80 (0)","convolutionColumnsKernel(float*, float*, int, int, int)",17,"__l1_global_load_transactions",736140,738218,736922
"Tesla K80 (0)","convolutionColumnsKernel(float*, float*, int, int, int)",17,"__l1_global_store_transactions",589824,589824,589824
"Tesla K80 (0)","convolutionColumnsKernel(float*, float*, int, int, int)",17,"atom_count",0,0,0
"Tesla K80 (0)","convolutionColumnsKernel(float*, float*, int, int, int)",17,"gred_count",0,0,0
"Tesla K80 (0)","convolutionRowsKernel(float*, float*, int, int, int)",17,"tex0_cache_sector_queries",0,0,0
"Tesla K80 (0)","convolutionRowsKernel(float*, float*, int, int, int)",17,"tex1_cache_sector_queries",0,0,0
"Tesla K80 (0)","convolutionRowsKernel(float*, float*, int, int, int)",17,"tex2_cache_sector_queries",0,0,0
"Tesla K80 (0)","convolutionRowsKernel(float*, float*, int, int, int)",17,"tex3_cache_sector_queries",0,0,0
"Tesla K80 (0)","convolutionRowsKernel(float*, float*, int, int, int)",17,"tex0_cache_sector_misses",0,0,0
"Tesla K80 (0)","convolutionRowsKernel(float*, float*, int, int, int)",17,"tex1_cache_sector_misses",0,0,0
"Tesla K80 (0)","convolutionRowsKernel(float*, float*, int, int, int)",17,"tex2_cache_sector_misses",0,0,0
"Tesla K80 (0)","convolutionRowsKernel(float*, float*, int, int, int)",17,"tex3_cache_sector_misses",0,0,0
"Tesla K80 (0)","convolutionRowsKernel(float*, float*, int, int, int)",17,"fb_subp0_read_sectors",844107,845254,844590
"Tesla K80 (0)","convolutionRowsKernel(float*, float*, int, int, int)",17,"fb_subp1_read_sectors",844086,844976,844432
"Tesla K80 (0)","convolutionRowsKernel(float*, float*, int, int, int)",17,"fb_subp0_write_sectors",752545,753830,753272
"Tesla K80 (0)","convolutionRowsKernel(float*, float*, int, int, int)",17,"fb_subp1_write_sectors",752564,754295,753253
"Tesla K80 (0)","convolutionRowsKernel(float*, float*, int, int, int)",17,"l2_subp0_write_sector_misses",294912,294998,294925
"Tesla K80 (0)","convolutionRowsKernel(float*, float*, int, int, int)",17,"l2_subp1_write_sector_misses",294913,294977,294921
"Tesla K80 (0)","convolutionRowsKernel(float*, float*, int, int, int)",17,"l2_subp2_write_sector_misses",294912,294998,294928
"Tesla K80 (0)","convolutionRowsKernel(float*, float*, int, int, int)",17,"l2_subp3_write_sector_misses",294914,294979,294922
"Tesla K80 (0)","convolutionRowsKernel(float*, float*, int, int, int)",17,"l2_subp0_read_sector_misses",294916,294971,294928
"Tesla K80 (0)","convolutionRowsKernel(float*, float*, int, int, int)",17,"l2_subp1_read_sector_misses",294915,295663,294962
"Tesla K80 (0)","convolutionRowsKernel(float*, float*, int, int, int)",17,"l2_subp2_read_sector_misses",294916,295926,295023
"Tesla K80 (0)","convolutionRowsKernel(float*, float*, int, int, int)",17,"l2_subp3_read_sector_misses",294915,295183,294937
"Tesla K80 (0)","convolutionRowsKernel(float*, float*, int, int, int)",17,"l2_subp0_write_l1_sector_queries",294912,294984,294920
"Tesla K80 (0)","convolutionRowsKernel(float*, float*, int, int, int)",17,"l2_subp1_write_l1_sector_queries",294912,294964,294920
"Tesla K80 (0)","convolutionRowsKernel(float*, float*, int, int, int)",17,"l2_subp2_write_l1_sector_queries",294912,294996,294921
"Tesla K80 (0)","convolutionRowsKernel(float*, float*, int, int, int)",17,"l2_subp3_write_l1_sector_queries",294912,295000,294917
"Tesla K80 (0)","convolutionRowsKernel(float*, float*, int, int, int)",17,"l2_subp0_read_l1_sector_queries",365656,365656,365656
"Tesla K80 (0)","convolutionRowsKernel(float*, float*, int, int, int)",17,"l2_subp1_read_l1_sector_queries",365494,365494,365494
"Tesla K80 (0)","convolutionRowsKernel(float*, float*, int, int, int)",17,"l2_subp2_read_l1_sector_queries",365558,365558,365558
"Tesla K80 (0)","convolutionRowsKernel(float*, float*, int, int, int)",17,"l2_subp3_read_l1_sector_queries",365564,365564,365564
"Tesla K80 (0)","convolutionRowsKernel(float*, float*, int, int, int)",17,"l2_subp0_read_l1_hit_sectors",70744,70744,70744
"Tesla K80 (0)","convolutionRowsKernel(float*, float*, int, int, int)",17,"l2_subp1_read_l1_hit_sectors",70582,70582,70582
"Tesla K80 (0)","convolutionRowsKernel(float*, float*, int, int, int)",17,"l2_subp2_read_l1_hit_sectors",70646,70646,70646
"Tesla K80 (0)","convolutionRowsKernel(float*, float*, int, int, int)",17,"l2_subp3_read_l1_hit_sectors",70652,70652,70652
"Tesla K80 (0)","convolutionRowsKernel(float*, float*, int, int, int)",17,"l2_subp0_read_tex_sector_queries",0,0,0
"Tesla K80 (0)","convolutionRowsKernel(float*, float*, int, int, int)",17,"l2_subp1_read_tex_sector_queries",0,0,0
"Tesla K80 (0)","convolutionRowsKernel(float*, float*, int, int, int)",17,"l2_subp2_read_tex_sector_queries",0,0,0
"Tesla K80 (0)","convolutionRowsKernel(float*, float*, int, int, int)",17,"l2_subp3_read_tex_sector_queries",0,0,0
"Tesla K80 (0)","convolutionRowsKernel(float*, float*, int, int, int)",17,"l2_subp0_read_tex_hit_sectors",0,0,0
"Tesla K80 (0)","convolutionRowsKernel(float*, float*, int, int, int)",17,"l2_subp1_read_tex_hit_sectors",0,0,0
"Tesla K80 (0)","convolutionRowsKernel(float*, float*, int, int, int)",17,"l2_subp2_read_tex_hit_sectors",0,0,0
"Tesla K80 (0)","convolutionRowsKernel(float*, float*, int, int, int)",17,"l2_subp3_read_tex_hit_sectors",0,0,0
"Tesla K80 (0)","convolutionRowsKernel(float*, float*, int, int, int)",17,"rocache_subp0_gld_thread_count_32b",0,0,0
"Tesla K80 (0)","convolutionRowsKernel(float*, float*, int, int, int)",17,"rocache_subp1_gld_thread_count_32b",0,0,0
"Tesla K80 (0)","convolutionRowsKernel(float*, float*, int, int, int)",17,"rocache_subp2_gld_thread_count_32b",0,0,0
"Tesla K80 (0)","convolutionRowsKernel(float*, float*, int, int, int)",17,"rocache_subp3_gld_thread_count_32b",0,0,0
"Tesla K80 (0)","convolutionRowsKernel(float*, float*, int, int, int)",17,"rocache_subp0_gld_thread_count_64b",0,0,0
"Tesla K80 (0)","convolutionRowsKernel(float*, float*, int, int, int)",17,"rocache_subp1_gld_thread_count_64b",0,0,0
"Tesla K80 (0)","convolutionRowsKernel(float*, float*, int, int, int)",17,"rocache_subp2_gld_thread_count_64b",0,0,0
"Tesla K80 (0)","convolutionRowsKernel(float*, float*, int, int, int)",17,"rocache_subp3_gld_thread_count_64b",0,0,0
"Tesla K80 (0)","convolutionRowsKernel(float*, float*, int, int, int)",17,"rocache_subp0_gld_thread_count_128b",0,0,0
"Tesla K80 (0)","convolutionRowsKernel(float*, float*, int, int, int)",17,"rocache_subp1_gld_thread_count_128b",0,0,0
"Tesla K80 (0)","convolutionRowsKernel(float*, float*, int, int, int)",17,"rocache_subp2_gld_thread_count_128b",0,0,0
"Tesla K80 (0)","convolutionRowsKernel(float*, float*, int, int, int)",17,"rocache_subp3_gld_thread_count_128b",0,0,0
"Tesla K80 (0)","convolutionRowsKernel(float*, float*, int, int, int)",17,"rocache_subp0_gld_warp_count_32b",0,0,0
"Tesla K80 (0)","convolutionRowsKernel(float*, float*, int, int, int)",17,"rocache_subp1_gld_warp_count_32b",0,0,0
"Tesla K80 (0)","convolutionRowsKernel(float*, float*, int, int, int)",17,"rocache_subp2_gld_warp_count_32b",0,0,0
"Tesla K80 (0)","convolutionRowsKernel(float*, float*, int, int, int)",17,"rocache_subp3_gld_warp_count_32b",0,0,0
"Tesla K80 (0)","convolutionRowsKernel(float*, float*, int, int, int)",17,"rocache_subp0_gld_warp_count_64b",0,0,0
"Tesla K80 (0)","convolutionRowsKernel(float*, float*, int, int, int)",17,"rocache_subp1_gld_warp_count_64b",0,0,0
"Tesla K80 (0)","convolutionRowsKernel(float*, float*, int, int, int)",17,"rocache_subp2_gld_warp_count_64b",0,0,0
"Tesla K80 (0)","convolutionRowsKernel(float*, float*, int, int, int)",17,"rocache_subp3_gld_warp_count_64b",0,0,0
"Tesla K80 (0)","convolutionRowsKernel(float*, float*, int, int, int)",17,"rocache_subp0_gld_warp_count_128b",0,0,0
"Tesla K80 (0)","convolutionRowsKernel(float*, float*, int, int, int)",17,"rocache_subp1_gld_warp_count_128b",0,0,0
"Tesla K80 (0)","convolutionRowsKernel(float*, float*, int, int, int)",17,"rocache_subp2_gld_warp_count_128b",0,0,0
"Tesla K80 (0)","convolutionRowsKernel(float*, float*, int, int, int)",17,"rocache_subp3_gld_warp_count_128b",0,0,0
"Tesla K80 (0)","convolutionRowsKernel(float*, float*, int, int, int)",17,"l2_subp0_read_sysmem_sector_queries",0,0,0
"Tesla K80 (0)","convolutionRowsKernel(float*, float*, int, int, int)",17,"l2_subp1_read_sysmem_sector_queries",0,0,0
"Tesla K80 (0)","convolutionRowsKernel(float*, float*, int, int, int)",17,"l2_subp2_read_sysmem_sector_queries",0,0,0
"Tesla K80 (0)","convolutionRowsKernel(float*, float*, int, int, int)",17,"l2_subp3_read_sysmem_sector_queries",0,0,0
"Tesla K80 (0)","convolutionRowsKernel(float*, float*, int, int, int)",17,"l2_subp0_write_sysmem_sector_queries",0,4,0
"Tesla K80 (0)","convolutionRowsKernel(float*, float*, int, int, int)",17,"l2_subp1_write_sysmem_sector_queries",0,5,2
"Tesla K80 (0)","convolutionRowsKernel(float*, float*, int, int, int)",17,"l2_subp2_write_sysmem_sector_queries",0,4,1
"Tesla K80 (0)","convolutionRowsKernel(float*, float*, int, int, int)",17,"l2_subp3_write_sysmem_sector_queries",0,4,0
"Tesla K80 (0)","convolutionRowsKernel(float*, float*, int, int, int)",17,"l2_subp0_total_read_sector_queries",365696,365819,365733
"Tesla K80 (0)","convolutionRowsKernel(float*, float*, int, int, int)",17,"l2_subp1_total_read_sector_queries",365534,365967,365591
"Tesla K80 (0)","convolutionRowsKernel(float*, float*, int, int, int)",17,"l2_subp2_total_read_sector_queries",365578,365721,365612
"Tesla K80 (0)","convolutionRowsKernel(float*, float*, int, int, int)",17,"l2_subp3_total_read_sector_queries",365584,366489,365679
"Tesla K80 (0)","convolutionRowsKernel(float*, float*, int, int, int)",17,"l2_subp0_total_write_sector_queries",294913,294976,294923
"Tesla K80 (0)","convolutionRowsKernel(float*, float*, int, int, int)",17,"l2_subp1_total_write_sector_queries",294913,294982,294927
"Tesla K80 (0)","convolutionRowsKernel(float*, float*, int, int, int)",17,"l2_subp2_total_write_sector_queries",294914,294990,294933
"Tesla K80 (0)","convolutionRowsKernel(float*, float*, int, int, int)",17,"l2_subp3_total_write_sector_queries",294915,294971,294922
"Tesla K80 (0)","convolutionRowsKernel(float*, float*, int, int, int)",17,"elapsed_cycles_sm",13534363,13552718,13543365
"Tesla K80 (0)","convolutionRowsKernel(float*, float*, int, int, int)",17,"gld_inst_8bit",0,0,0
"Tesla K80 (0)","convolutionRowsKernel(float*, float*, int, int, int)",17,"gld_inst_16bit",0,0,0
"Tesla K80 (0)","convolutionRowsKernel(float*, float*, int, int, int)",17,"gld_inst_32bit",11698176,11698176,11698176
"Tesla K80 (0)","convolutionRowsKernel(float*, float*, int, int, int)",17,"gld_inst_64bit",0,0,0
"Tesla K80 (0)","convolutionRowsKernel(float*, float*, int, int, int)",17,"gld_inst_128bit",0,0,0
"Tesla K80 (0)","convolutionRowsKernel(float*, float*, int, int, int)",17,"gst_inst_8bit",0,0,0
"Tesla K80 (0)","convolutionRowsKernel(float*, float*, int, int, int)",17,"gst_inst_16bit",0,0,0
"Tesla K80 (0)","convolutionRowsKernel(float*, float*, int, int, int)",17,"gst_inst_32bit",9437184,9437184,9437184
"Tesla K80 (0)","convolutionRowsKernel(float*, float*, int, int, int)",17,"gst_inst_64bit",0,0,0
"Tesla K80 (0)","convolutionRowsKernel(float*, float*, int, int, int)",17,"gst_inst_128bit",0,0,0
"Tesla K80 (0)","convolutionRowsKernel(float*, float*, int, int, int)",17,"rocache_gld_inst_8bit",0,0,0
"Tesla K80 (0)","convolutionRowsKernel(float*, float*, int, int, int)",17,"rocache_gld_inst_16bit",0,0,0
"Tesla K80 (0)","convolutionRowsKernel(float*, float*, int, int, int)",17,"rocache_gld_inst_32bit",0,0,0
"Tesla K80 (0)","convolutionRowsKernel(float*, float*, int, int, int)",17,"rocache_gld_inst_64bit",0,0,0
"Tesla K80 (0)","convolutionRowsKernel(float*, float*, int, int, int)",17,"rocache_gld_inst_128bit",0,0,0
"Tesla K80 (0)","convolutionRowsKernel(float*, float*, int, int, int)",17,"prof_trigger_00",0,0,0
"Tesla K80 (0)","convolutionRowsKernel(float*, float*, int, int, int)",17,"prof_trigger_01",0,0,0
"Tesla K80 (0)","convolutionRowsKernel(float*, float*, int, int, int)",17,"prof_trigger_02",0,0,0
"Tesla K80 (0)","convolutionRowsKernel(float*, float*, int, int, int)",17,"prof_trigger_03",0,0,0
"Tesla K80 (0)","convolutionRowsKernel(float*, float*, int, int, int)",17,"prof_trigger_04",0,0,0
"Tesla K80 (0)","convolutionRowsKernel(float*, float*, int, int, int)",17,"prof_trigger_05",0,0,0
"Tesla K80 (0)","convolutionRowsKernel(float*, float*, int, int, int)",17,"prof_trigger_06",0,0,0
"Tesla K80 (0)","convolutionRowsKernel(float*, float*, int, int, int)",17,"prof_trigger_07",0,0,0
"Tesla K80 (0)","convolutionRowsKernel(float*, float*, int, int, int)",17,"atom_cas_count",0,0,0
"Tesla K80 (0)","convolutionRowsKernel(float*, float*, int, int, int)",17,"warps_launched",36864,36864,36864
"Tesla K80 (0)","convolutionRowsKernel(float*, float*, int, int, int)",17,"threads_launched",1179648,1179648,1179648
"Tesla K80 (0)","convolutionRowsKernel(float*, float*, int, int, int)",17,"inst_executed",11907072,11907072,11907072
"Tesla K80 (0)","convolutionRowsKernel(float*, float*, int, int, int)",17,"inst_issued1",12411178,12412813,12411993
"Tesla K80 (0)","convolutionRowsKernel(float*, float*, int, int, int)",17,"inst_issued2",2986453,2987231,2986819
"Tesla K80 (0)","convolutionRowsKernel(float*, float*, int, int, int)",17,"thread_inst_executed",381026304,381026304,381026304
"Tesla K80 (0)","convolutionRowsKernel(float*, float*, int, int, int)",17,"shared_load",4755456,4755456,4755456
"Tesla K80 (0)","convolutionRowsKernel(float*, float*, int, int, int)",17,"shared_store",368640,368640,368640
"Tesla K80 (0)","convolutionRowsKernel(float*, float*, int, int, int)",17,"local_load",0,0,0
"Tesla K80 (0)","convolutionRowsKernel(float*, float*, int, int, int)",17,"local_store",0,0,0
"Tesla K80 (0)","convolutionRowsKernel(float*, float*, int, int, int)",17,"gld_request",368640,368640,368640
"Tesla K80 (0)","convolutionRowsKernel(float*, float*, int, int, int)",17,"gst_request",294912,294912,294912
"Tesla K80 (0)","convolutionRowsKernel(float*, float*, int, int, int)",17,"active_cycles",13467428,13483441,13476879
"Tesla K80 (0)","convolutionRowsKernel(float*, float*, int, int, int)",17,"active_warps",417283190,417814572,417617412
"Tesla K80 (0)","convolutionRowsKernel(float*, float*, int, int, int)",17,"sm_cta_launched",18432,18432,18432
"Tesla K80 (0)","convolutionRowsKernel(float*, float*, int, int, int)",17,"not_predicated_off_thread_inst_executed",380928000,380928000,380928000
"Tesla K80 (0)","convolutionRowsKernel(float*, float*, int, int, int)",17,"l1_local_load_hit",0,0,0
"Tesla K80 (0)","convolutionRowsKernel(float*, float*, int, int, int)",17,"l1_local_load_miss",0,0,0
"Tesla K80 (0)","convolutionRowsKernel(float*, float*, int, int, int)",17,"l1_local_store_hit",0,0,0
"Tesla K80 (0)","convolutionRowsKernel(float*, float*, int, int, int)",17,"l1_local_store_miss",0,0,0
"Tesla K80 (0)","convolutionRowsKernel(float*, float*, int, int, int)",17,"l1_global_load_hit",0,0,0
"Tesla K80 (0)","convolutionRowsKernel(float*, float*, int, int, int)",17,"l1_global_load_miss",0,0,0
"Tesla K80 (0)","convolutionRowsKernel(float*, float*, int, int, int)",17,"uncached_global_load_transaction",731136,731136,731136
"Tesla K80 (0)","convolutionRowsKernel(float*, float*, int, int, int)",17,"global_store_transaction",589824,589824,589824
"Tesla K80 (0)","convolutionRowsKernel(float*, float*, int, int, int)",17,"shared_load_replay",4755456,4755456,4755456
"Tesla K80 (0)","convolutionRowsKernel(float*, float*, int, int, int)",17,"shared_store_replay",368640,368640,368640
"Tesla K80 (0)","convolutionRowsKernel(float*, float*, int, int, int)",17,"global_ld_mem_divergence_replays",365568,365568,365568
"Tesla K80 (0)","convolutionRowsKernel(float*, float*, int, int, int)",17,"global_st_mem_divergence_replays",294912,294912,294912
"Tesla K80 (0)","convolutionRowsKernel(float*, float*, int, int, int)",17,"local_load_transactions",0,0,0
"Tesla K80 (0)","convolutionRowsKernel(float*, float*, int, int, int)",17,"local_store_transactions",0,0,0
"Tesla K80 (0)","convolutionRowsKernel(float*, float*, int, int, int)",17,"l1_shared_load_transactions",9510912,9510912,9510912
"Tesla K80 (0)","convolutionRowsKernel(float*, float*, int, int, int)",17,"l1_shared_store_transactions",737308,737488,737411
"Tesla K80 (0)","convolutionRowsKernel(float*, float*, int, int, int)",17,"__l1_global_load_transactions",739866,741105,740441
"Tesla K80 (0)","convolutionRowsKernel(float*, float*, int, int, int)",17,"__l1_global_store_transactions",589824,589824,589824
"Tesla K80 (0)","convolutionRowsKernel(float*, float*, int, int, int)",17,"atom_count",0,0,0
"Tesla K80 (0)","convolutionRowsKernel(float*, float*, int, int, int)",17,"gred_count",0,0,0

==12459== Metric result:
"Device","Kernel","Invocations","Metric Name","Metric Description","Min","Max","Avg"
"Tesla K80 (0)","convolutionColumnsKernel(float*, float*, int, int, int)",17,"l1_cache_global_hit_rate","L1 Global Hit Rate",0.000000%,0.000000%,0.000000%
"Tesla K80 (0)","convolutionColumnsKernel(float*, float*, int, int, int)",17,"l1_cache_local_hit_rate","L1 Local Hit Rate",0.000000%,0.000000%,0.000000%
"Tesla K80 (0)","convolutionColumnsKernel(float*, float*, int, int, int)",17,"sm_efficiency","Multiprocessor Activity",99.313497%,99.430966%,99.372101%
"Tesla K80 (0)","convolutionColumnsKernel(float*, float*, int, int, int)",17,"ipc","Executed IPC",1.199378,1.200324,1.199829
"Tesla K80 (0)","convolutionColumnsKernel(float*, float*, int, int, int)",17,"achieved_occupancy","Achieved Occupancy",0.966753,0.968120,0.967345
"Tesla K80 (0)","convolutionColumnsKernel(float*, float*, int, int, int)",17,"gld_requested_throughput","Requested Global Load Throughput",35.274772GB/s,35.284440GB/s,35.279751GB/s
"Tesla K80 (0)","convolutionColumnsKernel(float*, float*, int, int, int)",17,"gst_requested_throughput","Requested Global Store Throughput",28.337892GB/s,28.345659GB/s,28.341892GB/s
"Tesla K80 (0)","convolutionColumnsKernel(float*, float*, int, int, int)",17,"sm_efficiency_instance","Multiprocessor Activity",99.313497%,99.430966%,99.372101%
"Tesla K80 (0)","convolutionColumnsKernel(float*, float*, int, int, int)",17,"ipc_instance","Executed IPC",1.199378,1.200324,1.199829
"Tesla K80 (0)","convolutionColumnsKernel(float*, float*, int, int, int)",17,"inst_replay_overhead","Instruction Replay Overhead",0.397787,0.398151,0.397976
"Tesla K80 (0)","convolutionColumnsKernel(float*, float*, int, int, int)",17,"shared_replay_overhead","Shared Memory Replay Overhead",0.267132,0.267132,0.267132
"Tesla K80 (0)","convolutionColumnsKernel(float*, float*, int, int, int)",17,"global_replay_overhead","Global Memory Replay Overhead",0.057798,0.057798,0.057798
"Tesla K80 (0)","convolutionColumnsKernel(float*, float*, int, int, int)",17,"global_cache_replay_overhead","Global Memory Cache Replay Overhead",0.000000,0.000000,0.000000
"Tesla K80 (0)","convolutionColumnsKernel(float*, float*, int, int, int)",17,"tex_cache_hit_rate","Texture Cache Hit Rate",0.000000%,0.000000%,0.000000%
"Tesla K80 (0)","convolutionColumnsKernel(float*, float*, int, int, int)",17,"tex_cache_throughput","Texture Cache Throughput",0.000000B/s,0.000000B/s,0.000000B/s
"Tesla K80 (0)","convolutionColumnsKernel(float*, float*, int, int, int)",17,"dram_read_throughput","Device Memory Read Throughput",46.273315GB/s,46.447917GB/s,46.355418GB/s
"Tesla K80 (0)","convolutionColumnsKernel(float*, float*, int, int, int)",17,"dram_write_throughput","Device Memory Write Throughput",37.140794GB/s,37.218589GB/s,37.173981GB/s
"Tesla K80 (0)","convolutionColumnsKernel(float*, float*, int, int, int)",17,"gst_throughput","Global Store Throughput",28.337892GB/s,28.345659GB/s,28.341892GB/s
"Tesla K80 (0)","convolutionColumnsKernel(float*, float*, int, int, int)",17,"gld_throughput","Global Load Throughput",35.274772GB/s,35.284440GB/s,35.279751GB/s
"Tesla K80 (0)","convolutionColumnsKernel(float*, float*, int, int, int)",17,"local_replay_overhead","Local Memory Cache Replay Overhead",0.000000,0.000000,0.000000
"Tesla K80 (0)","convolutionColumnsKernel(float*, float*, int, int, int)",17,"shared_efficiency","Shared Memory Efficiency",24.999706%,25.000000%,24.999901%
"Tesla K80 (0)","convolutionColumnsKernel(float*, float*, int, int, int)",17,"gld_efficiency","Global Memory Load Efficiency",100.000000%,100.000000%,100.000000%
"Tesla K80 (0)","convolutionColumnsKernel(float*, float*, int, int, int)",17,"gst_efficiency","Global Memory Store Efficiency",100.000000%,100.000000%,100.000000%
"Tesla K80 (0)","convolutionColumnsKernel(float*, float*, int, int, int)",17,"l2_l1_read_hit_rate","L2 Hit Rate (L1 Reads)",11.620140%,11.904937%,11.768944%
"Tesla K80 (0)","convolutionColumnsKernel(float*, float*, int, int, int)",17,"l2_texture_read_hit_rate","L2 Hit Rate (Texture Reads)",0.000000%,0.000000%,0.000000%
"Tesla K80 (0)","convolutionColumnsKernel(float*, float*, int, int, int)",17,"l2_l1_read_throughput","L2 Throughput (L1 Reads)",35.274772GB/s,35.284440GB/s,35.279751GB/s
"Tesla K80 (0)","convolutionColumnsKernel(float*, float*, int, int, int)",17,"l2_texture_read_throughput","L2 Throughput (Texture Reads)",0.000000B/s,0.000000B/s,0.000000B/s
"Tesla K80 (0)","convolutionColumnsKernel(float*, float*, int, int, int)",17,"local_memory_overhead","Local Memory Overhead",0.000000%,0.003474%,0.000942%
"Tesla K80 (0)","convolutionColumnsKernel(float*, float*, int, int, int)",17,"warp_execution_efficiency","Warp Execution Efficiency",100.000000%,100.000000%,100.000000%
"Tesla K80 (0)","convolutionColumnsKernel(float*, float*, int, int, int)",17,"nc_gld_requested_throughput","Requested Non-Coherent Global Load Throughput",0.000000B/s,0.000000B/s,0.000000B/s
"Tesla K80 (0)","convolutionColumnsKernel(float*, float*, int, int, int)",17,"issued_ipc","Issued IPC",1.676055,1.677918,1.677216
"Tesla K80 (0)","convolutionColumnsKernel(float*, float*, int, int, int)",17,"inst_per_warp","Instructions per warp",310.708333,310.708333,310.708333
"Tesla K80 (0)","convolutionColumnsKernel(float*, float*, int, int, int)",17,"issue_slot_utilization","Issue Slot Utilization",33.190699%,33.227094%,33.213334%
"Tesla K80 (0)","convolutionColumnsKernel(float*, float*, int, int, int)",17,"local_load_transactions_per_request","Local Memory Load Transactions Per Request",0.000000,0.000000,0.000000
"Tesla K80 (0)","convolutionColumnsKernel(float*, float*, int, int, int)",17,"local_store_transactions_per_request","Local Memory Store Transactions Per Request",0.000000,0.000000,0.000000
"Tesla K80 (0)","convolutionColumnsKernel(float*, float*, int, int, int)",17,"shared_load_transactions_per_request","Shared Memory Load Transactions Per Request",2.000000,2.000000,2.000000
"Tesla K80 (0)","convolutionColumnsKernel(float*, float*, int, int, int)",17,"shared_store_transactions_per_request","Shared Memory Store Transactions Per Request",2.000000,2.000212,2.000061
"Tesla K80 (0)","convolutionColumnsKernel(float*, float*, int, int, int)",17,"gld_transactions_per_request","Global Load Transactions Per Request",2.000000,2.000000,2.000000
"Tesla K80 (0)","convolutionColumnsKernel(float*, float*, int, int, int)",17,"gst_transactions_per_request","Global Store Transactions Per Request",2.000000,2.000000,2.000000
"Tesla K80 (0)","convolutionColumnsKernel(float*, float*, int, int, int)",17,"local_load_transactions","Local Load Transactions",0,0,0
"Tesla K80 (0)","convolutionColumnsKernel(float*, float*, int, int, int)",17,"local_store_transactions","Local Store Transactions",0,0,0
"Tesla K80 (0)","convolutionColumnsKernel(float*, float*, int, int, int)",17,"shared_load_transactions","Shared Load Transactions",5382144,5382144,5382144
"Tesla K80 (0)","convolutionColumnsKernel(float*, float*, int, int, int)",17,"shared_store_transactions","Shared Store Transactions",737280,737352,737304
"Tesla K80 (0)","convolutionColumnsKernel(float*, float*, int, int, int)",17,"gld_transactions","Global Load Transactions",734208,734208,734208
"Tesla K80 (0)","convolutionColumnsKernel(float*, float*, int, int, int)",17,"gst_transactions","Global Store Transactions",589824,589824,589824
"Tesla K80 (0)","convolutionColumnsKernel(float*, float*, int, int, int)",17,"sysmem_read_transactions","System Memory Read Transactions",0,0,0
"Tesla K80 (0)","convolutionColumnsKernel(float*, float*, int, int, int)",17,"sysmem_write_transactions","System Memory Write Transactions",1,16,6
"Tesla K80 (0)","convolutionColumnsKernel(float*, float*, int, int, int)",17,"tex_cache_transactions","Texture Cache Transactions",0,0,0
"Tesla K80 (0)","convolutionColumnsKernel(float*, float*, int, int, int)",17,"dram_read_transactions","Device Memory Read Transactions",1926173,1933142,1929408
"Tesla K80 (0)","convolutionColumnsKernel(float*, float*, int, int, int)",17,"dram_write_transactions","Device Memory Write Transactions",1545996,1549040,1547257
"Tesla K80 (0)","convolutionColumnsKernel(float*, float*, int, int, int)",17,"l2_read_transactions","L2 Read Transactions",1468536,1468993,1468709
"Tesla K80 (0)","convolutionColumnsKernel(float*, float*, int, int, int)",17,"l2_write_transactions","L2 Write Transactions",1179658,1179808,1179717
"Tesla K80 (0)","convolutionColumnsKernel(float*, float*, int, int, int)",17,"local_load_throughput","Local Memory Load Throughput",0.000000B/s,0.000000B/s,0.000000B/s
"Tesla K80 (0)","convolutionColumnsKernel(float*, float*, int, int, int)",17,"local_store_throughput","Local Memory Store Throughput",0.000000B/s,0.000000B/s,0.000000B/s
"Tesla K80 (0)","convolutionColumnsKernel(float*, float*, int, int, int)",17,"shared_load_throughput","Shared Memory Load Throughput",1.034333e+03GB/s,1.034617e+03GB/s,1.034479e+03GB/s
"Tesla K80 (0)","convolutionColumnsKernel(float*, float*, int, int, int)",17,"shared_store_throughput","Shared Memory Store Throughput",141.689845GB/s,141.739900GB/s,141.714142GB/s
"Tesla K80 (0)","convolutionColumnsKernel(float*, float*, int, int, int)",17,"l2_read_throughput","L2 Throughput (Reads)",35.279417GB/s,35.292289GB/s,35.286809GB/s
"Tesla K80 (0)","convolutionColumnsKernel(float*, float*, int, int, int)",17,"l2_write_throughput","L2 Throughput (Writes)",28.338421GB/s,28.347495GB/s,28.343564GB/s
"Tesla K80 (0)","convolutionColumnsKernel(float*, float*, int, int, int)",17,"sysmem_read_throughput","System Memory Read Throughput",0.000000B/s,0.000000B/s,0.000000B/s
"Tesla K80 (0)","convolutionColumnsKernel(float*, float*, int, int, int)",17,"sysmem_write_throughput","System Memory Write Throughput",24.024000KB/s,384.462000KB/s,151.221000KB/s
"Tesla K80 (0)","convolutionColumnsKernel(float*, float*, int, int, int)",17,"warp_nonpred_execution_efficiency","Warp Non-Predicated Execution Efficiency",99.369720%,99.369720%,99.369720%
"Tesla K80 (0)","convolutionColumnsKernel(float*, float*, int, int, int)",17,"cf_issued","Issued Control-Flow Instructions",209256,209927,209631
"Tesla K80 (0)","convolutionColumnsKernel(float*, float*, int, int, int)",17,"cf_executed","Executed Control-Flow Instructions",147456,147456,147456
"Tesla K80 (0)","convolutionColumnsKernel(float*, float*, int, int, int)",17,"ldst_issued","Issued Load/Store Instructions",7779391,7781829,7780520
"Tesla K80 (0)","convolutionColumnsKernel(float*, float*, int, int, int)",17,"ldst_executed","Executed Load/Store Instructions",3721728,3721728,3721728
"Tesla K80 (0)","convolutionColumnsKernel(float*, float*, int, int, int)",17,"flop_count_sp","Floating Point Operations(Single Precision)",320864256,320864256,320864256
"Tesla K80 (0)","convolutionColumnsKernel(float*, float*, int, int, int)",17,"flop_count_sp_add","Floating Point Operations(Single Precision Add)",0,0,0
"Tesla K80 (0)","convolutionColumnsKernel(float*, float*, int, int, int)",17,"flop_count_sp_mul","Floating Point Operation(Single Precision Mul)",0,0,0
"Tesla K80 (0)","convolutionColumnsKernel(float*, float*, int, int, int)",17,"flop_count_sp_fma","Floating Point Operations(Single Precision FMA)",160432128,160432128,160432128
"Tesla K80 (0)","convolutionColumnsKernel(float*, float*, int, int, int)",17,"flop_count_dp","Floating Point Operations(Double Precision)",0,0,0
"Tesla K80 (0)","convolutionColumnsKernel(float*, float*, int, int, int)",17,"flop_count_dp_add","Floating Point Operations(Double Precision Add)",0,0,0
"Tesla K80 (0)","convolutionColumnsKernel(float*, float*, int, int, int)",17,"flop_count_dp_mul","Floating Point Operations(Double Precision Mul)",0,0,0
"Tesla K80 (0)","convolutionColumnsKernel(float*, float*, int, int, int)",17,"flop_count_dp_fma","Floating Point Operations(Double Precison FMA)",0,0,0
"Tesla K80 (0)","convolutionColumnsKernel(float*, float*, int, int, int)",17,"flop_count_sp_special","Floating Point Operations(Single Precision Special)",0,0,0
"Tesla K80 (0)","convolutionColumnsKernel(float*, float*, int, int, int)",17,"stall_inst_fetch","Issue Stall Reasons (Instructions Fetch)",2.450686%,2.564204%,2.509297%
"Tesla K80 (0)","convolutionColumnsKernel(float*, float*, int, int, int)",17,"stall_exec_dependency","Issue Stall Reasons (Execution Dependency)",7.048663%,7.333961%,7.194531%
"Tesla K80 (0)","convolutionColumnsKernel(float*, float*, int, int, int)",17,"stall_memory_dependency","Issue Stall Reasons (Data Request)",3.015770%,3.141650%,3.093927%
"Tesla K80 (0)","convolutionColumnsKernel(float*, float*, int, int, int)",17,"stall_texture","Issue Stall Reasons (Texture)",0.000000%,0.000000%,0.000000%
"Tesla K80 (0)","convolutionColumnsKernel(float*, float*, int, int, int)",17,"stall_sync","Issue Stall Reasons (Synchronization)",7.624980%,10.568689%,8.672906%
"Tesla K80 (0)","convolutionColumnsKernel(float*, float*, int, int, int)",17,"stall_other","Issue Stall Reasons (Other)",1.463927%,1.519192%,1.489776%
"Tesla K80 (0)","convolutionColumnsKernel(float*, float*, int, int, int)",17,"l1_shared_utilization","L1/Shared Memory Utilization","High (7)","High (7)","High (7)"
"Tesla K80 (0)","convolutionColumnsKernel(float*, float*, int, int, int)",17,"l2_utilization","L2 Cache Utilization","Low (2)","Low (2)","Low (2)"
"Tesla K80 (0)","convolutionColumnsKernel(float*, float*, int, int, int)",17,"tex_utilization","Texture Cache Utilization","Idle (0)","Idle (0)","Idle (0)"
"Tesla K80 (0)","convolutionColumnsKernel(float*, float*, int, int, int)",17,"dram_utilization","Device Memory Utilization","Mid (4)","Mid (4)","Mid (4)"
"Tesla K80 (0)","convolutionColumnsKernel(float*, float*, int, int, int)",17,"sysmem_utilization","System Memory Utilization","Low (1)","Low (1)","Low (1)"
"Tesla K80 (0)","convolutionColumnsKernel(float*, float*, int, int, int)",17,"ldst_fu_utilization","Load/Store Function Unit Utilization","High (9)","High (9)","High (9)"
"Tesla K80 (0)","convolutionColumnsKernel(float*, float*, int, int, int)",17,"alu_fu_utilization","Arithmetic Function Unit Utilization","Low (2)","Low (2)","Low (2)"
"Tesla K80 (0)","convolutionColumnsKernel(float*, float*, int, int, int)",17,"cf_fu_utilization","Control-Flow Function Unit Utilization","Low (1)","Low (1)","Low (1)"
"Tesla K80 (0)","convolutionColumnsKernel(float*, float*, int, int, int)",17,"tex_fu_utilization","Texture Function Unit Utilization","Idle (0)","Idle (0)","Idle (0)"
"Tesla K80 (0)","convolutionColumnsKernel(float*, float*, int, int, int)",17,"inst_executed","Instructions Executed",11453952,11453952,11453952
"Tesla K80 (0)","convolutionColumnsKernel(float*, float*, int, int, int)",17,"inst_issued","Instructions Issued",16010186,16014358,16012349
"Tesla K80 (0)","convolutionColumnsKernel(float*, float*, int, int, int)",17,"issue_slots","Issue Slots",12681309,12685072,12683479
"Tesla K80 (0)","convolutionColumnsKernel(float*, float*, int, int, int)",17,"nc_l2_read_throughput","L2 Throughput (Non-Coherent Reads)",0.000000B/s,0.000000B/s,0.000000B/s
"Tesla K80 (0)","convolutionColumnsKernel(float*, float*, int, int, int)",17,"nc_l2_read_transactions","L2 Non-Coherent Read Transactions",0,0,0
"Tesla K80 (0)","convolutionColumnsKernel(float*, float*, int, int, int)",17,"nc_cache_global_hit_rate","Non-Coherent Global Hit Rate",0.000000%,0.000000%,0.000000%
"Tesla K80 (0)","convolutionColumnsKernel(float*, float*, int, int, int)",17,"nc_gld_throughput","Non-Coherent Global Memory Load Throughput",0.000000B/s,0.000000B/s,0.000000B/s
"Tesla K80 (0)","convolutionColumnsKernel(float*, float*, int, int, int)",17,"nc_gld_efficiency","Non-Coherent Global Load Efficiency",0.000000%,0.000000%,0.000000%
"Tesla K80 (0)","convolutionColumnsKernel(float*, float*, int, int, int)",17,"l2_atomic_throughput","L2 Throughput (Atomic requests)",0.000000B/s,0.000000B/s,0.000000B/s
"Tesla K80 (0)","convolutionColumnsKernel(float*, float*, int, int, int)",17,"inst_fp_32","FP Instructions(Single)",160432128,160432128,160432128
"Tesla K80 (0)","convolutionColumnsKernel(float*, float*, int, int, int)",17,"inst_fp_64","FP Instructions(Double)",0,0,0
"Tesla K80 (0)","convolutionColumnsKernel(float*, float*, int, int, int)",17,"inst_integer","Integer Instructions",69378048,69378048,69378048
"Tesla K80 (0)","convolutionColumnsKernel(float*, float*, int, int, int)",17,"inst_bit_convert","Bit-Convert Instructions",0,0,0
"Tesla K80 (0)","convolutionColumnsKernel(float*, float*, int, int, int)",17,"inst_control","Control-Flow Instructions",1228800,1228800,1228800
"Tesla K80 (0)","convolutionColumnsKernel(float*, float*, int, int, int)",17,"inst_compute_ld_st","Load/Store Instructions",119095296,119095296,119095296
"Tesla K80 (0)","convolutionColumnsKernel(float*, float*, int, int, int)",17,"inst_misc","Misc Instructions",14082048,14082048,14082048
"Tesla K80 (0)","convolutionColumnsKernel(float*, float*, int, int, int)",17,"inst_inter_thread_communication","Inter-Thread Instructions",0,0,0
"Tesla K80 (0)","convolutionColumnsKernel(float*, float*, int, int, int)",17,"atomic_replay_overhead","Atomic Replay Overhead",0.000000,0.000000,0.000000
"Tesla K80 (0)","convolutionColumnsKernel(float*, float*, int, int, int)",17,"atomic_transactions","Atomic Transactions",0,0,0
"Tesla K80 (0)","convolutionColumnsKernel(float*, float*, int, int, int)",17,"atomic_transactions_per_request","Atomic Transactions Per Request",0.000000,0.000000,0.000000
"Tesla K80 (0)","convolutionColumnsKernel(float*, float*, int, int, int)",17,"l2_l1_read_transactions","L2 Read Transactions (L1 read requests)",1468416,1468416,1468416
"Tesla K80 (0)","convolutionColumnsKernel(float*, float*, int, int, int)",17,"l2_l1_write_transactions","L2 Write Transactions (L1 write requests)",1179648,1179740,1179672
"Tesla K80 (0)","convolutionColumnsKernel(float*, float*, int, int, int)",17,"l2_tex_read_transactions","L2 Transactions (Texture Reads)",0,0,0
"Tesla K80 (0)","convolutionColumnsKernel(float*, float*, int, int, int)",17,"l2_l1_write_throughput","L2 Throughput (L1 Writes)",28.337892GB/s,28.346791GB/s,28.342491GB/s
"Tesla K80 (0)","convolutionColumnsKernel(float*, float*, int, int, int)",17,"l2_atomic_transactions","L2 Transactions (Atomic requests)",0,0,0
"Tesla K80 (0)","convolutionColumnsKernel(float*, float*, int, int, int)",17,"ecc_transactions","ECC Transactions",997697,1007614,1001437
"Tesla K80 (0)","convolutionColumnsKernel(float*, float*, int, int, int)",17,"ecc_throughput","ECC Throughput",23.973556GB/s,24.210106GB/s,24.060267GB/s
"Tesla K80 (0)","convolutionColumnsKernel(float*, float*, int, int, int)",17,"stall_pipe_busy","Issue Stall Reasons (Pipe Busy)",38.166061%,39.594840%,38.956811%
"Tesla K80 (0)","convolutionColumnsKernel(float*, float*, int, int, int)",17,"stall_constant_memory_dependency","Issue Stall Reasons (Immediate constant)",0.034361%,0.055378%,0.039555%
"Tesla K80 (0)","convolutionColumnsKernel(float*, float*, int, int, int)",17,"flop_sp_efficiency","FLOP Efficiency(Peak Single)",8.692293%,8.704952%,8.697384%
"Tesla K80 (0)","convolutionColumnsKernel(float*, float*, int, int, int)",17,"flop_dp_efficiency","FLOP Efficiency(Peak Double)",0.000000%,0.000000%,0.000000%
"Tesla K80 (0)","convolutionColumnsKernel(float*, float*, int, int, int)",17,"stall_memory_throttle","Issue Stall Reasons (Memory Throttle)",15.226018%,15.852937%,15.521166%
"Tesla K80 (0)","convolutionColumnsKernel(float*, float*, int, int, int)",17,"stall_not_selected","Issue Stall Reasons (Not Selected)",21.938858%,23.005443%,22.522032%
"Tesla K80 (0)","convolutionColumnsKernel(float*, float*, int, int, int)",17,"eligible_warps_per_cycle","Eligible Warps Per Active Cycle",14.460479,15.141809,14.831276
"Tesla K80 (0)","convolutionColumnsKernel(float*, float*, int, int, int)",17,"atomic_throughput","Atomic Throughput",0.000000B/s,0.000000B/s,0.000000B/s
"Tesla K80 (0)","convolutionRowsKernel(float*, float*, int, int, int)",17,"l1_cache_global_hit_rate","L1 Global Hit Rate",0.000000%,0.000000%,0.000000%
"Tesla K80 (0)","convolutionRowsKernel(float*, float*, int, int, int)",17,"l1_cache_local_hit_rate","L1 Local Hit Rate",0.000000%,0.000000%,0.000000%
"Tesla K80 (0)","convolutionRowsKernel(float*, float*, int, int, int)",17,"sm_efficiency","Multiprocessor Activity",99.458898%,99.571129%,99.514129%
"Tesla K80 (0)","convolutionRowsKernel(float*, float*, int, int, int)",17,"ipc","Executed IPC",0.883322,0.883999,0.883582
"Tesla K80 (0)","convolutionRowsKernel(float*, float*, int, int, int)",17,"achieved_occupancy","Achieved Occupancy",0.483911,0.484503,0.484222
"Tesla K80 (0)","convolutionRowsKernel(float*, float*, int, int, int)",17,"gld_requested_throughput","Requested Global Load Throughput",24.954938GB/s,24.965589GB/s,24.960064GB/s
"Tesla K80 (0)","convolutionRowsKernel(float*, float*, int, int, int)",17,"gst_requested_throughput","Requested Global Store Throughput",20.131714GB/s,20.140307GB/s,20.135850GB/s
"Tesla K80 (0)","convolutionRowsKernel(float*, float*, int, int, int)",17,"sm_efficiency_instance","Multiprocessor Activity",99.458898%,99.571129%,99.514129%
"Tesla K80 (0)","convolutionRowsKernel(float*, float*, int, int, int)",17,"ipc_instance","Executed IPC",0.883322,0.883999,0.883582
"Tesla K80 (0)","convolutionRowsKernel(float*, float*, int, int, int)",17,"inst_replay_overhead","Instruction Replay Overhead",0.543967,0.544223,0.544094
"Tesla K80 (0)","convolutionRowsKernel(float*, float*, int, int, int)",17,"shared_replay_overhead","Shared Memory Replay Overhead",0.430341,0.430341,0.430341
"Tesla K80 (0)","convolutionRowsKernel(float*, float*, int, int, int)",17,"global_replay_overhead","Global Memory Replay Overhead",0.055470,0.055470,0.055470
"Tesla K80 (0)","convolutionRowsKernel(float*, float*, int, int, int)",17,"global_cache_replay_overhead","Global Memory Cache Replay Overhead",0.000000,0.000000,0.000000
"Tesla K80 (0)","convolutionRowsKernel(float*, float*, int, int, int)",17,"tex_cache_hit_rate","Texture Cache Hit Rate",0.000000%,0.000000%,0.000000%
"Tesla K80 (0)","convolutionRowsKernel(float*, float*, int, int, int)",17,"tex_cache_throughput","Texture Cache Throughput",0.000000B/s,0.000000B/s,0.000000B/s
"Tesla K80 (0)","convolutionRowsKernel(float*, float*, int, int, int)",17,"dram_read_throughput","Device Memory Read Throughput",28.819557GB/s,28.844341GB/s,28.830573GB/s
"Tesla K80 (0)","convolutionRowsKernel(float*, float*, int, int, int)",17,"dram_write_throughput","Device Memory Write Throughput",25.697938GB/s,25.738499GB/s,25.715441GB/s
"Tesla K80 (0)","convolutionRowsKernel(float*, float*, int, int, int)",17,"gst_throughput","Global Store Throughput",20.131714GB/s,20.140307GB/s,20.135850GB/s
"Tesla K80 (0)","convolutionRowsKernel(float*, float*, int, int, int)",17,"gld_throughput","Global Load Throughput",24.954938GB/s,24.965589GB/s,24.960064GB/s
"Tesla K80 (0)","convolutionRowsKernel(float*, float*, int, int, int)",17,"local_replay_overhead","Local Memory Cache Replay Overhead",0.000000,0.000000,0.000000
"Tesla K80 (0)","convolutionRowsKernel(float*, float*, int, int, int)",17,"shared_efficiency","Shared Memory Efficiency",24.999493%,24.999932%,24.999680%
"Tesla K80 (0)","convolutionRowsKernel(float*, float*, int, int, int)",17,"gld_efficiency","Global Memory Load Efficiency",100.000000%,100.000000%,100.000000%
"Tesla K80 (0)","convolutionRowsKernel(float*, float*, int, int, int)",17,"gst_efficiency","Global Memory Store Efficiency",100.000000%,100.000000%,100.000000%
"Tesla K80 (0)","convolutionRowsKernel(float*, float*, int, int, int)",17,"l2_l1_read_hit_rate","L2 Hit Rate (L1 Reads)",19.327731%,19.327731%,19.327731%
"Tesla K80 (0)","convolutionRowsKernel(float*, float*, int, int, int)",17,"l2_texture_read_hit_rate","L2 Hit Rate (Texture Reads)",0.000000%,0.000000%,0.000000%
"Tesla K80 (0)","convolutionRowsKernel(float*, float*, int, int, int)",17,"l2_l1_read_throughput","L2 Throughput (L1 Reads)",24.954938GB/s,24.965589GB/s,24.960064GB/s
"Tesla K80 (0)","convolutionRowsKernel(float*, float*, int, int, int)",17,"l2_texture_read_throughput","L2 Throughput (Texture Reads)",0.000000B/s,0.000000B/s,0.000000B/s
"Tesla K80 (0)","convolutionRowsKernel(float*, float*, int, int, int)",17,"local_memory_overhead","Local Memory Overhead",0.000000%,0.003331%,0.001220%
"Tesla K80 (0)","convolutionRowsKernel(float*, float*, int, int, int)",17,"warp_execution_efficiency","Warp Execution Efficiency",100.000000%,100.000000%,100.000000%
"Tesla K80 (0)","convolutionRowsKernel(float*, float*, int, int, int)",17,"nc_gld_requested_throughput","Requested Non-Coherent Global Load Throughput",0.000000B/s,0.000000B/s,0.000000B/s
"Tesla K80 (0)","convolutionRowsKernel(float*, float*, int, int, int)",17,"issued_ipc","Issued IPC",1.363619,1.364744,1.364166
"Tesla K80 (0)","convolutionRowsKernel(float*, float*, int, int, int)",17,"inst_per_warp","Instructions per warp",323.000000,323.000000,323.000000
"Tesla K80 (0)","convolutionRowsKernel(float*, float*, int, int, int)",17,"issue_slot_utilization","Issue Slot Utilization",28.551874%,28.576375%,28.563799%
"Tesla K80 (0)","convolutionRowsKernel(float*, float*, int, int, int)",17,"local_load_transactions_per_request","Local Memory Load Transactions Per Request",0.000000,0.000000,0.000000
"Tesla K80 (0)","convolutionRowsKernel(float*, float*, int, int, int)",17,"local_store_transactions_per_request","Local Memory Store Transactions Per Request",0.000000,0.000000,0.000000
"Tesla K80 (0)","convolutionRowsKernel(float*, float*, int, int, int)",17,"shared_load_transactions_per_request","Shared Memory Load Transactions Per Request",2.000000,2.000000,2.000000
"Tesla K80 (0)","convolutionRowsKernel(float*, float*, int, int, int)",17,"shared_store_transactions_per_request","Shared Memory Store Transactions Per Request",2.000076,2.000659,2.000369
"Tesla K80 (0)","convolutionRowsKernel(float*, float*, int, int, int)",17,"gld_transactions_per_request","Global Load Transactions Per Request",2.000000,2.000000,2.000000
"Tesla K80 (0)","convolutionRowsKernel(float*, float*, int, int, int)",17,"gst_transactions_per_request","Global Store Transactions Per Request",2.000000,2.000000,2.000000
"Tesla K80 (0)","convolutionRowsKernel(float*, float*, int, int, int)",17,"local_load_transactions","Local Load Transactions",0,0,0
"Tesla K80 (0)","convolutionRowsKernel(float*, float*, int, int, int)",17,"local_store_transactions","Local Store Transactions",0,0,0
"Tesla K80 (0)","convolutionRowsKernel(float*, float*, int, int, int)",17,"shared_load_transactions","Shared Load Transactions",9510912,9510912,9510912
"Tesla K80 (0)","convolutionRowsKernel(float*, float*, int, int, int)",17,"shared_store_transactions","Shared Store Transactions",737308,737488,737411
"Tesla K80 (0)","convolutionRowsKernel(float*, float*, int, int, int)",17,"gld_transactions","Global Load Transactions",731136,731136,731136
"Tesla K80 (0)","convolutionRowsKernel(float*, float*, int, int, int)",17,"gst_transactions","Global Store Transactions",589824,589824,589824
"Tesla K80 (0)","convolutionRowsKernel(float*, float*, int, int, int)",17,"sysmem_read_transactions","System Memory Read Transactions",0,0,0
"Tesla K80 (0)","convolutionRowsKernel(float*, float*, int, int, int)",17,"sysmem_write_transactions","System Memory Write Transactions",1,13,4
"Tesla K80 (0)","convolutionRowsKernel(float*, float*, int, int, int)",17,"tex_cache_transactions","Texture Cache Transactions",0,0,0
"Tesla K80 (0)","convolutionRowsKernel(float*, float*, int, int, int)",17,"dram_read_transactions","Device Memory Read Transactions",1688464,1689883,1689023
"Tesla K80 (0)","convolutionRowsKernel(float*, float*, int, int, int)",17,"dram_write_transactions","Device Memory Write Transactions",1505288,1507594,1506525
"Tesla K80 (0)","convolutionRowsKernel(float*, float*, int, int, int)",17,"l2_read_transactions","L2 Read Transactions",1462397,1463425,1462616
"Tesla K80 (0)","convolutionRowsKernel(float*, float*, int, int, int)",17,"l2_write_transactions","L2 Write Transactions",1179657,1179795,1179707
"Tesla K80 (0)","convolutionRowsKernel(float*, float*, int, int, int)",17,"local_load_throughput","Local Memory Load Throughput",0.000000B/s,0.000000B/s,0.000000B/s
"Tesla K80 (0)","convolutionRowsKernel(float*, float*, int, int, int)",17,"local_store_throughput","Local Memory Store Throughput",0.000000B/s,0.000000B/s,0.000000B/s
"Tesla K80 (0)","convolutionRowsKernel(float*, float*, int, int, int)",17,"shared_load_throughput","Shared Memory Load Throughput",1.298496e+03GB/s,1.299050e+03GB/s,1.298762e+03GB/s
"Tesla K80 (0)","convolutionRowsKernel(float*, float*, int, int, int)",17,"shared_store_throughput","Shared Memory Store Throughput",100.673726GB/s,100.720248GB/s,100.697169GB/s
"Tesla K80 (0)","convolutionRowsKernel(float*, float*, int, int, int)",17,"l2_read_throughput","L2 Throughput (Reads)",24.957071GB/s,24.978478GB/s,24.965950GB/s
"Tesla K80 (0)","convolutionRowsKernel(float*, float*, int, int, int)",17,"l2_write_throughput","L2 Throughput (Writes)",20.131953GB/s,20.141502GB/s,20.136857GB/s
"Tesla K80 (0)","convolutionRowsKernel(float*, float*, int, int, int)",17,"sysmem_read_throughput","System Memory Read Throughput",0.000000B/s,0.000000B/s,0.000000B/s
"Tesla K80 (0)","convolutionRowsKernel(float*, float*, int, int, int)",17,"sysmem_write_throughput","System Memory Write Throughput",17.065000KB/s,221.889000KB/s,77.312000KB/s
"Tesla K80 (0)","convolutionRowsKernel(float*, float*, int, int, int)",17,"warp_nonpred_execution_efficiency","Warp Non-Predicated Execution Efficiency",99.974200%,99.974200%,99.974200%
"Tesla K80 (0)","convolutionRowsKernel(float*, float*, int, int, int)",17,"cf_issued","Issued Control-Flow Instructions",125751,126124,125954
"Tesla K80 (0)","convolutionRowsKernel(float*, float*, int, int, int)",17,"cf_executed","Executed Control-Flow Instructions",73728,73728,73728
"Tesla K80 (0)","convolutionRowsKernel(float*, float*, int, int, int)",17,"ldst_issued","Issued Load/Store Instructions",11871302,11875353,11873014
"Tesla K80 (0)","convolutionRowsKernel(float*, float*, int, int, int)",17,"ldst_executed","Executed Load/Store Instructions",5787648,5787648,5787648
"Tesla K80 (0)","convolutionRowsKernel(float*, float*, int, int, int)",17,"flop_count_sp","Floating Point Operations(Single Precision)",320864256,320864256,320864256
"Tesla K80 (0)","convolutionRowsKernel(float*, float*, int, int, int)",17,"flop_count_sp_add","Floating Point Operations(Single Precision Add)",0,0,0
"Tesla K80 (0)","convolutionRowsKernel(float*, float*, int, int, int)",17,"flop_count_sp_mul","Floating Point Operation(Single Precision Mul)",0,0,0
"Tesla K80 (0)","convolutionRowsKernel(float*, float*, int, int, int)",17,"flop_count_sp_fma","Floating Point Operations(Single Precision FMA)",160432128,160432128,160432128
"Tesla K80 (0)","convolutionRowsKernel(float*, float*, int, int, int)",17,"flop_count_dp","Floating Point Operations(Double Precision)",0,0,0
"Tesla K80 (0)","convolutionRowsKernel(float*, float*, int, int, int)",17,"flop_count_dp_add","Floating Point Operations(Double Precision Add)",0,0,0
"Tesla K80 (0)","convolutionRowsKernel(float*, float*, int, int, int)",17,"flop_count_dp_mul","Floating Point Operations(Double Precision Mul)",0,0,0
"Tesla K80 (0)","convolutionRowsKernel(float*, float*, int, int, int)",17,"flop_count_dp_fma","Floating Point Operations(Double Precison FMA)",0,0,0
"Tesla K80 (0)","convolutionRowsKernel(float*, float*, int, int, int)",17,"flop_count_sp_special","Floating Point Operations(Single Precision Special)",0,0,0
"Tesla K80 (0)","convolutionRowsKernel(float*, float*, int, int, int)",17,"stall_inst_fetch","Issue Stall Reasons (Instructions Fetch)",0.969206%,0.989408%,0.978928%
"Tesla K80 (0)","convolutionRowsKernel(float*, float*, int, int, int)",17,"stall_exec_dependency","Issue Stall Reasons (Execution Dependency)",8.078228%,8.175988%,8.127360%
"Tesla K80 (0)","convolutionRowsKernel(float*, float*, int, int, int)",17,"stall_memory_dependency","Issue Stall Reasons (Data Request)",0.000000%,0.000000%,0.000000%
"Tesla K80 (0)","convolutionRowsKernel(float*, float*, int, int, int)",17,"stall_texture","Issue Stall Reasons (Texture)",0.000000%,0.000000%,0.000000%
"Tesla K80 (0)","convolutionRowsKernel(float*, float*, int, int, int)",17,"stall_sync","Issue Stall Reasons (Synchronization)",6.168755%,6.995451%,6.545661%
"Tesla K80 (0)","convolutionRowsKernel(float*, float*, int, int, int)",17,"stall_other","Issue Stall Reasons (Other)",0.655066%,0.663752%,0.658934%
"Tesla K80 (0)","convolutionRowsKernel(float*, float*, int, int, int)",17,"l1_shared_utilization","L1/Shared Memory Utilization","High (8)","High (8)","High (8)"
"Tesla K80 (0)","convolutionRowsKernel(float*, float*, int, int, int)",17,"l2_utilization","L2 Cache Utilization","Low (2)","Low (2)","Low (2)"
"Tesla K80 (0)","convolutionRowsKernel(float*, float*, int, int, int)",17,"tex_utilization","Texture Cache Utilization","Idle (0)","Idle (0)","Idle (0)"
"Tesla K80 (0)","convolutionRowsKernel(float*, float*, int, int, int)",17,"dram_utilization","Device Memory Utilization","Low (3)","Low (3)","Low (3)"
"Tesla K80 (0)","convolutionRowsKernel(float*, float*, int, int, int)",17,"sysmem_utilization","System Memory Utilization","Low (1)","Low (1)","Low (1)"
"Tesla K80 (0)","convolutionRowsKernel(float*, float*, int, int, int)",17,"ldst_fu_utilization","Load/Store Function Unit Utilization","High (9)","High (9)","High (9)"
"Tesla K80 (0)","convolutionRowsKernel(float*, float*, int, int, int)",17,"alu_fu_utilization","Arithmetic Function Unit Utilization","Low (2)","Low (2)","Low (2)"
"Tesla K80 (0)","convolutionRowsKernel(float*, float*, int, int, int)",17,"cf_fu_utilization","Control-Flow Function Unit Utilization","Low (1)","Low (1)","Low (1)"
"Tesla K80 (0)","convolutionRowsKernel(float*, float*, int, int, int)",17,"tex_fu_utilization","Texture Function Unit Utilization","Idle (0)","Idle (0)","Idle (0)"
"Tesla K80 (0)","convolutionRowsKernel(float*, float*, int, int, int)",17,"inst_executed","Instructions Executed",11907072,11907072,11907072
"Tesla K80 (0)","convolutionRowsKernel(float*, float*, int, int, int)",17,"inst_issued","Instructions Issued",18384121,18387172,18385633
"Tesla K80 (0)","convolutionRowsKernel(float*, float*, int, int, int)",17,"issue_slots","Issue Slots",15397664,15399941,15398813
"Tesla K80 (0)","convolutionRowsKernel(float*, float*, int, int, int)",17,"nc_l2_read_throughput","L2 Throughput (Non-Coherent Reads)",0.000000B/s,0.000000B/s,0.000000B/s
"Tesla K80 (0)","convolutionRowsKernel(float*, float*, int, int, int)",17,"nc_l2_read_transactions","L2 Non-Coherent Read Transactions",0,0,0
"Tesla K80 (0)","convolutionRowsKernel(float*, float*, int, int, int)",17,"nc_cache_global_hit_rate","Non-Coherent Global Hit Rate",0.000000%,0.000000%,0.000000%
"Tesla K80 (0)","convolutionRowsKernel(float*, float*, int, int, int)",17,"nc_gld_throughput","Non-Coherent Global Memory Load Throughput",0.000000B/s,0.000000B/s,0.000000B/s
"Tesla K80 (0)","convolutionRowsKernel(float*, float*, int, int, int)",17,"nc_gld_efficiency","Non-Coherent Global Load Efficiency",0.000000%,0.000000%,0.000000%
"Tesla K80 (0)","convolutionRowsKernel(float*, float*, int, int, int)",17,"l2_atomic_throughput","L2 Throughput (Atomic requests)",0.000000B/s,0.000000B/s,0.000000B/s
"Tesla K80 (0)","convolutionRowsKernel(float*, float*, int, int, int)",17,"inst_fp_32","FP Instructions(Single)",160432128,160432128,160432128
"Tesla K80 (0)","convolutionRowsKernel(float*, float*, int, int, int)",17,"inst_fp_64","FP Instructions(Double)",0,0,0
"Tesla K80 (0)","convolutionRowsKernel(float*, float*, int, int, int)",17,"inst_integer","Integer Instructions",22413312,22413312,22413312
"Tesla K80 (0)","convolutionRowsKernel(float*, float*, int, int, int)",17,"inst_bit_convert","Bit-Convert Instructions",0,0,0
"Tesla K80 (0)","convolutionRowsKernel(float*, float*, int, int, int)",17,"inst_control","Control-Flow Instructions",1179648,1179648,1179648
"Tesla K80 (0)","convolutionRowsKernel(float*, float*, int, int, int)",17,"inst_compute_ld_st","Load/Store Instructions",185106432,185106432,185106432
"Tesla K80 (0)","convolutionRowsKernel(float*, float*, int, int, int)",17,"inst_misc","Misc Instructions",11796480,11796480,11796480
"Tesla K80 (0)","convolutionRowsKernel(float*, float*, int, int, int)",17,"inst_inter_thread_communication","Inter-Thread Instructions",0,0,0
"Tesla K80 (0)","convolutionRowsKernel(float*, float*, int, int, int)",17,"atomic_replay_overhead","Atomic Replay Overhead",0.000000,0.000000,0.000000
"Tesla K80 (0)","convolutionRowsKernel(float*, float*, int, int, int)",17,"atomic_transactions","Atomic Transactions",0,0,0
"Tesla K80 (0)","convolutionRowsKernel(float*, float*, int, int, int)",17,"atomic_transactions_per_request","Atomic Transactions Per Request",0.000000,0.000000,0.000000
"Tesla K80 (0)","convolutionRowsKernel(float*, float*, int, int, int)",17,"l2_l1_read_transactions","L2 Read Transactions (L1 read requests)",1462272,1462272,1462272
"Tesla K80 (0)","convolutionRowsKernel(float*, float*, int, int, int)",17,"l2_l1_write_transactions","L2 Write Transactions (L1 write requests)",1179648,1179736,1179680
"Tesla K80 (0)","convolutionRowsKernel(float*, float*, int, int, int)",17,"l2_tex_read_transactions","L2 Transactions (Texture Reads)",0,0,0
"Tesla K80 (0)","convolutionRowsKernel(float*, float*, int, int, int)",17,"l2_l1_write_throughput","L2 Throughput (L1 Writes)",20.131714GB/s,20.141127GB/s,20.136400GB/s
"Tesla K80 (0)","convolutionRowsKernel(float*, float*, int, int, int)",17,"l2_atomic_transactions","L2 Transactions (Atomic requests)",0,0,0
"Tesla K80 (0)","convolutionRowsKernel(float*, float*, int, int, int)",17,"ecc_transactions","ECC Transactions",834426,837665,835999
"Tesla K80 (0)","convolutionRowsKernel(float*, float*, int, int, int)",17,"ecc_throughput","ECC Throughput",14.246265GB/s,14.301092GB/s,14.269984GB/s
"Tesla K80 (0)","convolutionRowsKernel(float*, float*, int, int, int)",17,"stall_pipe_busy","Issue Stall Reasons (Pipe Busy)",37.517573%,38.113017%,37.725627%
"Tesla K80 (0)","convolutionRowsKernel(float*, float*, int, int, int)",17,"stall_constant_memory_dependency","Issue Stall Reasons (Immediate constant)",0.020986%,0.034533%,0.025907%
"Tesla K80 (0)","convolutionRowsKernel(float*, float*, int, int, int)",17,"flop_sp_efficiency","FLOP Efficiency(Peak Single)",6.165435%,6.173796%,6.169693%
"Tesla K80 (0)","convolutionRowsKernel(float*, float*, int, int, int)",17,"flop_dp_efficiency","FLOP Efficiency(Peak Double)",0.000000%,0.000000%,0.000000%
"Tesla K80 (0)","convolutionRowsKernel(float*, float*, int, int, int)",17,"stall_memory_throttle","Issue Stall Reasons (Memory Throttle)",27.249630%,27.573573%,27.409339%
"Tesla K80 (0)","convolutionRowsKernel(float*, float*, int, int, int)",17,"stall_not_selected","Issue Stall Reasons (Not Selected)",18.404363%,18.786511%,18.528244%
"Tesla K80 (0)","convolutionRowsKernel(float*, float*, int, int, int)",17,"eligible_warps_per_cycle","Eligible Warps Per Active Cycle",6.610996,6.700069,6.654230
"Tesla K80 (0)","convolutionRowsKernel(float*, float*, int, int, int)",17,"atomic_throughput","Atomic Throughput",0.000000B/s,0.000000B/s,0.000000B/s
