==12448== NVPROF is profiling process 12448, command: ./convolution_cpu
==12448== Warning: Some kernel(s) will be replayed on device 0 in order to collect all events/metrics.
==12448== Profiling application: ./convolution_cpu
==12448== Profiling result:
==12448== Event result:
"Device","Kernel","Invocations","Event Name","Min","Max","Avg"
"Tesla K80 (0)","convolutionColumnsKernel(float*, float*, int, int, int)",17,"tex0_cache_sector_queries",0,0,0
"Tesla K80 (0)","convolutionColumnsKernel(float*, float*, int, int, int)",17,"tex1_cache_sector_queries",0,0,0
"Tesla K80 (0)","convolutionColumnsKernel(float*, float*, int, int, int)",17,"tex2_cache_sector_queries",0,0,0
"Tesla K80 (0)","convolutionColumnsKernel(float*, float*, int, int, int)",17,"tex3_cache_sector_queries",0,0,0
"Tesla K80 (0)","convolutionColumnsKernel(float*, float*, int, int, int)",17,"tex0_cache_sector_misses",0,0,0
"Tesla K80 (0)","convolutionColumnsKernel(float*, float*, int, int, int)",17,"tex1_cache_sector_misses",0,0,0
"Tesla K80 (0)","convolutionColumnsKernel(float*, float*, int, int, int)",17,"tex2_cache_sector_misses",0,0,0
"Tesla K80 (0)","convolutionColumnsKernel(float*, float*, int, int, int)",17,"tex3_cache_sector_misses",0,0,0
"Tesla K80 (0)","convolutionColumnsKernel(float*, float*, int, int, int)",17,"fb_subp0_read_sectors",962664,966368,964422
"Tesla K80 (0)","convolutionColumnsKernel(float*, float*, int, int, int)",17,"fb_subp1_read_sectors",963103,966231,964670
"Tesla K80 (0)","convolutionColumnsKernel(float*, float*, int, int, int)",17,"fb_subp0_write_sectors",772855,774524,773635
"Tesla K80 (0)","convolutionColumnsKernel(float*, float*, int, int, int)",17,"fb_subp1_write_sectors",771197,775203,773418
"Tesla K80 (0)","convolutionColumnsKernel(float*, float*, int, int, int)",17,"l2_subp0_write_sector_misses",294912,295016,294930
"Tesla K80 (0)","convolutionColumnsKernel(float*, float*, int, int, int)",17,"l2_subp1_write_sector_misses",294913,294965,294916
"Tesla K80 (0)","convolutionColumnsKernel(float*, float*, int, int, int)",17,"l2_subp2_write_sector_misses",294912,295009,294935
"Tesla K80 (0)","convolutionColumnsKernel(float*, float*, int, int, int)",17,"l2_subp3_write_sector_misses",294915,294980,294922
"Tesla K80 (0)","convolutionColumnsKernel(float*, float*, int, int, int)",17,"l2_subp0_read_sector_misses",322914,325041,324039
"Tesla K80 (0)","convolutionColumnsKernel(float*, float*, int, int, int)",17,"l2_subp1_read_sector_misses",323399,324468,323877
"Tesla K80 (0)","convolutionColumnsKernel(float*, float*, int, int, int)",17,"l2_subp2_read_sector_misses",323032,324636,323913
"Tesla K80 (0)","convolutionColumnsKernel(float*, float*, int, int, int)",17,"l2_subp3_read_sector_misses",323371,324699,324061
"Tesla K80 (0)","convolutionColumnsKernel(float*, float*, int, int, int)",17,"l2_subp0_write_l1_sector_queries",294912,295004,294921
"Tesla K80 (0)","convolutionColumnsKernel(float*, float*, int, int, int)",17,"l2_subp1_write_l1_sector_queries",294912,294912,294912
"Tesla K80 (0)","convolutionColumnsKernel(float*, float*, int, int, int)",17,"l2_subp2_write_l1_sector_queries",294912,294976,294919
"Tesla K80 (0)","convolutionColumnsKernel(float*, float*, int, int, int)",17,"l2_subp3_write_l1_sector_queries",294912,294992,294928
"Tesla K80 (0)","convolutionColumnsKernel(float*, float*, int, int, int)",17,"l2_subp0_read_l1_sector_queries",367104,367104,367104
"Tesla K80 (0)","convolutionColumnsKernel(float*, float*, int, int, int)",17,"l2_subp1_read_l1_sector_queries",367104,367104,367104
"Tesla K80 (0)","convolutionColumnsKernel(float*, float*, int, int, int)",17,"l2_subp2_read_l1_sector_queries",367104,367104,367104
"Tesla K80 (0)","convolutionColumnsKernel(float*, float*, int, int, int)",17,"l2_subp3_read_l1_sector_queries",367104,367104,367104
"Tesla K80 (0)","convolutionColumnsKernel(float*, float*, int, int, int)",17,"l2_subp0_read_l1_hit_sectors",42212,43884,43105
"Tesla K80 (0)","convolutionColumnsKernel(float*, float*, int, int, int)",17,"l2_subp1_read_l1_hit_sectors",42644,44064,43288
"Tesla K80 (0)","convolutionColumnsKernel(float*, float*, int, int, int)",17,"l2_subp2_read_l1_hit_sectors",42608,43736,43132
"Tesla K80 (0)","convolutionColumnsKernel(float*, float*, int, int, int)",17,"l2_subp3_read_l1_hit_sectors",41856,44102,43172
"Tesla K80 (0)","convolutionColumnsKernel(float*, float*, int, int, int)",17,"l2_subp0_read_tex_sector_queries",0,0,0
"Tesla K80 (0)","convolutionColumnsKernel(float*, float*, int, int, int)",17,"l2_subp1_read_tex_sector_queries",0,0,0
"Tesla K80 (0)","convolutionColumnsKernel(float*, float*, int, int, int)",17,"l2_subp2_read_tex_sector_queries",0,0,0
"Tesla K80 (0)","convolutionColumnsKernel(float*, float*, int, int, int)",17,"l2_subp3_read_tex_sector_queries",0,0,0
"Tesla K80 (0)","convolutionColumnsKernel(float*, float*, int, int, int)",17,"l2_subp0_read_tex_hit_sectors",0,0,0
"Tesla K80 (0)","convolutionColumnsKernel(float*, float*, int, int, int)",17,"l2_subp1_read_tex_hit_sectors",0,0,0
"Tesla K80 (0)","convolutionColumnsKernel(float*, float*, int, int, int)",17,"l2_subp2_read_tex_hit_sectors",0,0,0
"Tesla K80 (0)","convolutionColumnsKernel(float*, float*, int, int, int)",17,"l2_subp3_read_tex_hit_sectors",0,0,0
"Tesla K80 (0)","convolutionColumnsKernel(float*, float*, int, int, int)",17,"rocache_subp0_gld_thread_count_32b",0,0,0
"Tesla K80 (0)","convolutionColumnsKernel(float*, float*, int, int, int)",17,"rocache_subp1_gld_thread_count_32b",0,0,0
"Tesla K80 (0)","convolutionColumnsKernel(float*, float*, int, int, int)",17,"rocache_subp2_gld_thread_count_32b",0,0,0
"Tesla K80 (0)","convolutionColumnsKernel(float*, float*, int, int, int)",17,"rocache_subp3_gld_thread_count_32b",0,0,0
"Tesla K80 (0)","convolutionColumnsKernel(float*, float*, int, int, int)",17,"rocache_subp0_gld_thread_count_64b",0,0,0
"Tesla K80 (0)","convolutionColumnsKernel(float*, float*, int, int, int)",17,"rocache_subp1_gld_thread_count_64b",0,0,0
"Tesla K80 (0)","convolutionColumnsKernel(float*, float*, int, int, int)",17,"rocache_subp2_gld_thread_count_64b",0,0,0
"Tesla K80 (0)","convolutionColumnsKernel(float*, float*, int, int, int)",17,"rocache_subp3_gld_thread_count_64b",0,0,0
"Tesla K80 (0)","convolutionColumnsKernel(float*, float*, int, int, int)",17,"rocache_subp0_gld_thread_count_128b",0,0,0
"Tesla K80 (0)","convolutionColumnsKernel(float*, float*, int, int, int)",17,"rocache_subp1_gld_thread_count_128b",0,0,0
"Tesla K80 (0)","convolutionColumnsKernel(float*, float*, int, int, int)",17,"rocache_subp2_gld_thread_count_128b",0,0,0
"Tesla K80 (0)","convolutionColumnsKernel(float*, float*, int, int, int)",17,"rocache_subp3_gld_thread_count_128b",0,0,0
"Tesla K80 (0)","convolutionColumnsKernel(float*, float*, int, int, int)",17,"rocache_subp0_gld_warp_count_32b",0,0,0
"Tesla K80 (0)","convolutionColumnsKernel(float*, float*, int, int, int)",17,"rocache_subp1_gld_warp_count_32b",0,0,0
"Tesla K80 (0)","convolutionColumnsKernel(float*, float*, int, int, int)",17,"rocache_subp2_gld_warp_count_32b",0,0,0
"Tesla K80 (0)","convolutionColumnsKernel(float*, float*, int, int, int)",17,"rocache_subp3_gld_warp_count_32b",0,0,0
"Tesla K80 (0)","convolutionColumnsKernel(float*, float*, int, int, int)",17,"rocache_subp0_gld_warp_count_64b",0,0,0
"Tesla K80 (0)","convolutionColumnsKernel(float*, float*, int, int, int)",17,"rocache_subp1_gld_warp_count_64b",0,0,0
"Tesla K80 (0)","convolutionColumnsKernel(float*, float*, int, int, int)",17,"rocache_subp2_gld_warp_count_64b",0,0,0
"Tesla K80 (0)","convolutionColumnsKernel(float*, float*, int, int, int)",17,"rocache_subp3_gld_warp_count_64b",0,0,0
"Tesla K80 (0)","convolutionColumnsKernel(float*, float*, int, int, int)",17,"rocache_subp0_gld_warp_count_128b",0,0,0
"Tesla K80 (0)","convolutionColumnsKernel(float*, float*, int, int, int)",17,"rocache_subp1_gld_warp_count_128b",0,0,0
"Tesla K80 (0)","convolutionColumnsKernel(float*, float*, int, int, int)",17,"rocache_subp2_gld_warp_count_128b",0,0,0
"Tesla K80 (0)","convolutionColumnsKernel(float*, float*, int, int, int)",17,"rocache_subp3_gld_warp_count_128b",0,0,0
"Tesla K80 (0)","convolutionColumnsKernel(float*, float*, int, int, int)",17,"l2_subp0_read_sysmem_sector_queries",0,0,0
"Tesla K80 (0)","convolutionColumnsKernel(float*, float*, int, int, int)",17,"l2_subp1_read_sysmem_sector_queries",0,0,0
"Tesla K80 (0)","convolutionColumnsKernel(float*, float*, int, int, int)",17,"l2_subp2_read_sysmem_sector_queries",0,0,0
"Tesla K80 (0)","convolutionColumnsKernel(float*, float*, int, int, int)",17,"l2_subp3_read_sysmem_sector_queries",0,0,0
"Tesla K80 (0)","convolutionColumnsKernel(float*, float*, int, int, int)",17,"l2_subp0_write_sysmem_sector_queries",0,5,1
"Tesla K80 (0)","convolutionColumnsKernel(float*, float*, int, int, int)",17,"l2_subp1_write_sysmem_sector_queries",0,5,0
"Tesla K80 (0)","convolutionColumnsKernel(float*, float*, int, int, int)",17,"l2_subp2_write_sysmem_sector_queries",0,4,0
"Tesla K80 (0)","convolutionColumnsKernel(float*, float*, int, int, int)",17,"l2_subp3_write_sysmem_sector_queries",0,4,0
"Tesla K80 (0)","convolutionColumnsKernel(float*, float*, int, int, int)",17,"l2_subp0_total_read_sector_queries",367144,367289,367179
"Tesla K80 (0)","convolutionColumnsKernel(float*, float*, int, int, int)",17,"l2_subp1_total_read_sector_queries",367144,367348,367194
"Tesla K80 (0)","convolutionColumnsKernel(float*, float*, int, int, int)",17,"l2_subp2_total_read_sector_queries",367124,367332,367182
"Tesla K80 (0)","convolutionColumnsKernel(float*, float*, int, int, int)",17,"l2_subp3_total_read_sector_queries",367124,367244,367154
"Tesla K80 (0)","convolutionColumnsKernel(float*, float*, int, int, int)",17,"l2_subp0_total_write_sector_queries",294914,295003,294932
"Tesla K80 (0)","convolutionColumnsKernel(float*, float*, int, int, int)",17,"l2_subp1_total_write_sector_queries",294913,294982,294925
"Tesla K80 (0)","convolutionColumnsKernel(float*, float*, int, int, int)",17,"l2_subp2_total_write_sector_queries",294912,294983,294923
"Tesla K80 (0)","convolutionColumnsKernel(float*, float*, int, int, int)",17,"l2_subp3_total_write_sector_queries",294915,294977,294922
"Tesla K80 (0)","convolutionColumnsKernel(float*, float*, int, int, int)",17,"elapsed_cycles_sm",9600920,9627428,9609919
"Tesla K80 (0)","convolutionColumnsKernel(float*, float*, int, int, int)",17,"gld_inst_8bit",0,0,0
"Tesla K80 (0)","convolutionColumnsKernel(float*, float*, int, int, int)",17,"gld_inst_16bit",0,0,0
"Tesla K80 (0)","convolutionColumnsKernel(float*, float*, int, int, int)",17,"gld_inst_32bit",11747328,11747328,11747328
"Tesla K80 (0)","convolutionColumnsKernel(float*, float*, int, int, int)",17,"gld_inst_64bit",0,0,0
"Tesla K80 (0)","convolutionColumnsKernel(float*, float*, int, int, int)",17,"gld_inst_128bit",0,0,0
"Tesla K80 (0)","convolutionColumnsKernel(float*, float*, int, int, int)",17,"gst_inst_8bit",0,0,0
"Tesla K80 (0)","convolutionColumnsKernel(float*, float*, int, int, int)",17,"gst_inst_16bit",0,0,0
"Tesla K80 (0)","convolutionColumnsKernel(float*, float*, int, int, int)",17,"gst_inst_32bit",9437184,9437184,9437184
"Tesla K80 (0)","convolutionColumnsKernel(float*, float*, int, int, int)",17,"gst_inst_64bit",0,0,0
"Tesla K80 (0)","convolutionColumnsKernel(float*, float*, int, int, int)",17,"gst_inst_128bit",0,0,0
"Tesla K80 (0)","convolutionColumnsKernel(float*, float*, int, int, int)",17,"rocache_gld_inst_8bit",0,0,0
"Tesla K80 (0)","convolutionColumnsKernel(float*, float*, int, int, int)",17,"rocache_gld_inst_16bit",0,0,0
"Tesla K80 (0)","convolutionColumnsKernel(float*, float*, int, int, int)",17,"rocache_gld_inst_32bit",0,0,0
"Tesla K80 (0)","convolutionColumnsKernel(float*, float*, int, int, int)",17,"rocache_gld_inst_64bit",0,0,0
"Tesla K80 (0)","convolutionColumnsKernel(float*, float*, int, int, int)",17,"rocache_gld_inst_128bit",0,0,0
"Tesla K80 (0)","convolutionColumnsKernel(float*, float*, int, int, int)",17,"prof_trigger_00",0,0,0
"Tesla K80 (0)","convolutionColumnsKernel(float*, float*, int, int, int)",17,"prof_trigger_01",0,0,0
"Tesla K80 (0)","convolutionColumnsKernel(float*, float*, int, int, int)",17,"prof_trigger_02",0,0,0
"Tesla K80 (0)","convolutionColumnsKernel(float*, float*, int, int, int)",17,"prof_trigger_03",0,0,0
"Tesla K80 (0)","convolutionColumnsKernel(float*, float*, int, int, int)",17,"prof_trigger_04",0,0,0
"Tesla K80 (0)","convolutionColumnsKernel(float*, float*, int, int, int)",17,"prof_trigger_05",0,0,0
"Tesla K80 (0)","convolutionColumnsKernel(float*, float*, int, int, int)",17,"prof_trigger_06",0,0,0
"Tesla K80 (0)","convolutionColumnsKernel(float*, float*, int, int, int)",17,"prof_trigger_07",0,0,0
"Tesla K80 (0)","convolutionColumnsKernel(float*, float*, int, int, int)",17,"atom_cas_count",0,0,0
"Tesla K80 (0)","convolutionColumnsKernel(float*, float*, int, int, int)",17,"warps_launched",36864,36864,36864
"Tesla K80 (0)","convolutionColumnsKernel(float*, float*, int, int, int)",17,"threads_launched",1179648,1179648,1179648
"Tesla K80 (0)","convolutionColumnsKernel(float*, float*, int, int, int)",17,"inst_executed",11453952,11453952,11453952
"Tesla K80 (0)","convolutionColumnsKernel(float*, float*, int, int, int)",17,"inst_issued1",9352591,9355881,9354616
"Tesla K80 (0)","convolutionColumnsKernel(float*, float*, int, int, int)",17,"inst_issued2",3328374,3329765,3328952
"Tesla K80 (0)","convolutionColumnsKernel(float*, float*, int, int, int)",17,"thread_inst_executed",366526464,366526464,366526464
"Tesla K80 (0)","convolutionColumnsKernel(float*, float*, int, int, int)",17,"shared_load",2691072,2691072,2691072
"Tesla K80 (0)","convolutionColumnsKernel(float*, float*, int, int, int)",17,"shared_store",368640,368640,368640
"Tesla K80 (0)","convolutionColumnsKernel(float*, float*, int, int, int)",17,"local_load",0,0,0
"Tesla K80 (0)","convolutionColumnsKernel(float*, float*, int, int, int)",17,"local_store",0,0,0
"Tesla K80 (0)","convolutionColumnsKernel(float*, float*, int, int, int)",17,"gld_request",367104,367104,367104
"Tesla K80 (0)","convolutionColumnsKernel(float*, float*, int, int, int)",17,"gst_request",294912,294912,294912
"Tesla K80 (0)","convolutionColumnsKernel(float*, float*, int, int, int)",17,"active_cycles",9544516,9558715,9548178
"Tesla K80 (0)","convolutionColumnsKernel(float*, float*, int, int, int)",17,"active_warps",590531654,591588542,591068828
"Tesla K80 (0)","convolutionColumnsKernel(float*, float*, int, int, int)",17,"sm_cta_launched",9216,9216,9216
"Tesla K80 (0)","convolutionColumnsKernel(float*, float*, int, int, int)",17,"not_predicated_off_thread_inst_executed",364216320,364216320,364216320
"Tesla K80 (0)","convolutionColumnsKernel(float*, float*, int, int, int)",17,"l1_local_load_hit",0,0,0
"Tesla K80 (0)","convolutionColumnsKernel(float*, float*, int, int, int)",17,"l1_local_load_miss",0,0,0
"Tesla K80 (0)","convolutionColumnsKernel(float*, float*, int, int, int)",17,"l1_local_store_hit",0,0,0
"Tesla K80 (0)","convolutionColumnsKernel(float*, float*, int, int, int)",17,"l1_local_store_miss",0,0,0
"Tesla K80 (0)","convolutionColumnsKernel(float*, float*, int, int, int)",17,"l1_global_load_hit",0,0,0
"Tesla K80 (0)","convolutionColumnsKernel(float*, float*, int, int, int)",17,"l1_global_load_miss",0,0,0
"Tesla K80 (0)","convolutionColumnsKernel(float*, float*, int, int, int)",17,"uncached_global_load_transaction",734208,734208,734208
"Tesla K80 (0)","convolutionColumnsKernel(float*, float*, int, int, int)",17,"global_store_transaction",589824,589824,589824
"Tesla K80 (0)","convolutionColumnsKernel(float*, float*, int, int, int)",17,"shared_load_replay",2691072,2691072,2691072
"Tesla K80 (0)","convolutionColumnsKernel(float*, float*, int, int, int)",17,"shared_store_replay",368640,368640,368640
"Tesla K80 (0)","convolutionColumnsKernel(float*, float*, int, int, int)",17,"global_ld_mem_divergence_replays",367104,367104,367104
"Tesla K80 (0)","convolutionColumnsKernel(float*, float*, int, int, int)",17,"global_st_mem_divergence_replays",294912,294912,294912
"Tesla K80 (0)","convolutionColumnsKernel(float*, float*, int, int, int)",17,"local_load_transactions",0,0,0
"Tesla K80 (0)","convolutionColumnsKernel(float*, float*, int, int, int)",17,"local_store_transactions",0,0,0
"Tesla K80 (0)","convolutionColumnsKernel(float*, float*, int, int, int)",17,"l1_shared_load_transactions",5382144,5382144,5382144
"Tesla K80 (0)","convolutionColumnsKernel(float*, float*, int, int, int)",17,"l1_shared_store_transactions",737280,737319,737290
"Tesla K80 (0)","convolutionColumnsKernel(float*, float*, int, int, int)",17,"__l1_global_load_transactions",736138,738049,736886
"Tesla K80 (0)","convolutionColumnsKernel(float*, float*, int, int, int)",17,"__l1_global_store_transactions",589824,589824,589824
"Tesla K80 (0)","convolutionColumnsKernel(float*, float*, int, int, int)",17,"atom_count",0,0,0
"Tesla K80 (0)","convolutionColumnsKernel(float*, float*, int, int, int)",17,"gred_count",0,0,0
"Tesla K80 (0)","convolutionRowsKernel(float*, float*, int, int, int)",17,"tex0_cache_sector_queries",0,0,0
"Tesla K80 (0)","convolutionRowsKernel(float*, float*, int, int, int)",17,"tex1_cache_sector_queries",0,0,0
"Tesla K80 (0)","convolutionRowsKernel(float*, float*, int, int, int)",17,"tex2_cache_sector_queries",0,0,0
"Tesla K80 (0)","convolutionRowsKernel(float*, float*, int, int, int)",17,"tex3_cache_sector_queries",0,0,0
"Tesla K80 (0)","convolutionRowsKernel(float*, float*, int, int, int)",17,"tex0_cache_sector_misses",0,0,0
"Tesla K80 (0)","convolutionRowsKernel(float*, float*, int, int, int)",17,"tex1_cache_sector_misses",0,0,0
"Tesla K80 (0)","convolutionRowsKernel(float*, float*, int, int, int)",17,"tex2_cache_sector_misses",0,0,0
"Tesla K80 (0)","convolutionRowsKernel(float*, float*, int, int, int)",17,"tex3_cache_sector_misses",0,0,0
"Tesla K80 (0)","convolutionRowsKernel(float*, float*, int, int, int)",17,"fb_subp0_read_sectors",843879,844889,844372
"Tesla K80 (0)","convolutionRowsKernel(float*, float*, int, int, int)",17,"fb_subp1_read_sectors",844070,845816,844552
"Tesla K80 (0)","convolutionRowsKernel(float*, float*, int, int, int)",17,"fb_subp0_write_sectors",752840,753769,753310
"Tesla K80 (0)","convolutionRowsKernel(float*, float*, int, int, int)",17,"fb_subp1_write_sectors",752734,753794,753189
"Tesla K80 (0)","convolutionRowsKernel(float*, float*, int, int, int)",17,"l2_subp0_write_sector_misses",294915,294985,294923
"Tesla K80 (0)","convolutionRowsKernel(float*, float*, int, int, int)",17,"l2_subp1_write_sector_misses",294913,294981,294917
"Tesla K80 (0)","convolutionRowsKernel(float*, float*, int, int, int)",17,"l2_subp2_write_sector_misses",294912,294984,294919
"Tesla K80 (0)","convolutionRowsKernel(float*, float*, int, int, int)",17,"l2_subp3_write_sector_misses",294915,295015,294930
"Tesla K80 (0)","convolutionRowsKernel(float*, float*, int, int, int)",17,"l2_subp0_read_sector_misses",294918,294944,294923
"Tesla K80 (0)","convolutionRowsKernel(float*, float*, int, int, int)",17,"l2_subp1_read_sector_misses",294915,294940,294919
"Tesla K80 (0)","convolutionRowsKernel(float*, float*, int, int, int)",17,"l2_subp2_read_sector_misses",294916,295684,294993
"Tesla K80 (0)","convolutionRowsKernel(float*, float*, int, int, int)",17,"l2_subp3_read_sector_misses",294915,294947,294931
"Tesla K80 (0)","convolutionRowsKernel(float*, float*, int, int, int)",17,"l2_subp0_write_l1_sector_queries",294912,295008,294933
"Tesla K80 (0)","convolutionRowsKernel(float*, float*, int, int, int)",17,"l2_subp1_write_l1_sector_queries",294912,295008,294929
"Tesla K80 (0)","convolutionRowsKernel(float*, float*, int, int, int)",17,"l2_subp2_write_l1_sector_queries",294912,294992,294928
"Tesla K80 (0)","convolutionRowsKernel(float*, float*, int, int, int)",17,"l2_subp3_write_l1_sector_queries",294912,294988,294926
"Tesla K80 (0)","convolutionRowsKernel(float*, float*, int, int, int)",17,"l2_subp0_read_l1_sector_queries",365656,365656,365656
"Tesla K80 (0)","convolutionRowsKernel(float*, float*, int, int, int)",17,"l2_subp1_read_l1_sector_queries",365494,365494,365494
"Tesla K80 (0)","convolutionRowsKernel(float*, float*, int, int, int)",17,"l2_subp2_read_l1_sector_queries",365558,365558,365558
"Tesla K80 (0)","convolutionRowsKernel(float*, float*, int, int, int)",17,"l2_subp3_read_l1_sector_queries",365564,365564,365564
"Tesla K80 (0)","convolutionRowsKernel(float*, float*, int, int, int)",17,"l2_subp0_read_l1_hit_sectors",70744,70744,70744
"Tesla K80 (0)","convolutionRowsKernel(float*, float*, int, int, int)",17,"l2_subp1_read_l1_hit_sectors",70582,70582,70582
"Tesla K80 (0)","convolutionRowsKernel(float*, float*, int, int, int)",17,"l2_subp2_read_l1_hit_sectors",70646,70646,70646
"Tesla K80 (0)","convolutionRowsKernel(float*, float*, int, int, int)",17,"l2_subp3_read_l1_hit_sectors",70652,70652,70652
"Tesla K80 (0)","convolutionRowsKernel(float*, float*, int, int, int)",17,"l2_subp0_read_tex_sector_queries",0,0,0
"Tesla K80 (0)","convolutionRowsKernel(float*, float*, int, int, int)",17,"l2_subp1_read_tex_sector_queries",0,0,0
"Tesla K80 (0)","convolutionRowsKernel(float*, float*, int, int, int)",17,"l2_subp2_read_tex_sector_queries",0,0,0
"Tesla K80 (0)","convolutionRowsKernel(float*, float*, int, int, int)",17,"l2_subp3_read_tex_sector_queries",0,0,0
"Tesla K80 (0)","convolutionRowsKernel(float*, float*, int, int, int)",17,"l2_subp0_read_tex_hit_sectors",0,0,0
"Tesla K80 (0)","convolutionRowsKernel(float*, float*, int, int, int)",17,"l2_subp1_read_tex_hit_sectors",0,0,0
"Tesla K80 (0)","convolutionRowsKernel(float*, float*, int, int, int)",17,"l2_subp2_read_tex_hit_sectors",0,0,0
"Tesla K80 (0)","convolutionRowsKernel(float*, float*, int, int, int)",17,"l2_subp3_read_tex_hit_sectors",0,0,0
"Tesla K80 (0)","convolutionRowsKernel(float*, float*, int, int, int)",17,"rocache_subp0_gld_thread_count_32b",0,0,0
"Tesla K80 (0)","convolutionRowsKernel(float*, float*, int, int, int)",17,"rocache_subp1_gld_thread_count_32b",0,0,0
"Tesla K80 (0)","convolutionRowsKernel(float*, float*, int, int, int)",17,"rocache_subp2_gld_thread_count_32b",0,0,0
"Tesla K80 (0)","convolutionRowsKernel(float*, float*, int, int, int)",17,"rocache_subp3_gld_thread_count_32b",0,0,0
"Tesla K80 (0)","convolutionRowsKernel(float*, float*, int, int, int)",17,"rocache_subp0_gld_thread_count_64b",0,0,0
"Tesla K80 (0)","convolutionRowsKernel(float*, float*, int, int, int)",17,"rocache_subp1_gld_thread_count_64b",0,0,0
"Tesla K80 (0)","convolutionRowsKernel(float*, float*, int, int, int)",17,"rocache_subp2_gld_thread_count_64b",0,0,0
"Tesla K80 (0)","convolutionRowsKernel(float*, float*, int, int, int)",17,"rocache_subp3_gld_thread_count_64b",0,0,0
"Tesla K80 (0)","convolutionRowsKernel(float*, float*, int, int, int)",17,"rocache_subp0_gld_thread_count_128b",0,0,0
"Tesla K80 (0)","convolutionRowsKernel(float*, float*, int, int, int)",17,"rocache_subp1_gld_thread_count_128b",0,0,0
"Tesla K80 (0)","convolutionRowsKernel(float*, float*, int, int, int)",17,"rocache_subp2_gld_thread_count_128b",0,0,0
"Tesla K80 (0)","convolutionRowsKernel(float*, float*, int, int, int)",17,"rocache_subp3_gld_thread_count_128b",0,0,0
"Tesla K80 (0)","convolutionRowsKernel(float*, float*, int, int, int)",17,"rocache_subp0_gld_warp_count_32b",0,0,0
"Tesla K80 (0)","convolutionRowsKernel(float*, float*, int, int, int)",17,"rocache_subp1_gld_warp_count_32b",0,0,0
"Tesla K80 (0)","convolutionRowsKernel(float*, float*, int, int, int)",17,"rocache_subp2_gld_warp_count_32b",0,0,0
"Tesla K80 (0)","convolutionRowsKernel(float*, float*, int, int, int)",17,"rocache_subp3_gld_warp_count_32b",0,0,0
"Tesla K80 (0)","convolutionRowsKernel(float*, float*, int, int, int)",17,"rocache_subp0_gld_warp_count_64b",0,0,0
"Tesla K80 (0)","convolutionRowsKernel(float*, float*, int, int, int)",17,"rocache_subp1_gld_warp_count_64b",0,0,0
"Tesla K80 (0)","convolutionRowsKernel(float*, float*, int, int, int)",17,"rocache_subp2_gld_warp_count_64b",0,0,0
"Tesla K80 (0)","convolutionRowsKernel(float*, float*, int, int, int)",17,"rocache_subp3_gld_warp_count_64b",0,0,0
"Tesla K80 (0)","convolutionRowsKernel(float*, float*, int, int, int)",17,"rocache_subp0_gld_warp_count_128b",0,0,0
"Tesla K80 (0)","convolutionRowsKernel(float*, float*, int, int, int)",17,"rocache_subp1_gld_warp_count_128b",0,0,0
"Tesla K80 (0)","convolutionRowsKernel(float*, float*, int, int, int)",17,"rocache_subp2_gld_warp_count_128b",0,0,0
"Tesla K80 (0)","convolutionRowsKernel(float*, float*, int, int, int)",17,"rocache_subp3_gld_warp_count_128b",0,0,0
"Tesla K80 (0)","convolutionRowsKernel(float*, float*, int, int, int)",17,"l2_subp0_read_sysmem_sector_queries",0,0,0
"Tesla K80 (0)","convolutionRowsKernel(float*, float*, int, int, int)",17,"l2_subp1_read_sysmem_sector_queries",0,0,0
"Tesla K80 (0)","convolutionRowsKernel(float*, float*, int, int, int)",17,"l2_subp2_read_sysmem_sector_queries",0,0,0
"Tesla K80 (0)","convolutionRowsKernel(float*, float*, int, int, int)",17,"l2_subp3_read_sysmem_sector_queries",0,0,0
"Tesla K80 (0)","convolutionRowsKernel(float*, float*, int, int, int)",17,"l2_subp0_write_sysmem_sector_queries",0,5,2
"Tesla K80 (0)","convolutionRowsKernel(float*, float*, int, int, int)",17,"l2_subp1_write_sysmem_sector_queries",0,4,0
"Tesla K80 (0)","convolutionRowsKernel(float*, float*, int, int, int)",17,"l2_subp2_write_sysmem_sector_queries",0,5,1
"Tesla K80 (0)","convolutionRowsKernel(float*, float*, int, int, int)",17,"l2_subp3_write_sysmem_sector_queries",0,5,1
"Tesla K80 (0)","convolutionRowsKernel(float*, float*, int, int, int)",17,"l2_subp0_total_read_sector_queries",365696,366327,365758
"Tesla K80 (0)","convolutionRowsKernel(float*, float*, int, int, int)",17,"l2_subp1_total_read_sector_queries",365534,366679,365677
"Tesla K80 (0)","convolutionRowsKernel(float*, float*, int, int, int)",17,"l2_subp2_total_read_sector_queries",365578,365718,365602
"Tesla K80 (0)","convolutionRowsKernel(float*, float*, int, int, int)",17,"l2_subp3_total_read_sector_queries",365584,365728,365635
"Tesla K80 (0)","convolutionRowsKernel(float*, float*, int, int, int)",17,"l2_subp0_total_write_sector_queries",294914,294996,294927
"Tesla K80 (0)","convolutionRowsKernel(float*, float*, int, int, int)",17,"l2_subp1_total_write_sector_queries",294913,294977,294921
"Tesla K80 (0)","convolutionRowsKernel(float*, float*, int, int, int)",17,"l2_subp2_total_write_sector_queries",294914,295017,294927
"Tesla K80 (0)","convolutionRowsKernel(float*, float*, int, int, int)",17,"l2_subp3_total_write_sector_queries",294915,294956,294918
"Tesla K80 (0)","convolutionRowsKernel(float*, float*, int, int, int)",17,"elapsed_cycles_sm",13535599,13555357,13544237
"Tesla K80 (0)","convolutionRowsKernel(float*, float*, int, int, int)",17,"gld_inst_8bit",0,0,0
"Tesla K80 (0)","convolutionRowsKernel(float*, float*, int, int, int)",17,"gld_inst_16bit",0,0,0
"Tesla K80 (0)","convolutionRowsKernel(float*, float*, int, int, int)",17,"gld_inst_32bit",11698176,11698176,11698176
"Tesla K80 (0)","convolutionRowsKernel(float*, float*, int, int, int)",17,"gld_inst_64bit",0,0,0
"Tesla K80 (0)","convolutionRowsKernel(float*, float*, int, int, int)",17,"gld_inst_128bit",0,0,0
"Tesla K80 (0)","convolutionRowsKernel(float*, float*, int, int, int)",17,"gst_inst_8bit",0,0,0
"Tesla K80 (0)","convolutionRowsKernel(float*, float*, int, int, int)",17,"gst_inst_16bit",0,0,0
"Tesla K80 (0)","convolutionRowsKernel(float*, float*, int, int, int)",17,"gst_inst_32bit",9437184,9437184,9437184
"Tesla K80 (0)","convolutionRowsKernel(float*, float*, int, int, int)",17,"gst_inst_64bit",0,0,0
"Tesla K80 (0)","convolutionRowsKernel(float*, float*, int, int, int)",17,"gst_inst_128bit",0,0,0
"Tesla K80 (0)","convolutionRowsKernel(float*, float*, int, int, int)",17,"rocache_gld_inst_8bit",0,0,0
"Tesla K80 (0)","convolutionRowsKernel(float*, float*, int, int, int)",17,"rocache_gld_inst_16bit",0,0,0
"Tesla K80 (0)","convolutionRowsKernel(float*, float*, int, int, int)",17,"rocache_gld_inst_32bit",0,0,0
"Tesla K80 (0)","convolutionRowsKernel(float*, float*, int, int, int)",17,"rocache_gld_inst_64bit",0,0,0
"Tesla K80 (0)","convolutionRowsKernel(float*, float*, int, int, int)",17,"rocache_gld_inst_128bit",0,0,0
"Tesla K80 (0)","convolutionRowsKernel(float*, float*, int, int, int)",17,"prof_trigger_00",0,0,0
"Tesla K80 (0)","convolutionRowsKernel(float*, float*, int, int, int)",17,"prof_trigger_01",0,0,0
"Tesla K80 (0)","convolutionRowsKernel(float*, float*, int, int, int)",17,"prof_trigger_02",0,0,0
"Tesla K80 (0)","convolutionRowsKernel(float*, float*, int, int, int)",17,"prof_trigger_03",0,0,0
"Tesla K80 (0)","convolutionRowsKernel(float*, float*, int, int, int)",17,"prof_trigger_04",0,0,0
"Tesla K80 (0)","convolutionRowsKernel(float*, float*, int, int, int)",17,"prof_trigger_05",0,0,0
"Tesla K80 (0)","convolutionRowsKernel(float*, float*, int, int, int)",17,"prof_trigger_06",0,0,0
"Tesla K80 (0)","convolutionRowsKernel(float*, float*, int, int, int)",17,"prof_trigger_07",0,0,0
"Tesla K80 (0)","convolutionRowsKernel(float*, float*, int, int, int)",17,"atom_cas_count",0,0,0
"Tesla K80 (0)","convolutionRowsKernel(float*, float*, int, int, int)",17,"warps_launched",36864,36864,36864
"Tesla K80 (0)","convolutionRowsKernel(float*, float*, int, int, int)",17,"threads_launched",1179648,1179648,1179648
"Tesla K80 (0)","convolutionRowsKernel(float*, float*, int, int, int)",17,"inst_executed",11907072,11907072,11907072
"Tesla K80 (0)","convolutionRowsKernel(float*, float*, int, int, int)",17,"inst_issued1",12409755,12413561,12411662
"Tesla K80 (0)","convolutionRowsKernel(float*, float*, int, int, int)",17,"inst_issued2",2985171,2987667,2986745
"Tesla K80 (0)","convolutionRowsKernel(float*, float*, int, int, int)",17,"thread_inst_executed",381026304,381026304,381026304
"Tesla K80 (0)","convolutionRowsKernel(float*, float*, int, int, int)",17,"shared_load",4755456,4755456,4755456
"Tesla K80 (0)","convolutionRowsKernel(float*, float*, int, int, int)",17,"shared_store",368640,368640,368640
"Tesla K80 (0)","convolutionRowsKernel(float*, float*, int, int, int)",17,"local_load",0,0,0
"Tesla K80 (0)","convolutionRowsKernel(float*, float*, int, int, int)",17,"local_store",0,0,0
"Tesla K80 (0)","convolutionRowsKernel(float*, float*, int, int, int)",17,"gld_request",368640,368640,368640
"Tesla K80 (0)","convolutionRowsKernel(float*, float*, int, int, int)",17,"gst_request",294912,294912,294912
"Tesla K80 (0)","convolutionRowsKernel(float*, float*, int, int, int)",17,"active_cycles",13469685,13487153,13477875
"Tesla K80 (0)","convolutionRowsKernel(float*, float*, int, int, int)",17,"active_warps",417443250,417826520,417557941
"Tesla K80 (0)","convolutionRowsKernel(float*, float*, int, int, int)",17,"sm_cta_launched",18432,18432,18432
"Tesla K80 (0)","convolutionRowsKernel(float*, float*, int, int, int)",17,"not_predicated_off_thread_inst_executed",380928000,380928000,380928000
"Tesla K80 (0)","convolutionRowsKernel(float*, float*, int, int, int)",17,"l1_local_load_hit",0,0,0
"Tesla K80 (0)","convolutionRowsKernel(float*, float*, int, int, int)",17,"l1_local_load_miss",0,0,0
"Tesla K80 (0)","convolutionRowsKernel(float*, float*, int, int, int)",17,"l1_local_store_hit",0,0,0
"Tesla K80 (0)","convolutionRowsKernel(float*, float*, int, int, int)",17,"l1_local_store_miss",0,0,0
"Tesla K80 (0)","convolutionRowsKernel(float*, float*, int, int, int)",17,"l1_global_load_hit",0,0,0
"Tesla K80 (0)","convolutionRowsKernel(float*, float*, int, int, int)",17,"l1_global_load_miss",0,0,0
"Tesla K80 (0)","convolutionRowsKernel(float*, float*, int, int, int)",17,"uncached_global_load_transaction",731136,731136,731136
"Tesla K80 (0)","convolutionRowsKernel(float*, float*, int, int, int)",17,"global_store_transaction",589824,589824,589824
"Tesla K80 (0)","convolutionRowsKernel(float*, float*, int, int, int)",17,"shared_load_replay",4755456,4755456,4755456
"Tesla K80 (0)","convolutionRowsKernel(float*, float*, int, int, int)",17,"shared_store_replay",368640,368640,368640
"Tesla K80 (0)","convolutionRowsKernel(float*, float*, int, int, int)",17,"global_ld_mem_divergence_replays",365568,365568,365568
"Tesla K80 (0)","convolutionRowsKernel(float*, float*, int, int, int)",17,"global_st_mem_divergence_replays",294912,294912,294912
"Tesla K80 (0)","convolutionRowsKernel(float*, float*, int, int, int)",17,"local_load_transactions",0,0,0
"Tesla K80 (0)","convolutionRowsKernel(float*, float*, int, int, int)",17,"local_store_transactions",0,0,0
"Tesla K80 (0)","convolutionRowsKernel(float*, float*, int, int, int)",17,"l1_shared_load_transactions",9510912,9510912,9510912
"Tesla K80 (0)","convolutionRowsKernel(float*, float*, int, int, int)",17,"l1_shared_store_transactions",737303,737544,737422
"Tesla K80 (0)","convolutionRowsKernel(float*, float*, int, int, int)",17,"__l1_global_load_transactions",739708,740743,740152
"Tesla K80 (0)","convolutionRowsKernel(float*, float*, int, int, int)",17,"__l1_global_store_transactions",589824,589824,589824
"Tesla K80 (0)","convolutionRowsKernel(float*, float*, int, int, int)",17,"atom_count",0,0,0
"Tesla K80 (0)","convolutionRowsKernel(float*, float*, int, int, int)",17,"gred_count",0,0,0

==12448== Metric result:
"Device","Kernel","Invocations","Metric Name","Metric Description","Min","Max","Avg"
"Tesla K80 (0)","convolutionColumnsKernel(float*, float*, int, int, int)",17,"l1_cache_global_hit_rate","L1 Global Hit Rate",0.000000%,0.000000%,0.000000%
"Tesla K80 (0)","convolutionColumnsKernel(float*, float*, int, int, int)",17,"l1_cache_local_hit_rate","L1 Local Hit Rate",0.000000%,0.000000%,0.000000%
"Tesla K80 (0)","convolutionColumnsKernel(float*, float*, int, int, int)",17,"sm_efficiency","Multiprocessor Activity",99.286279%,99.437356%,99.354919%
"Tesla K80 (0)","convolutionColumnsKernel(float*, float*, int, int, int)",17,"ipc","Executed IPC",1.199266,1.200302,1.199775
"Tesla K80 (0)","convolutionColumnsKernel(float*, float*, int, int, int)",17,"achieved_occupancy","Achieved Occupancy",0.966512,0.968239,0.967372
"Tesla K80 (0)","convolutionColumnsKernel(float*, float*, int, int, int)",17,"gld_requested_throughput","Requested Global Load Throughput",35.272839GB/s,35.280254GB/s,35.277053GB/s
"Tesla K80 (0)","convolutionColumnsKernel(float*, float*, int, int, int)",17,"gst_requested_throughput","Requested Global Store Throughput",28.336339GB/s,28.342296GB/s,28.339724GB/s
"Tesla K80 (0)","convolutionColumnsKernel(float*, float*, int, int, int)",17,"sm_efficiency_instance","Multiprocessor Activity",99.286279%,99.437356%,99.354919%
"Tesla K80 (0)","convolutionColumnsKernel(float*, float*, int, int, int)",17,"ipc_instance","Executed IPC",1.199266,1.200302,1.199775
"Tesla K80 (0)","convolutionColumnsKernel(float*, float*, int, int, int)",17,"inst_replay_overhead","Instruction Replay Overhead",0.397766,0.398178,0.397991
"Tesla K80 (0)","convolutionColumnsKernel(float*, float*, int, int, int)",17,"shared_replay_overhead","Shared Memory Replay Overhead",0.267132,0.267132,0.267132
"Tesla K80 (0)","convolutionColumnsKernel(float*, float*, int, int, int)",17,"global_replay_overhead","Global Memory Replay Overhead",0.057798,0.057798,0.057798
"Tesla K80 (0)","convolutionColumnsKernel(float*, float*, int, int, int)",17,"global_cache_replay_overhead","Global Memory Cache Replay Overhead",0.000000,0.000000,0.000000
"Tesla K80 (0)","convolutionColumnsKernel(float*, float*, int, int, int)",17,"tex_cache_hit_rate","Texture Cache Hit Rate",0.000000%,0.000000%,0.000000%
"Tesla K80 (0)","convolutionColumnsKernel(float*, float*, int, int, int)",17,"tex_cache_throughput","Texture Cache Throughput",0.000000B/s,0.000000B/s,0.000000B/s
"Tesla K80 (0)","convolutionColumnsKernel(float*, float*, int, int, int)",17,"dram_read_throughput","Device Memory Read Throughput",46.276335GB/s,46.397678GB/s,46.344307GB/s
"Tesla K80 (0)","convolutionColumnsKernel(float*, float*, int, int, int)",17,"dram_write_throughput","Device Memory Write Throughput",37.127138GB/s,37.204321GB/s,37.166230GB/s
"Tesla K80 (0)","convolutionColumnsKernel(float*, float*, int, int, int)",17,"gst_throughput","Global Store Throughput",28.336339GB/s,28.342296GB/s,28.339724GB/s
"Tesla K80 (0)","convolutionColumnsKernel(float*, float*, int, int, int)",17,"gld_throughput","Global Load Throughput",35.272839GB/s,35.280254GB/s,35.277053GB/s
"Tesla K80 (0)","convolutionColumnsKernel(float*, float*, int, int, int)",17,"local_replay_overhead","Local Memory Cache Replay Overhead",0.000000,0.000000,0.000000
"Tesla K80 (0)","convolutionColumnsKernel(float*, float*, int, int, int)",17,"shared_efficiency","Shared Memory Efficiency",24.999841%,25.000000%,24.999958%
"Tesla K80 (0)","convolutionColumnsKernel(float*, float*, int, int, int)",17,"gld_efficiency","Global Memory Load Efficiency",100.000000%,100.000000%,100.000000%
"Tesla K80 (0)","convolutionColumnsKernel(float*, float*, int, int, int)",17,"gst_efficiency","Global Memory Store Efficiency",100.000000%,100.000000%,100.000000%
"Tesla K80 (0)","convolutionColumnsKernel(float*, float*, int, int, int)",17,"l2_l1_read_hit_rate","L2 Hit Rate (L1 Reads)",11.608291%,11.892543%,11.760884%
"Tesla K80 (0)","convolutionColumnsKernel(float*, float*, int, int, int)",17,"l2_texture_read_hit_rate","L2 Hit Rate (Texture Reads)",0.000000%,0.000000%,0.000000%
"Tesla K80 (0)","convolutionColumnsKernel(float*, float*, int, int, int)",17,"l2_l1_read_throughput","L2 Throughput (L1 Reads)",35.272839GB/s,35.280254GB/s,35.277053GB/s
"Tesla K80 (0)","convolutionColumnsKernel(float*, float*, int, int, int)",17,"l2_texture_read_throughput","L2 Throughput (Texture Reads)",0.000000B/s,0.000000B/s,0.000000B/s
"Tesla K80 (0)","convolutionColumnsKernel(float*, float*, int, int, int)",17,"local_memory_overhead","Local Memory Overhead",0.000000%,0.003474%,0.001253%
"Tesla K80 (0)","convolutionColumnsKernel(float*, float*, int, int, int)",17,"warp_execution_efficiency","Warp Execution Efficiency",100.000000%,100.000000%,100.000000%
"Tesla K80 (0)","convolutionColumnsKernel(float*, float*, int, int, int)",17,"nc_gld_requested_throughput","Requested Non-Coherent Global Load Throughput",0.000000B/s,0.000000B/s,0.000000B/s
"Tesla K80 (0)","convolutionColumnsKernel(float*, float*, int, int, int)",17,"issued_ipc","Issued IPC",1.675148,1.677782,1.677068
"Tesla K80 (0)","convolutionColumnsKernel(float*, float*, int, int, int)",17,"inst_per_warp","Instructions per warp",310.708333,310.708333,310.708333
"Tesla K80 (0)","convolutionColumnsKernel(float*, float*, int, int, int)",17,"issue_slot_utilization","Issue Slot Utilization",33.169995%,33.223770%,33.210281%
"Tesla K80 (0)","convolutionColumnsKernel(float*, float*, int, int, int)",17,"local_load_transactions_per_request","Local Memory Load Transactions Per Request",0.000000,0.000000,0.000000
"Tesla K80 (0)","convolutionColumnsKernel(float*, float*, int, int, int)",17,"local_store_transactions_per_request","Local Memory Store Transactions Per Request",0.000000,0.000000,0.000000
"Tesla K80 (0)","convolutionColumnsKernel(float*, float*, int, int, int)",17,"shared_load_transactions_per_request","Shared Memory Load Transactions Per Request",2.000000,2.000000,2.000000
"Tesla K80 (0)","convolutionColumnsKernel(float*, float*, int, int, int)",17,"shared_store_transactions_per_request","Shared Memory Store Transactions Per Request",2.000000,2.000149,2.000044
"Tesla K80 (0)","convolutionColumnsKernel(float*, float*, int, int, int)",17,"gld_transactions_per_request","Global Load Transactions Per Request",2.000000,2.000000,2.000000
"Tesla K80 (0)","convolutionColumnsKernel(float*, float*, int, int, int)",17,"gst_transactions_per_request","Global Store Transactions Per Request",2.000000,2.000000,2.000000
"Tesla K80 (0)","convolutionColumnsKernel(float*, float*, int, int, int)",17,"local_load_transactions","Local Load Transactions",0,0,0
"Tesla K80 (0)","convolutionColumnsKernel(float*, float*, int, int, int)",17,"local_store_transactions","Local Store Transactions",0,0,0
"Tesla K80 (0)","convolutionColumnsKernel(float*, float*, int, int, int)",17,"shared_load_transactions","Shared Load Transactions",5382144,5382144,5382144
"Tesla K80 (0)","convolutionColumnsKernel(float*, float*, int, int, int)",17,"shared_store_transactions","Shared Store Transactions",737280,737319,737290
"Tesla K80 (0)","convolutionColumnsKernel(float*, float*, int, int, int)",17,"gld_transactions","Global Load Transactions",734208,734208,734208
"Tesla K80 (0)","convolutionColumnsKernel(float*, float*, int, int, int)",17,"gst_transactions","Global Store Transactions",589824,589824,589824
"Tesla K80 (0)","convolutionColumnsKernel(float*, float*, int, int, int)",17,"sysmem_read_transactions","System Memory Read Transactions",0,0,0
"Tesla K80 (0)","convolutionColumnsKernel(float*, float*, int, int, int)",17,"sysmem_write_transactions","System Memory Write Transactions",0,12,3
"Tesla K80 (0)","convolutionColumnsKernel(float*, float*, int, int, int)",17,"tex_cache_transactions","Texture Cache Transactions",0,0,0
"Tesla K80 (0)","convolutionColumnsKernel(float*, float*, int, int, int)",17,"dram_read_transactions","Device Memory Read Transactions",1926264,1931154,1929093
"Tesla K80 (0)","convolutionColumnsKernel(float*, float*, int, int, int)",17,"dram_write_transactions","Device Memory Write Transactions",1545286,1548781,1547053
"Tesla K80 (0)","convolutionColumnsKernel(float*, float*, int, int, int)",17,"l2_read_transactions","L2 Read Transactions",1468539,1468921,1468710
"Tesla K80 (0)","convolutionColumnsKernel(float*, float*, int, int, int)",17,"l2_write_transactions","L2 Write Transactions",1179665,1179773,1179704
"Tesla K80 (0)","convolutionColumnsKernel(float*, float*, int, int, int)",17,"local_load_throughput","Local Memory Load Throughput",0.000000B/s,0.000000B/s,0.000000B/s
"Tesla K80 (0)","convolutionColumnsKernel(float*, float*, int, int, int)",17,"local_store_throughput","Local Memory Store Throughput",0.000000B/s,0.000000B/s,0.000000B/s
"Tesla K80 (0)","convolutionColumnsKernel(float*, float*, int, int, int)",17,"shared_load_throughput","Shared Memory Load Throughput",1.034276e+03GB/s,1.034494e+03GB/s,1.034400e+03GB/s
"Tesla K80 (0)","convolutionColumnsKernel(float*, float*, int, int, int)",17,"shared_store_throughput","Shared Memory Store Throughput",141.681909GB/s,141.713493GB/s,141.700600GB/s
"Tesla K80 (0)","convolutionColumnsKernel(float*, float*, int, int, int)",17,"l2_read_throughput","L2 Throughput (Reads)",35.275914GB/s,35.290652GB/s,35.284131GB/s
"Tesla K80 (0)","convolutionColumnsKernel(float*, float*, int, int, int)",17,"l2_write_throughput","L2 Throughput (Writes)",28.337535GB/s,28.345087GB/s,28.341088GB/s
"Tesla K80 (0)","convolutionColumnsKernel(float*, float*, int, int, int)",17,"sysmem_read_throughput","System Memory Read Throughput",0.000000B/s,0.000000B/s,0.000000B/s
"Tesla K80 (0)","convolutionColumnsKernel(float*, float*, int, int, int)",17,"sysmem_write_throughput","System Memory Write Throughput",0.000000B/s,288.303000KB/s,79.138000KB/s
"Tesla K80 (0)","convolutionColumnsKernel(float*, float*, int, int, int)",17,"warp_nonpred_execution_efficiency","Warp Non-Predicated Execution Efficiency",99.369720%,99.369720%,99.369720%
"Tesla K80 (0)","convolutionColumnsKernel(float*, float*, int, int, int)",17,"cf_issued","Issued Control-Flow Instructions",209387,209775,209638
"Tesla K80 (0)","convolutionColumnsKernel(float*, float*, int, int, int)",17,"cf_executed","Executed Control-Flow Instructions",147456,147456,147456
"Tesla K80 (0)","convolutionColumnsKernel(float*, float*, int, int, int)",17,"ldst_issued","Issued Load/Store Instructions",7779011,7781304,7780175
"Tesla K80 (0)","convolutionColumnsKernel(float*, float*, int, int, int)",17,"ldst_executed","Executed Load/Store Instructions",3721728,3721728,3721728
"Tesla K80 (0)","convolutionColumnsKernel(float*, float*, int, int, int)",17,"flop_count_sp","Floating Point Operations(Single Precision)",320864256,320864256,320864256
"Tesla K80 (0)","convolutionColumnsKernel(float*, float*, int, int, int)",17,"flop_count_sp_add","Floating Point Operations(Single Precision Add)",0,0,0
"Tesla K80 (0)","convolutionColumnsKernel(float*, float*, int, int, int)",17,"flop_count_sp_mul","Floating Point Operation(Single Precision Mul)",0,0,0
"Tesla K80 (0)","convolutionColumnsKernel(float*, float*, int, int, int)",17,"flop_count_sp_fma","Floating Point Operations(Single Precision FMA)",160432128,160432128,160432128
"Tesla K80 (0)","convolutionColumnsKernel(float*, float*, int, int, int)",17,"flop_count_dp","Floating Point Operations(Double Precision)",0,0,0
"Tesla K80 (0)","convolutionColumnsKernel(float*, float*, int, int, int)",17,"flop_count_dp_add","Floating Point Operations(Double Precision Add)",0,0,0
"Tesla K80 (0)","convolutionColumnsKernel(float*, float*, int, int, int)",17,"flop_count_dp_mul","Floating Point Operations(Double Precision Mul)",0,0,0
"Tesla K80 (0)","convolutionColumnsKernel(float*, float*, int, int, int)",17,"flop_count_dp_fma","Floating Point Operations(Double Precison FMA)",0,0,0
"Tesla K80 (0)","convolutionColumnsKernel(float*, float*, int, int, int)",17,"flop_count_sp_special","Floating Point Operations(Single Precision Special)",0,0,0
"Tesla K80 (0)","convolutionColumnsKernel(float*, float*, int, int, int)",17,"stall_inst_fetch","Issue Stall Reasons (Instructions Fetch)",2.466568%,2.558503%,2.513748%
"Tesla K80 (0)","convolutionColumnsKernel(float*, float*, int, int, int)",17,"stall_exec_dependency","Issue Stall Reasons (Execution Dependency)",7.036831%,7.333609%,7.201580%
"Tesla K80 (0)","convolutionColumnsKernel(float*, float*, int, int, int)",17,"stall_memory_dependency","Issue Stall Reasons (Data Request)",3.031369%,3.153931%,3.090105%
"Tesla K80 (0)","convolutionColumnsKernel(float*, float*, int, int, int)",17,"stall_texture","Issue Stall Reasons (Texture)",0.000000%,0.000000%,0.000000%
"Tesla K80 (0)","convolutionColumnsKernel(float*, float*, int, int, int)",17,"stall_sync","Issue Stall Reasons (Synchronization)",7.483375%,10.409635%,8.930576%
"Tesla K80 (0)","convolutionColumnsKernel(float*, float*, int, int, int)",17,"stall_other","Issue Stall Reasons (Other)",1.458055%,1.526767%,1.491886%
"Tesla K80 (0)","convolutionColumnsKernel(float*, float*, int, int, int)",17,"l1_shared_utilization","L1/Shared Memory Utilization","High (7)","High (7)","High (7)"
"Tesla K80 (0)","convolutionColumnsKernel(float*, float*, int, int, int)",17,"l2_utilization","L2 Cache Utilization","Low (2)","Low (2)","Low (2)"
"Tesla K80 (0)","convolutionColumnsKernel(float*, float*, int, int, int)",17,"tex_utilization","Texture Cache Utilization","Idle (0)","Idle (0)","Idle (0)"
"Tesla K80 (0)","convolutionColumnsKernel(float*, float*, int, int, int)",17,"dram_utilization","Device Memory Utilization","Mid (4)","Mid (4)","Mid (4)"
"Tesla K80 (0)","convolutionColumnsKernel(float*, float*, int, int, int)",17,"sysmem_utilization","System Memory Utilization","Idle (0)","Low (1)","Idle (0)"
"Tesla K80 (0)","convolutionColumnsKernel(float*, float*, int, int, int)",17,"ldst_fu_utilization","Load/Store Function Unit Utilization","High (9)","High (9)","High (9)"
"Tesla K80 (0)","convolutionColumnsKernel(float*, float*, int, int, int)",17,"alu_fu_utilization","Arithmetic Function Unit Utilization","Low (2)","Low (2)","Low (2)"
"Tesla K80 (0)","convolutionColumnsKernel(float*, float*, int, int, int)",17,"cf_fu_utilization","Control-Flow Function Unit Utilization","Low (1)","Low (1)","Low (1)"
"Tesla K80 (0)","convolutionColumnsKernel(float*, float*, int, int, int)",17,"tex_fu_utilization","Texture Function Unit Utilization","Idle (0)","Idle (0)","Idle (0)"
"Tesla K80 (0)","convolutionColumnsKernel(float*, float*, int, int, int)",17,"inst_executed","Instructions Executed",11453952,11453952,11453952
"Tesla K80 (0)","convolutionColumnsKernel(float*, float*, int, int, int)",17,"inst_issued","Instructions Issued",16009945,16014659,16012522
"Tesla K80 (0)","convolutionColumnsKernel(float*, float*, int, int, int)",17,"issue_slots","Issue Slots",12681268,12685174,12683569
"Tesla K80 (0)","convolutionColumnsKernel(float*, float*, int, int, int)",17,"nc_l2_read_throughput","L2 Throughput (Non-Coherent Reads)",0.000000B/s,0.000000B/s,0.000000B/s
"Tesla K80 (0)","convolutionColumnsKernel(float*, float*, int, int, int)",17,"nc_l2_read_transactions","L2 Non-Coherent Read Transactions",0,0,0
"Tesla K80 (0)","convolutionColumnsKernel(float*, float*, int, int, int)",17,"nc_cache_global_hit_rate","Non-Coherent Global Hit Rate",0.000000%,0.000000%,0.000000%
"Tesla K80 (0)","convolutionColumnsKernel(float*, float*, int, int, int)",17,"nc_gld_throughput","Non-Coherent Global Memory Load Throughput",0.000000B/s,0.000000B/s,0.000000B/s
"Tesla K80 (0)","convolutionColumnsKernel(float*, float*, int, int, int)",17,"nc_gld_efficiency","Non-Coherent Global Load Efficiency",0.000000%,0.000000%,0.000000%
"Tesla K80 (0)","convolutionColumnsKernel(float*, float*, int, int, int)",17,"l2_atomic_throughput","L2 Throughput (Atomic requests)",0.000000B/s,0.000000B/s,0.000000B/s
"Tesla K80 (0)","convolutionColumnsKernel(float*, float*, int, int, int)",17,"inst_fp_32","FP Instructions(Single)",160432128,160432128,160432128
"Tesla K80 (0)","convolutionColumnsKernel(float*, float*, int, int, int)",17,"inst_fp_64","FP Instructions(Double)",0,0,0
"Tesla K80 (0)","convolutionColumnsKernel(float*, float*, int, int, int)",17,"inst_integer","Integer Instructions",69378048,69378048,69378048
"Tesla K80 (0)","convolutionColumnsKernel(float*, float*, int, int, int)",17,"inst_bit_convert","Bit-Convert Instructions",0,0,0
"Tesla K80 (0)","convolutionColumnsKernel(float*, float*, int, int, int)",17,"inst_control","Control-Flow Instructions",1228800,1228800,1228800
"Tesla K80 (0)","convolutionColumnsKernel(float*, float*, int, int, int)",17,"inst_compute_ld_st","Load/Store Instructions",119095296,119095296,119095296
"Tesla K80 (0)","convolutionColumnsKernel(float*, float*, int, int, int)",17,"inst_misc","Misc Instructions",14082048,14082048,14082048
"Tesla K80 (0)","convolutionColumnsKernel(float*, float*, int, int, int)",17,"inst_inter_thread_communication","Inter-Thread Instructions",0,0,0
"Tesla K80 (0)","convolutionColumnsKernel(float*, float*, int, int, int)",17,"atomic_replay_overhead","Atomic Replay Overhead",0.000000,0.000000,0.000000
"Tesla K80 (0)","convolutionColumnsKernel(float*, float*, int, int, int)",17,"atomic_transactions","Atomic Transactions",0,0,0
"Tesla K80 (0)","convolutionColumnsKernel(float*, float*, int, int, int)",17,"atomic_transactions_per_request","Atomic Transactions Per Request",0.000000,0.000000,0.000000
"Tesla K80 (0)","convolutionColumnsKernel(float*, float*, int, int, int)",17,"l2_l1_read_transactions","L2 Read Transactions (L1 read requests)",1468416,1468416,1468416
"Tesla K80 (0)","convolutionColumnsKernel(float*, float*, int, int, int)",17,"l2_l1_write_transactions","L2 Write Transactions (L1 write requests)",1179648,1179740,1179681
"Tesla K80 (0)","convolutionColumnsKernel(float*, float*, int, int, int)",17,"l2_tex_read_transactions","L2 Transactions (Texture Reads)",0,0,0
"Tesla K80 (0)","convolutionColumnsKernel(float*, float*, int, int, int)",17,"l2_l1_write_throughput","L2 Throughput (L1 Writes)",28.336339GB/s,28.343813GB/s,28.340521GB/s
"Tesla K80 (0)","convolutionColumnsKernel(float*, float*, int, int, int)",17,"l2_atomic_transactions","L2 Transactions (Atomic requests)",0,0,0
"Tesla K80 (0)","convolutionColumnsKernel(float*, float*, int, int, int)",17,"ecc_transactions","ECC Transactions",996356,1003939,1000548
"Tesla K80 (0)","convolutionColumnsKernel(float*, float*, int, int, int)",17,"ecc_throughput","ECC Throughput",23.936337GB/s,24.120520GB/s,24.037062GB/s
"Tesla K80 (0)","convolutionColumnsKernel(float*, float*, int, int, int)",17,"stall_pipe_busy","Issue Stall Reasons (Pipe Busy)",38.118168%,39.633788%,38.648074%
"Tesla K80 (0)","convolutionColumnsKernel(float*, float*, int, int, int)",17,"stall_constant_memory_dependency","Issue Stall Reasons (Immediate constant)",0.033608%,0.058967%,0.040195%
"Tesla K80 (0)","convolutionColumnsKernel(float*, float*, int, int, int)",17,"flop_sp_efficiency","FLOP Efficiency(Peak Single)",8.679203%,8.703166%,8.695019%
"Tesla K80 (0)","convolutionColumnsKernel(float*, float*, int, int, int)",17,"flop_dp_efficiency","FLOP Efficiency(Peak Double)",0.000000%,0.000000%,0.000000%
"Tesla K80 (0)","convolutionColumnsKernel(float*, float*, int, int, int)",17,"stall_memory_throttle","Issue Stall Reasons (Memory Throttle)",15.168899%,15.815783%,15.532129%
"Tesla K80 (0)","convolutionColumnsKernel(float*, float*, int, int, int)",17,"stall_not_selected","Issue Stall Reasons (Not Selected)",22.006426%,23.018666%,22.551708%
"Tesla K80 (0)","convolutionColumnsKernel(float*, float*, int, int, int)",17,"eligible_warps_per_cycle","Eligible Warps Per Active Cycle",14.523497,15.049060,14.834762
"Tesla K80 (0)","convolutionColumnsKernel(float*, float*, int, int, int)",17,"atomic_throughput","Atomic Throughput",0.000000B/s,0.000000B/s,0.000000B/s
"Tesla K80 (0)","convolutionRowsKernel(float*, float*, int, int, int)",17,"l1_cache_global_hit_rate","L1 Global Hit Rate",0.000000%,0.000000%,0.000000%
"Tesla K80 (0)","convolutionRowsKernel(float*, float*, int, int, int)",17,"l1_cache_local_hit_rate","L1 Local Hit Rate",0.000000%,0.000000%,0.000000%
"Tesla K80 (0)","convolutionRowsKernel(float*, float*, int, int, int)",17,"sm_efficiency","Multiprocessor Activity",99.454835%,99.549265%,99.509510%
"Tesla K80 (0)","convolutionRowsKernel(float*, float*, int, int, int)",17,"ipc","Executed IPC",0.883267,0.883964,0.883558
"Tesla K80 (0)","convolutionRowsKernel(float*, float*, int, int, int)",17,"achieved_occupancy","Achieved Occupancy",0.483863,0.484305,0.484143
"Tesla K80 (0)","convolutionRowsKernel(float*, float*, int, int, int)",17,"gld_requested_throughput","Requested Global Load Throughput",24.952303GB/s,24.962020GB/s,24.958153GB/s
"Tesla K80 (0)","convolutionRowsKernel(float*, float*, int, int, int)",17,"gst_requested_throughput","Requested Global Store Throughput",20.129589GB/s,20.137428GB/s,20.134309GB/s
"Tesla K80 (0)","convolutionRowsKernel(float*, float*, int, int, int)",17,"sm_efficiency_instance","Multiprocessor Activity",99.454835%,99.549265%,99.509510%
"Tesla K80 (0)","convolutionRowsKernel(float*, float*, int, int, int)",17,"ipc_instance","Executed IPC",0.883267,0.883964,0.883558
"Tesla K80 (0)","convolutionRowsKernel(float*, float*, int, int, int)",17,"inst_replay_overhead","Instruction Replay Overhead",0.543694,0.544277,0.544053
"Tesla K80 (0)","convolutionRowsKernel(float*, float*, int, int, int)",17,"shared_replay_overhead","Shared Memory Replay Overhead",0.430341,0.430341,0.430341
"Tesla K80 (0)","convolutionRowsKernel(float*, float*, int, int, int)",17,"global_replay_overhead","Global Memory Replay Overhead",0.055470,0.055470,0.055470
"Tesla K80 (0)","convolutionRowsKernel(float*, float*, int, int, int)",17,"global_cache_replay_overhead","Global Memory Cache Replay Overhead",0.000000,0.000000,0.000000
"Tesla K80 (0)","convolutionRowsKernel(float*, float*, int, int, int)",17,"tex_cache_hit_rate","Texture Cache Hit Rate",0.000000%,0.000000%,0.000000%
"Tesla K80 (0)","convolutionRowsKernel(float*, float*, int, int, int)",17,"tex_cache_throughput","Texture Cache Throughput",0.000000B/s,0.000000B/s,0.000000B/s
"Tesla K80 (0)","convolutionRowsKernel(float*, float*, int, int, int)",17,"dram_read_throughput","Device Memory Read Throughput",28.818063GB/s,28.847864GB/s,28.826665GB/s
"Tesla K80 (0)","convolutionRowsKernel(float*, float*, int, int, int)",17,"dram_write_throughput","Device Memory Write Throughput",25.699597GB/s,25.728483GB/s,25.713037GB/s
"Tesla K80 (0)","convolutionRowsKernel(float*, float*, int, int, int)",17,"gst_throughput","Global Store Throughput",20.129589GB/s,20.137428GB/s,20.134309GB/s
"Tesla K80 (0)","convolutionRowsKernel(float*, float*, int, int, int)",17,"gld_throughput","Global Load Throughput",24.952303GB/s,24.962020GB/s,24.958153GB/s
"Tesla K80 (0)","convolutionRowsKernel(float*, float*, int, int, int)",17,"local_replay_overhead","Local Memory Cache Replay Overhead",0.000000,0.000000,0.000000
"Tesla K80 (0)","convolutionRowsKernel(float*, float*, int, int, int)",17,"shared_efficiency","Shared Memory Efficiency",24.999356%,24.999944%,24.999652%
"Tesla K80 (0)","convolutionRowsKernel(float*, float*, int, int, int)",17,"gld_efficiency","Global Memory Load Efficiency",100.000000%,100.000000%,100.000000%
"Tesla K80 (0)","convolutionRowsKernel(float*, float*, int, int, int)",17,"gst_efficiency","Global Memory Store Efficiency",100.000000%,100.000000%,100.000000%
"Tesla K80 (0)","convolutionRowsKernel(float*, float*, int, int, int)",17,"l2_l1_read_hit_rate","L2 Hit Rate (L1 Reads)",19.327731%,19.327731%,19.327731%
"Tesla K80 (0)","convolutionRowsKernel(float*, float*, int, int, int)",17,"l2_texture_read_hit_rate","L2 Hit Rate (Texture Reads)",0.000000%,0.000000%,0.000000%
"Tesla K80 (0)","convolutionRowsKernel(float*, float*, int, int, int)",17,"l2_l1_read_throughput","L2 Throughput (L1 Reads)",24.952303GB/s,24.962020GB/s,24.958153GB/s
"Tesla K80 (0)","convolutionRowsKernel(float*, float*, int, int, int)",17,"l2_texture_read_throughput","L2 Throughput (Texture Reads)",0.000000B/s,0.000000B/s,0.000000B/s
"Tesla K80 (0)","convolutionRowsKernel(float*, float*, int, int, int)",17,"local_memory_overhead","Local Memory Overhead",0.000000%,0.005753%,0.002645%
"Tesla K80 (0)","convolutionRowsKernel(float*, float*, int, int, int)",17,"warp_execution_efficiency","Warp Execution Efficiency",100.000000%,100.000000%,100.000000%
"Tesla K80 (0)","convolutionRowsKernel(float*, float*, int, int, int)",17,"nc_gld_requested_throughput","Requested Non-Coherent Global Load Throughput",0.000000B/s,0.000000B/s,0.000000B/s
"Tesla K80 (0)","convolutionRowsKernel(float*, float*, int, int, int)",17,"issued_ipc","Issued IPC",1.363281,1.364742,1.364106
"Tesla K80 (0)","convolutionRowsKernel(float*, float*, int, int, int)",17,"inst_per_warp","Instructions per warp",323.000000,323.000000,323.000000
"Tesla K80 (0)","convolutionRowsKernel(float*, float*, int, int, int)",17,"issue_slot_utilization","Issue Slot Utilization",28.545144%,28.575529%,28.562536%
"Tesla K80 (0)","convolutionRowsKernel(float*, float*, int, int, int)",17,"local_load_transactions_per_request","Local Memory Load Transactions Per Request",0.000000,0.000000,0.000000
"Tesla K80 (0)","convolutionRowsKernel(float*, float*, int, int, int)",17,"local_store_transactions_per_request","Local Memory Store Transactions Per Request",0.000000,0.000000,0.000000
"Tesla K80 (0)","convolutionRowsKernel(float*, float*, int, int, int)",17,"shared_load_transactions_per_request","Shared Memory Load Transactions Per Request",2.000000,2.000000,2.000000
"Tesla K80 (0)","convolutionRowsKernel(float*, float*, int, int, int)",17,"shared_store_transactions_per_request","Shared Memory Store Transactions Per Request",2.000103,2.000618,2.000389
"Tesla K80 (0)","convolutionRowsKernel(float*, float*, int, int, int)",17,"gld_transactions_per_request","Global Load Transactions Per Request",2.000000,2.000000,2.000000
"Tesla K80 (0)","convolutionRowsKernel(float*, float*, int, int, int)",17,"gst_transactions_per_request","Global Store Transactions Per Request",2.000000,2.000000,2.000000
"Tesla K80 (0)","convolutionRowsKernel(float*, float*, int, int, int)",17,"local_load_transactions","Local Load Transactions",0,0,0
"Tesla K80 (0)","convolutionRowsKernel(float*, float*, int, int, int)",17,"local_store_transactions","Local Store Transactions",0,0,0
"Tesla K80 (0)","convolutionRowsKernel(float*, float*, int, int, int)",17,"shared_load_transactions","Shared Load Transactions",9510912,9510912,9510912
"Tesla K80 (0)","convolutionRowsKernel(float*, float*, int, int, int)",17,"shared_store_transactions","Shared Store Transactions",737303,737544,737422
"Tesla K80 (0)","convolutionRowsKernel(float*, float*, int, int, int)",17,"gld_transactions","Global Load Transactions",731136,731136,731136
"Tesla K80 (0)","convolutionRowsKernel(float*, float*, int, int, int)",17,"gst_transactions","Global Store Transactions",589824,589824,589824
"Tesla K80 (0)","convolutionRowsKernel(float*, float*, int, int, int)",17,"sysmem_read_transactions","System Memory Read Transactions",0,0,0
"Tesla K80 (0)","convolutionRowsKernel(float*, float*, int, int, int)",17,"sysmem_write_transactions","System Memory Write Transactions",1,12,5
"Tesla K80 (0)","convolutionRowsKernel(float*, float*, int, int, int)",17,"tex_cache_transactions","Texture Cache Transactions",0,0,0
"Tesla K80 (0)","convolutionRowsKernel(float*, float*, int, int, int)",17,"dram_read_transactions","Device Memory Read Transactions",1688435,1690108,1688924
"Tesla K80 (0)","convolutionRowsKernel(float*, float*, int, int, int)",17,"dram_write_transactions","Device Memory Write Transactions",1505684,1507308,1506499
"Tesla K80 (0)","convolutionRowsKernel(float*, float*, int, int, int)",17,"l2_read_transactions","L2 Read Transactions",1462395,1463542,1462673
"Tesla K80 (0)","convolutionRowsKernel(float*, float*, int, int, int)",17,"l2_write_transactions","L2 Write Transactions",1179660,1179788,1179695
"Tesla K80 (0)","convolutionRowsKernel(float*, float*, int, int, int)",17,"local_load_throughput","Local Memory Load Throughput",0.000000B/s,0.000000B/s,0.000000B/s
"Tesla K80 (0)","convolutionRowsKernel(float*, float*, int, int, int)",17,"local_store_throughput","Local Memory Store Throughput",0.000000B/s,0.000000B/s,0.000000B/s
"Tesla K80 (0)","convolutionRowsKernel(float*, float*, int, int, int)",17,"shared_load_throughput","Shared Memory Load Throughput",1.298358e+03GB/s,1.298864e+03GB/s,1.298663e+03GB/s
"Tesla K80 (0)","convolutionRowsKernel(float*, float*, int, int, int)",17,"shared_store_throughput","Shared Memory Store Throughput",100.662551GB/s,100.718276GB/s,100.691045GB/s
"Tesla K80 (0)","convolutionRowsKernel(float*, float*, int, int, int)",17,"l2_read_throughput","L2 Throughput (Reads)",24.958535GB/s,24.978463GB/s,24.964998GB/s
"Tesla K80 (0)","convolutionRowsKernel(float*, float*, int, int, int)",17,"l2_write_throughput","L2 Throughput (Writes)",20.129913GB/s,20.139818GB/s,20.135122GB/s
"Tesla K80 (0)","convolutionRowsKernel(float*, float*, int, int, int)",17,"sysmem_read_throughput","System Memory Read Throughput",0.000000B/s,0.000000B/s,0.000000B/s
"Tesla K80 (0)","convolutionRowsKernel(float*, float*, int, int, int)",17,"sysmem_write_throughput","System Memory Write Throughput",17.066000KB/s,204.822000KB/s,98.391000KB/s
"Tesla K80 (0)","convolutionRowsKernel(float*, float*, int, int, int)",17,"warp_nonpred_execution_efficiency","Warp Non-Predicated Execution Efficiency",99.974200%,99.974200%,99.974200%
"Tesla K80 (0)","convolutionRowsKernel(float*, float*, int, int, int)",17,"cf_issued","Issued Control-Flow Instructions",125644,126111,125897
"Tesla K80 (0)","convolutionRowsKernel(float*, float*, int, int, int)",17,"cf_executed","Executed Control-Flow Instructions",73728,73728,73728
"Tesla K80 (0)","convolutionRowsKernel(float*, float*, int, int, int)",17,"ldst_issued","Issued Load/Store Instructions",11870992,11874399,11872826
"Tesla K80 (0)","convolutionRowsKernel(float*, float*, int, int, int)",17,"ldst_executed","Executed Load/Store Instructions",5787648,5787648,5787648
"Tesla K80 (0)","convolutionRowsKernel(float*, float*, int, int, int)",17,"flop_count_sp","Floating Point Operations(Single Precision)",320864256,320864256,320864256
"Tesla K80 (0)","convolutionRowsKernel(float*, float*, int, int, int)",17,"flop_count_sp_add","Floating Point Operations(Single Precision Add)",0,0,0
"Tesla K80 (0)","convolutionRowsKernel(float*, float*, int, int, int)",17,"flop_count_sp_mul","Floating Point Operation(Single Precision Mul)",0,0,0
"Tesla K80 (0)","convolutionRowsKernel(float*, float*, int, int, int)",17,"flop_count_sp_fma","Floating Point Operations(Single Precision FMA)",160432128,160432128,160432128
"Tesla K80 (0)","convolutionRowsKernel(float*, float*, int, int, int)",17,"flop_count_dp","Floating Point Operations(Double Precision)",0,0,0
"Tesla K80 (0)","convolutionRowsKernel(float*, float*, int, int, int)",17,"flop_count_dp_add","Floating Point Operations(Double Precision Add)",0,0,0
"Tesla K80 (0)","convolutionRowsKernel(float*, float*, int, int, int)",17,"flop_count_dp_mul","Floating Point Operations(Double Precision Mul)",0,0,0
"Tesla K80 (0)","convolutionRowsKernel(float*, float*, int, int, int)",17,"flop_count_dp_fma","Floating Point Operations(Double Precison FMA)",0,0,0
"Tesla K80 (0)","convolutionRowsKernel(float*, float*, int, int, int)",17,"flop_count_sp_special","Floating Point Operations(Single Precision Special)",0,0,0
"Tesla K80 (0)","convolutionRowsKernel(float*, float*, int, int, int)",17,"stall_inst_fetch","Issue Stall Reasons (Instructions Fetch)",0.966798%,0.982121%,0.974768%
"Tesla K80 (0)","convolutionRowsKernel(float*, float*, int, int, int)",17,"stall_exec_dependency","Issue Stall Reasons (Execution Dependency)",8.087177%,8.171356%,8.125396%
"Tesla K80 (0)","convolutionRowsKernel(float*, float*, int, int, int)",17,"stall_memory_dependency","Issue Stall Reasons (Data Request)",0.000000%,0.000000%,0.000000%
"Tesla K80 (0)","convolutionRowsKernel(float*, float*, int, int, int)",17,"stall_texture","Issue Stall Reasons (Texture)",0.000000%,0.000000%,0.000000%
"Tesla K80 (0)","convolutionRowsKernel(float*, float*, int, int, int)",17,"stall_sync","Issue Stall Reasons (Synchronization)",6.333761%,6.904813%,6.679360%
"Tesla K80 (0)","convolutionRowsKernel(float*, float*, int, int, int)",17,"stall_other","Issue Stall Reasons (Other)",0.655483%,0.664466%,0.658732%
"Tesla K80 (0)","convolutionRowsKernel(float*, float*, int, int, int)",17,"l1_shared_utilization","L1/Shared Memory Utilization","High (8)","High (8)","High (8)"
"Tesla K80 (0)","convolutionRowsKernel(float*, float*, int, int, int)",17,"l2_utilization","L2 Cache Utilization","Low (2)","Low (2)","Low (2)"
"Tesla K80 (0)","convolutionRowsKernel(float*, float*, int, int, int)",17,"tex_utilization","Texture Cache Utilization","Idle (0)","Idle (0)","Idle (0)"
"Tesla K80 (0)","convolutionRowsKernel(float*, float*, int, int, int)",17,"dram_utilization","Device Memory Utilization","Low (3)","Low (3)","Low (3)"
"Tesla K80 (0)","convolutionRowsKernel(float*, float*, int, int, int)",17,"sysmem_utilization","System Memory Utilization","Low (1)","Low (1)","Low (1)"
"Tesla K80 (0)","convolutionRowsKernel(float*, float*, int, int, int)",17,"ldst_fu_utilization","Load/Store Function Unit Utilization","High (9)","High (9)","High (9)"
"Tesla K80 (0)","convolutionRowsKernel(float*, float*, int, int, int)",17,"alu_fu_utilization","Arithmetic Function Unit Utilization","Low (2)","Low (2)","Low (2)"
"Tesla K80 (0)","convolutionRowsKernel(float*, float*, int, int, int)",17,"cf_fu_utilization","Control-Flow Function Unit Utilization","Low (1)","Low (1)","Low (1)"
"Tesla K80 (0)","convolutionRowsKernel(float*, float*, int, int, int)",17,"tex_fu_utilization","Texture Function Unit Utilization","Idle (0)","Idle (0)","Idle (0)"
"Tesla K80 (0)","convolutionRowsKernel(float*, float*, int, int, int)",17,"inst_executed","Instructions Executed",11907072,11907072,11907072
"Tesla K80 (0)","convolutionRowsKernel(float*, float*, int, int, int)",17,"inst_issued","Instructions Issued",18380873,18387814,18385153
"Tesla K80 (0)","convolutionRowsKernel(float*, float*, int, int, int)",17,"issue_slots","Issue Slots",15395702,15400498,15398408
"Tesla K80 (0)","convolutionRowsKernel(float*, float*, int, int, int)",17,"nc_l2_read_throughput","L2 Throughput (Non-Coherent Reads)",0.000000B/s,0.000000B/s,0.000000B/s
"Tesla K80 (0)","convolutionRowsKernel(float*, float*, int, int, int)",17,"nc_l2_read_transactions","L2 Non-Coherent Read Transactions",0,0,0
"Tesla K80 (0)","convolutionRowsKernel(float*, float*, int, int, int)",17,"nc_cache_global_hit_rate","Non-Coherent Global Hit Rate",0.000000%,0.000000%,0.000000%
"Tesla K80 (0)","convolutionRowsKernel(float*, float*, int, int, int)",17,"nc_gld_throughput","Non-Coherent Global Memory Load Throughput",0.000000B/s,0.000000B/s,0.000000B/s
"Tesla K80 (0)","convolutionRowsKernel(float*, float*, int, int, int)",17,"nc_gld_efficiency","Non-Coherent Global Load Efficiency",0.000000%,0.000000%,0.000000%
"Tesla K80 (0)","convolutionRowsKernel(float*, float*, int, int, int)",17,"l2_atomic_throughput","L2 Throughput (Atomic requests)",0.000000B/s,0.000000B/s,0.000000B/s
"Tesla K80 (0)","convolutionRowsKernel(float*, float*, int, int, int)",17,"inst_fp_32","FP Instructions(Single)",160432128,160432128,160432128
"Tesla K80 (0)","convolutionRowsKernel(float*, float*, int, int, int)",17,"inst_fp_64","FP Instructions(Double)",0,0,0
"Tesla K80 (0)","convolutionRowsKernel(float*, float*, int, int, int)",17,"inst_integer","Integer Instructions",22413312,22413312,22413312
"Tesla K80 (0)","convolutionRowsKernel(float*, float*, int, int, int)",17,"inst_bit_convert","Bit-Convert Instructions",0,0,0
"Tesla K80 (0)","convolutionRowsKernel(float*, float*, int, int, int)",17,"inst_control","Control-Flow Instructions",1179648,1179648,1179648
"Tesla K80 (0)","convolutionRowsKernel(float*, float*, int, int, int)",17,"inst_compute_ld_st","Load/Store Instructions",185106432,185106432,185106432
"Tesla K80 (0)","convolutionRowsKernel(float*, float*, int, int, int)",17,"inst_misc","Misc Instructions",11796480,11796480,11796480
"Tesla K80 (0)","convolutionRowsKernel(float*, float*, int, int, int)",17,"inst_inter_thread_communication","Inter-Thread Instructions",0,0,0
"Tesla K80 (0)","convolutionRowsKernel(float*, float*, int, int, int)",17,"atomic_replay_overhead","Atomic Replay Overhead",0.000000,0.000000,0.000000
"Tesla K80 (0)","convolutionRowsKernel(float*, float*, int, int, int)",17,"atomic_transactions","Atomic Transactions",0,0,0
"Tesla K80 (0)","convolutionRowsKernel(float*, float*, int, int, int)",17,"atomic_transactions_per_request","Atomic Transactions Per Request",0.000000,0.000000,0.000000
"Tesla K80 (0)","convolutionRowsKernel(float*, float*, int, int, int)",17,"l2_l1_read_transactions","L2 Read Transactions (L1 read requests)",1462272,1462272,1462272
"Tesla K80 (0)","convolutionRowsKernel(float*, float*, int, int, int)",17,"l2_l1_write_transactions","L2 Write Transactions (L1 write requests)",1179648,1179800,1179717
"Tesla K80 (0)","convolutionRowsKernel(float*, float*, int, int, int)",17,"l2_tex_read_transactions","L2 Transactions (Texture Reads)",0,0,0
"Tesla K80 (0)","convolutionRowsKernel(float*, float*, int, int, int)",17,"l2_l1_write_throughput","L2 Throughput (L1 Writes)",20.132183GB/s,20.139408GB/s,20.135501GB/s
"Tesla K80 (0)","convolutionRowsKernel(float*, float*, int, int, int)",17,"l2_atomic_transactions","L2 Transactions (Atomic requests)",0,0,0
"Tesla K80 (0)","convolutionRowsKernel(float*, float*, int, int, int)",17,"ecc_transactions","ECC Transactions",834954,836829,835964
"Tesla K80 (0)","convolutionRowsKernel(float*, float*, int, int, int)",17,"ecc_throughput","ECC Throughput",14.253257GB/s,14.283542GB/s,14.268289GB/s
"Tesla K80 (0)","convolutionRowsKernel(float*, float*, int, int, int)",17,"stall_pipe_busy","Issue Stall Reasons (Pipe Busy)",37.252097%,37.909552%,37.635787%
"Tesla K80 (0)","convolutionRowsKernel(float*, float*, int, int, int)",17,"stall_constant_memory_dependency","Issue Stall Reasons (Immediate constant)",0.021269%,0.036261%,0.024979%
"Tesla K80 (0)","convolutionRowsKernel(float*, float*, int, int, int)",17,"flop_sp_efficiency","FLOP Efficiency(Peak Single)",6.164235%,6.173233%,6.169296%
"Tesla K80 (0)","convolutionRowsKernel(float*, float*, int, int, int)",17,"flop_dp_efficiency","FLOP Efficiency(Peak Double)",0.000000%,0.000000%,0.000000%
"Tesla K80 (0)","convolutionRowsKernel(float*, float*, int, int, int)",17,"stall_memory_throttle","Issue Stall Reasons (Memory Throttle)",27.314329%,27.571925%,27.412240%
"Tesla K80 (0)","convolutionRowsKernel(float*, float*, int, int, int)",17,"stall_not_selected","Issue Stall Reasons (Not Selected)",18.409737%,18.602806%,18.488736%
"Tesla K80 (0)","convolutionRowsKernel(float*, float*, int, int, int)",17,"eligible_warps_per_cycle","Eligible Warps Per Active Cycle",6.603108,6.677623,6.643153
"Tesla K80 (0)","convolutionRowsKernel(float*, float*, int, int, int)",17,"atomic_throughput","Atomic Throughput",0.000000B/s,0.000000B/s,0.000000B/s
