==12644== NVPROF is profiling process 12644, command: ./6_overhead
==12644== Warning: Some kernel(s) will be replayed on device 0 in order to collect all events/metrics.
==12644== Profiling application: ./6_overhead
==12644== Profiling result:
==12644== Event result:
"Device","Kernel","Invocations","Event Name","Min","Max","Avg"
"Tesla K80 (0)","cfd_kernel(int, int*, float const *, float const *, float*, float*, float*, float*, float*, int, int, int, int, int, int, int)",1,"tex0_cache_sector_queries",603849,603849,603849
"Tesla K80 (0)","cfd_kernel(int, int*, float const *, float const *, float*, float*, float*, float*, float*, int, int, int, int, int, int, int)",1,"tex1_cache_sector_queries",603914,603914,603914
"Tesla K80 (0)","cfd_kernel(int, int*, float const *, float const *, float*, float*, float*, float*, float*, int, int, int, int, int, int, int)",1,"tex2_cache_sector_queries",603844,603844,603844
"Tesla K80 (0)","cfd_kernel(int, int*, float const *, float const *, float*, float*, float*, float*, float*, int, int, int, int, int, int, int)",1,"tex3_cache_sector_queries",603924,603924,603924
"Tesla K80 (0)","cfd_kernel(int, int*, float const *, float const *, float*, float*, float*, float*, float*, int, int, int, int, int, int, int)",1,"tex0_cache_sector_misses",526941,526941,526941
"Tesla K80 (0)","cfd_kernel(int, int*, float const *, float const *, float*, float*, float*, float*, float*, int, int, int, int, int, int, int)",1,"tex1_cache_sector_misses",527913,527913,527913
"Tesla K80 (0)","cfd_kernel(int, int*, float const *, float const *, float*, float*, float*, float*, float*, int, int, int, int, int, int, int)",1,"tex2_cache_sector_misses",527669,527669,527669
"Tesla K80 (0)","cfd_kernel(int, int*, float const *, float const *, float*, float*, float*, float*, float*, int, int, int, int, int, int, int)",1,"tex3_cache_sector_misses",527181,527181,527181
"Tesla K80 (0)","cfd_kernel(int, int*, float const *, float const *, float*, float*, float*, float*, float*, int, int, int, int, int, int, int)",1,"fb_subp0_read_sectors",138863,138863,138863
"Tesla K80 (0)","cfd_kernel(int, int*, float const *, float const *, float*, float*, float*, float*, float*, int, int, int, int, int, int, int)",1,"fb_subp1_read_sectors",138949,138949,138949
"Tesla K80 (0)","cfd_kernel(int, int*, float const *, float const *, float*, float*, float*, float*, float*, int, int, int, int, int, int, int)",1,"fb_subp0_write_sectors",19136,19136,19136
"Tesla K80 (0)","cfd_kernel(int, int*, float const *, float const *, float*, float*, float*, float*, float*, int, int, int, int, int, int, int)",1,"fb_subp1_write_sectors",19121,19121,19121
"Tesla K80 (0)","cfd_kernel(int, int*, float const *, float const *, float*, float*, float*, float*, float*, int, int, int, int, int, int, int)",1,"l2_subp0_write_sector_misses",7680,7680,7680
"Tesla K80 (0)","cfd_kernel(int, int*, float const *, float const *, float*, float*, float*, float*, float*, int, int, int, int, int, int, int)",1,"l2_subp1_write_sector_misses",7684,7684,7684
"Tesla K80 (0)","cfd_kernel(int, int*, float const *, float const *, float*, float*, float*, float*, float*, int, int, int, int, int, int, int)",1,"l2_subp2_write_sector_misses",7682,7682,7682
"Tesla K80 (0)","cfd_kernel(int, int*, float const *, float const *, float*, float*, float*, float*, float*, int, int, int, int, int, int, int)",1,"l2_subp3_write_sector_misses",7685,7685,7685
"Tesla K80 (0)","cfd_kernel(int, int*, float const *, float const *, float*, float*, float*, float*, float*, int, int, int, int, int, int, int)",1,"l2_subp0_read_sector_misses",52376,52376,52376
"Tesla K80 (0)","cfd_kernel(int, int*, float const *, float const *, float*, float*, float*, float*, float*, int, int, int, int, int, int, int)",1,"l2_subp1_read_sector_misses",52458,52458,52458
"Tesla K80 (0)","cfd_kernel(int, int*, float const *, float const *, float*, float*, float*, float*, float*, int, int, int, int, int, int, int)",1,"l2_subp2_read_sector_misses",52358,52358,52358
"Tesla K80 (0)","cfd_kernel(int, int*, float const *, float const *, float*, float*, float*, float*, float*, int, int, int, int, int, int, int)",1,"l2_subp3_read_sector_misses",52454,52454,52454
"Tesla K80 (0)","cfd_kernel(int, int*, float const *, float const *, float*, float*, float*, float*, float*, int, int, int, int, int, int, int)",1,"l2_subp0_write_l1_sector_queries",7680,7680,7680
"Tesla K80 (0)","cfd_kernel(int, int*, float const *, float const *, float*, float*, float*, float*, float*, int, int, int, int, int, int, int)",1,"l2_subp1_write_l1_sector_queries",7680,7680,7680
"Tesla K80 (0)","cfd_kernel(int, int*, float const *, float const *, float*, float*, float*, float*, float*, int, int, int, int, int, int, int)",1,"l2_subp2_write_l1_sector_queries",7680,7680,7680
"Tesla K80 (0)","cfd_kernel(int, int*, float const *, float const *, float*, float*, float*, float*, float*, int, int, int, int, int, int, int)",1,"l2_subp3_write_l1_sector_queries",7680,7680,7680
"Tesla K80 (0)","cfd_kernel(int, int*, float const *, float const *, float*, float*, float*, float*, float*, int, int, int, int, int, int, int)",1,"l2_subp0_read_l1_sector_queries",0,0,0
"Tesla K80 (0)","cfd_kernel(int, int*, float const *, float const *, float*, float*, float*, float*, float*, int, int, int, int, int, int, int)",1,"l2_subp1_read_l1_sector_queries",0,0,0
"Tesla K80 (0)","cfd_kernel(int, int*, float const *, float const *, float*, float*, float*, float*, float*, int, int, int, int, int, int, int)",1,"l2_subp2_read_l1_sector_queries",0,0,0
"Tesla K80 (0)","cfd_kernel(int, int*, float const *, float const *, float*, float*, float*, float*, float*, int, int, int, int, int, int, int)",1,"l2_subp3_read_l1_sector_queries",0,0,0
"Tesla K80 (0)","cfd_kernel(int, int*, float const *, float const *, float*, float*, float*, float*, float*, int, int, int, int, int, int, int)",1,"l2_subp0_read_l1_hit_sectors",0,0,0
"Tesla K80 (0)","cfd_kernel(int, int*, float const *, float const *, float*, float*, float*, float*, float*, int, int, int, int, int, int, int)",1,"l2_subp1_read_l1_hit_sectors",0,0,0
"Tesla K80 (0)","cfd_kernel(int, int*, float const *, float const *, float*, float*, float*, float*, float*, int, int, int, int, int, int, int)",1,"l2_subp2_read_l1_hit_sectors",0,0,0
"Tesla K80 (0)","cfd_kernel(int, int*, float const *, float const *, float*, float*, float*, float*, float*, int, int, int, int, int, int, int)",1,"l2_subp3_read_l1_hit_sectors",0,0,0
"Tesla K80 (0)","cfd_kernel(int, int*, float const *, float const *, float*, float*, float*, float*, float*, int, int, int, int, int, int, int)",1,"l2_subp0_read_tex_sector_queries",527374,527374,527374
"Tesla K80 (0)","cfd_kernel(int, int*, float const *, float const *, float*, float*, float*, float*, float*, int, int, int, int, int, int, int)",1,"l2_subp1_read_tex_sector_queries",527908,527908,527908
"Tesla K80 (0)","cfd_kernel(int, int*, float const *, float const *, float*, float*, float*, float*, float*, int, int, int, int, int, int, int)",1,"l2_subp2_read_tex_sector_queries",526560,526560,526560
"Tesla K80 (0)","cfd_kernel(int, int*, float const *, float const *, float*, float*, float*, float*, float*, int, int, int, int, int, int, int)",1,"l2_subp3_read_tex_sector_queries",527799,527799,527799
"Tesla K80 (0)","cfd_kernel(int, int*, float const *, float const *, float*, float*, float*, float*, float*, int, int, int, int, int, int, int)",1,"l2_subp0_read_tex_hit_sectors",474972,474972,474972
"Tesla K80 (0)","cfd_kernel(int, int*, float const *, float const *, float*, float*, float*, float*, float*, int, int, int, int, int, int, int)",1,"l2_subp1_read_tex_hit_sectors",475849,475849,475849
"Tesla K80 (0)","cfd_kernel(int, int*, float const *, float const *, float*, float*, float*, float*, float*, int, int, int, int, int, int, int)",1,"l2_subp2_read_tex_hit_sectors",474705,474705,474705
"Tesla K80 (0)","cfd_kernel(int, int*, float const *, float const *, float*, float*, float*, float*, float*, int, int, int, int, int, int, int)",1,"l2_subp3_read_tex_hit_sectors",475108,475108,475108
"Tesla K80 (0)","cfd_kernel(int, int*, float const *, float const *, float*, float*, float*, float*, float*, int, int, int, int, int, int, int)",1,"rocache_subp0_gld_thread_count_32b",110592,110592,110592
"Tesla K80 (0)","cfd_kernel(int, int*, float const *, float const *, float*, float*, float*, float*, float*, int, int, int, int, int, int, int)",1,"rocache_subp1_gld_thread_count_32b",110592,110592,110592
"Tesla K80 (0)","cfd_kernel(int, int*, float const *, float const *, float*, float*, float*, float*, float*, int, int, int, int, int, int, int)",1,"rocache_subp2_gld_thread_count_32b",110592,110592,110592
"Tesla K80 (0)","cfd_kernel(int, int*, float const *, float const *, float*, float*, float*, float*, float*, int, int, int, int, int, int, int)",1,"rocache_subp3_gld_thread_count_32b",110592,110592,110592
"Tesla K80 (0)","cfd_kernel(int, int*, float const *, float const *, float*, float*, float*, float*, float*, int, int, int, int, int, int, int)",1,"rocache_subp0_gld_thread_count_64b",0,0,0
"Tesla K80 (0)","cfd_kernel(int, int*, float const *, float const *, float*, float*, float*, float*, float*, int, int, int, int, int, int, int)",1,"rocache_subp1_gld_thread_count_64b",0,0,0
"Tesla K80 (0)","cfd_kernel(int, int*, float const *, float const *, float*, float*, float*, float*, float*, int, int, int, int, int, int, int)",1,"rocache_subp2_gld_thread_count_64b",0,0,0
"Tesla K80 (0)","cfd_kernel(int, int*, float const *, float const *, float*, float*, float*, float*, float*, int, int, int, int, int, int, int)",1,"rocache_subp3_gld_thread_count_64b",0,0,0
"Tesla K80 (0)","cfd_kernel(int, int*, float const *, float const *, float*, float*, float*, float*, float*, int, int, int, int, int, int, int)",1,"rocache_subp0_gld_thread_count_128b",0,0,0
"Tesla K80 (0)","cfd_kernel(int, int*, float const *, float const *, float*, float*, float*, float*, float*, int, int, int, int, int, int, int)",1,"rocache_subp1_gld_thread_count_128b",0,0,0
"Tesla K80 (0)","cfd_kernel(int, int*, float const *, float const *, float*, float*, float*, float*, float*, int, int, int, int, int, int, int)",1,"rocache_subp2_gld_thread_count_128b",0,0,0
"Tesla K80 (0)","cfd_kernel(int, int*, float const *, float const *, float*, float*, float*, float*, float*, int, int, int, int, int, int, int)",1,"rocache_subp3_gld_thread_count_128b",0,0,0
"Tesla K80 (0)","cfd_kernel(int, int*, float const *, float const *, float*, float*, float*, float*, float*, int, int, int, int, int, int, int)",1,"rocache_subp0_gld_warp_count_32b",3568,3568,3568
"Tesla K80 (0)","cfd_kernel(int, int*, float const *, float const *, float*, float*, float*, float*, float*, int, int, int, int, int, int, int)",1,"rocache_subp1_gld_warp_count_32b",3666,3666,3666
"Tesla K80 (0)","cfd_kernel(int, int*, float const *, float const *, float*, float*, float*, float*, float*, int, int, int, int, int, int, int)",1,"rocache_subp2_gld_warp_count_32b",3554,3554,3554
"Tesla K80 (0)","cfd_kernel(int, int*, float const *, float const *, float*, float*, float*, float*, float*, int, int, int, int, int, int, int)",1,"rocache_subp3_gld_warp_count_32b",3680,3680,3680
"Tesla K80 (0)","cfd_kernel(int, int*, float const *, float const *, float*, float*, float*, float*, float*, int, int, int, int, int, int, int)",1,"rocache_subp0_gld_warp_count_64b",0,0,0
"Tesla K80 (0)","cfd_kernel(int, int*, float const *, float const *, float*, float*, float*, float*, float*, int, int, int, int, int, int, int)",1,"rocache_subp1_gld_warp_count_64b",0,0,0
"Tesla K80 (0)","cfd_kernel(int, int*, float const *, float const *, float*, float*, float*, float*, float*, int, int, int, int, int, int, int)",1,"rocache_subp2_gld_warp_count_64b",0,0,0
"Tesla K80 (0)","cfd_kernel(int, int*, float const *, float const *, float*, float*, float*, float*, float*, int, int, int, int, int, int, int)",1,"rocache_subp3_gld_warp_count_64b",0,0,0
"Tesla K80 (0)","cfd_kernel(int, int*, float const *, float const *, float*, float*, float*, float*, float*, int, int, int, int, int, int, int)",1,"rocache_subp0_gld_warp_count_128b",0,0,0
"Tesla K80 (0)","cfd_kernel(int, int*, float const *, float const *, float*, float*, float*, float*, float*, int, int, int, int, int, int, int)",1,"rocache_subp1_gld_warp_count_128b",0,0,0
"Tesla K80 (0)","cfd_kernel(int, int*, float const *, float const *, float*, float*, float*, float*, float*, int, int, int, int, int, int, int)",1,"rocache_subp2_gld_warp_count_128b",0,0,0
"Tesla K80 (0)","cfd_kernel(int, int*, float const *, float const *, float*, float*, float*, float*, float*, int, int, int, int, int, int, int)",1,"rocache_subp3_gld_warp_count_128b",0,0,0
"Tesla K80 (0)","cfd_kernel(int, int*, float const *, float const *, float*, float*, float*, float*, float*, int, int, int, int, int, int, int)",1,"l2_subp0_read_sysmem_sector_queries",0,0,0
"Tesla K80 (0)","cfd_kernel(int, int*, float const *, float const *, float*, float*, float*, float*, float*, int, int, int, int, int, int, int)",1,"l2_subp1_read_sysmem_sector_queries",0,0,0
"Tesla K80 (0)","cfd_kernel(int, int*, float const *, float const *, float*, float*, float*, float*, float*, int, int, int, int, int, int, int)",1,"l2_subp2_read_sysmem_sector_queries",0,0,0
"Tesla K80 (0)","cfd_kernel(int, int*, float const *, float const *, float*, float*, float*, float*, float*, int, int, int, int, int, int, int)",1,"l2_subp3_read_sysmem_sector_queries",0,0,0
"Tesla K80 (0)","cfd_kernel(int, int*, float const *, float const *, float*, float*, float*, float*, float*, int, int, int, int, int, int, int)",1,"l2_subp0_write_sysmem_sector_queries",0,0,0
"Tesla K80 (0)","cfd_kernel(int, int*, float const *, float const *, float*, float*, float*, float*, float*, int, int, int, int, int, int, int)",1,"l2_subp1_write_sysmem_sector_queries",0,0,0
"Tesla K80 (0)","cfd_kernel(int, int*, float const *, float const *, float*, float*, float*, float*, float*, int, int, int, int, int, int, int)",1,"l2_subp2_write_sysmem_sector_queries",4,4,4
"Tesla K80 (0)","cfd_kernel(int, int*, float const *, float const *, float*, float*, float*, float*, float*, int, int, int, int, int, int, int)",1,"l2_subp3_write_sysmem_sector_queries",0,0,0
"Tesla K80 (0)","cfd_kernel(int, int*, float const *, float const *, float*, float*, float*, float*, float*, int, int, int, int, int, int, int)",1,"l2_subp0_total_read_sector_queries",528154,528154,528154
"Tesla K80 (0)","cfd_kernel(int, int*, float const *, float const *, float*, float*, float*, float*, float*, int, int, int, int, int, int, int)",1,"l2_subp1_total_read_sector_queries",528826,528826,528826
"Tesla K80 (0)","cfd_kernel(int, int*, float const *, float const *, float*, float*, float*, float*, float*, int, int, int, int, int, int, int)",1,"l2_subp2_total_read_sector_queries",527784,527784,527784
"Tesla K80 (0)","cfd_kernel(int, int*, float const *, float const *, float*, float*, float*, float*, float*, int, int, int, int, int, int, int)",1,"l2_subp3_total_read_sector_queries",528455,528455,528455
"Tesla K80 (0)","cfd_kernel(int, int*, float const *, float const *, float*, float*, float*, float*, float*, int, int, int, int, int, int, int)",1,"l2_subp0_total_write_sector_queries",7683,7683,7683
"Tesla K80 (0)","cfd_kernel(int, int*, float const *, float const *, float*, float*, float*, float*, float*, int, int, int, int, int, int, int)",1,"l2_subp1_total_write_sector_queries",7685,7685,7685
"Tesla K80 (0)","cfd_kernel(int, int*, float const *, float const *, float*, float*, float*, float*, float*, int, int, int, int, int, int, int)",1,"l2_subp2_total_write_sector_queries",7680,7680,7680
"Tesla K80 (0)","cfd_kernel(int, int*, float const *, float const *, float*, float*, float*, float*, float*, int, int, int, int, int, int, int)",1,"l2_subp3_total_write_sector_queries",7686,7686,7686
"Tesla K80 (0)","cfd_kernel(int, int*, float const *, float const *, float*, float*, float*, float*, float*, int, int, int, int, int, int, int)",1,"elapsed_cycles_sm",1816581,1816581,1816581
"Tesla K80 (0)","cfd_kernel(int, int*, float const *, float const *, float*, float*, float*, float*, float*, int, int, int, int, int, int, int)",1,"gld_inst_8bit",0,0,0
"Tesla K80 (0)","cfd_kernel(int, int*, float const *, float const *, float*, float*, float*, float*, float*, int, int, int, int, int, int, int)",1,"gld_inst_16bit",0,0,0
"Tesla K80 (0)","cfd_kernel(int, int*, float const *, float const *, float*, float*, float*, float*, float*, int, int, int, int, int, int, int)",1,"gld_inst_32bit",0,0,0
"Tesla K80 (0)","cfd_kernel(int, int*, float const *, float const *, float*, float*, float*, float*, float*, int, int, int, int, int, int, int)",1,"gld_inst_64bit",0,0,0
"Tesla K80 (0)","cfd_kernel(int, int*, float const *, float const *, float*, float*, float*, float*, float*, int, int, int, int, int, int, int)",1,"gld_inst_128bit",0,0,0
"Tesla K80 (0)","cfd_kernel(int, int*, float const *, float const *, float*, float*, float*, float*, float*, int, int, int, int, int, int, int)",1,"gst_inst_8bit",0,0,0
"Tesla K80 (0)","cfd_kernel(int, int*, float const *, float const *, float*, float*, float*, float*, float*, int, int, int, int, int, int, int)",1,"gst_inst_16bit",0,0,0
"Tesla K80 (0)","cfd_kernel(int, int*, float const *, float const *, float*, float*, float*, float*, float*, int, int, int, int, int, int, int)",1,"gst_inst_32bit",245760,245760,245760
"Tesla K80 (0)","cfd_kernel(int, int*, float const *, float const *, float*, float*, float*, float*, float*, int, int, int, int, int, int, int)",1,"gst_inst_64bit",0,0,0
"Tesla K80 (0)","cfd_kernel(int, int*, float const *, float const *, float*, float*, float*, float*, float*, int, int, int, int, int, int, int)",1,"gst_inst_128bit",0,0,0
"Tesla K80 (0)","cfd_kernel(int, int*, float const *, float const *, float*, float*, float*, float*, float*, int, int, int, int, int, int, int)",1,"rocache_gld_inst_8bit",0,0,0
"Tesla K80 (0)","cfd_kernel(int, int*, float const *, float const *, float*, float*, float*, float*, float*, int, int, int, int, int, int, int)",1,"rocache_gld_inst_16bit",0,0,0
"Tesla K80 (0)","cfd_kernel(int, int*, float const *, float const *, float*, float*, float*, float*, float*, int, int, int, int, int, int, int)",1,"rocache_gld_inst_32bit",442368,442368,442368
"Tesla K80 (0)","cfd_kernel(int, int*, float const *, float const *, float*, float*, float*, float*, float*, int, int, int, int, int, int, int)",1,"rocache_gld_inst_64bit",0,0,0
"Tesla K80 (0)","cfd_kernel(int, int*, float const *, float const *, float*, float*, float*, float*, float*, int, int, int, int, int, int, int)",1,"rocache_gld_inst_128bit",0,0,0
"Tesla K80 (0)","cfd_kernel(int, int*, float const *, float const *, float*, float*, float*, float*, float*, int, int, int, int, int, int, int)",1,"prof_trigger_00",0,0,0
"Tesla K80 (0)","cfd_kernel(int, int*, float const *, float const *, float*, float*, float*, float*, float*, int, int, int, int, int, int, int)",1,"prof_trigger_01",0,0,0
"Tesla K80 (0)","cfd_kernel(int, int*, float const *, float const *, float*, float*, float*, float*, float*, int, int, int, int, int, int, int)",1,"prof_trigger_02",0,0,0
"Tesla K80 (0)","cfd_kernel(int, int*, float const *, float const *, float*, float*, float*, float*, float*, int, int, int, int, int, int, int)",1,"prof_trigger_03",0,0,0
"Tesla K80 (0)","cfd_kernel(int, int*, float const *, float const *, float*, float*, float*, float*, float*, int, int, int, int, int, int, int)",1,"prof_trigger_04",0,0,0
"Tesla K80 (0)","cfd_kernel(int, int*, float const *, float const *, float*, float*, float*, float*, float*, int, int, int, int, int, int, int)",1,"prof_trigger_05",0,0,0
"Tesla K80 (0)","cfd_kernel(int, int*, float const *, float const *, float*, float*, float*, float*, float*, int, int, int, int, int, int, int)",1,"prof_trigger_06",0,0,0
"Tesla K80 (0)","cfd_kernel(int, int*, float const *, float const *, float*, float*, float*, float*, float*, int, int, int, int, int, int, int)",1,"prof_trigger_07",0,0,0
"Tesla K80 (0)","cfd_kernel(int, int*, float const *, float const *, float*, float*, float*, float*, float*, int, int, int, int, int, int, int)",1,"atom_cas_count",0,0,0
"Tesla K80 (0)","cfd_kernel(int, int*, float const *, float const *, float*, float*, float*, float*, float*, int, int, int, int, int, int, int)",1,"warps_launched",1536,1536,1536
"Tesla K80 (0)","cfd_kernel(int, int*, float const *, float const *, float*, float*, float*, float*, float*, int, int, int, int, int, int, int)",1,"threads_launched",49152,49152,49152
"Tesla K80 (0)","cfd_kernel(int, int*, float const *, float const *, float*, float*, float*, float*, float*, int, int, int, int, int, int, int)",1,"inst_executed",2284032,2284032,2284032
"Tesla K80 (0)","cfd_kernel(int, int*, float const *, float const *, float*, float*, float*, float*, float*, int, int, int, int, int, int, int)",1,"inst_issued1",1650376,1650376,1650376
"Tesla K80 (0)","cfd_kernel(int, int*, float const *, float const *, float*, float*, float*, float*, float*, int, int, int, int, int, int, int)",1,"inst_issued2",319801,319801,319801
"Tesla K80 (0)","cfd_kernel(int, int*, float const *, float const *, float*, float*, float*, float*, float*, int, int, int, int, int, int, int)",1,"thread_inst_executed",73089024,73089024,73089024
"Tesla K80 (0)","cfd_kernel(int, int*, float const *, float const *, float*, float*, float*, float*, float*, int, int, int, int, int, int, int)",1,"shared_load",0,0,0
"Tesla K80 (0)","cfd_kernel(int, int*, float const *, float const *, float*, float*, float*, float*, float*, int, int, int, int, int, int, int)",1,"shared_store",0,0,0
"Tesla K80 (0)","cfd_kernel(int, int*, float const *, float const *, float*, float*, float*, float*, float*, int, int, int, int, int, int, int)",1,"local_load",0,0,0
"Tesla K80 (0)","cfd_kernel(int, int*, float const *, float const *, float*, float*, float*, float*, float*, int, int, int, int, int, int, int)",1,"local_store",0,0,0
"Tesla K80 (0)","cfd_kernel(int, int*, float const *, float const *, float*, float*, float*, float*, float*, int, int, int, int, int, int, int)",1,"gld_request",0,0,0
"Tesla K80 (0)","cfd_kernel(int, int*, float const *, float const *, float*, float*, float*, float*, float*, int, int, int, int, int, int, int)",1,"gst_request",7680,7680,7680
"Tesla K80 (0)","cfd_kernel(int, int*, float const *, float const *, float*, float*, float*, float*, float*, int, int, int, int, int, int, int)",1,"active_cycles",1653237,1653237,1653237
"Tesla K80 (0)","cfd_kernel(int, int*, float const *, float const *, float*, float*, float*, float*, float*, int, int, int, int, int, int, int)",1,"active_warps",92907918,92907918,92907918
"Tesla K80 (0)","cfd_kernel(int, int*, float const *, float const *, float*, float*, float*, float*, float*, int, int, int, int, int, int, int)",1,"sm_cta_launched",192,192,192
"Tesla K80 (0)","cfd_kernel(int, int*, float const *, float const *, float*, float*, float*, float*, float*, int, int, int, int, int, int, int)",1,"not_predicated_off_thread_inst_executed",65372160,65372160,65372160
"Tesla K80 (0)","cfd_kernel(int, int*, float const *, float const *, float*, float*, float*, float*, float*, int, int, int, int, int, int, int)",1,"l1_local_load_hit",0,0,0
"Tesla K80 (0)","cfd_kernel(int, int*, float const *, float const *, float*, float*, float*, float*, float*, int, int, int, int, int, int, int)",1,"l1_local_load_miss",0,0,0
"Tesla K80 (0)","cfd_kernel(int, int*, float const *, float const *, float*, float*, float*, float*, float*, int, int, int, int, int, int, int)",1,"l1_local_store_hit",0,0,0
"Tesla K80 (0)","cfd_kernel(int, int*, float const *, float const *, float*, float*, float*, float*, float*, int, int, int, int, int, int, int)",1,"l1_local_store_miss",0,0,0
"Tesla K80 (0)","cfd_kernel(int, int*, float const *, float const *, float*, float*, float*, float*, float*, int, int, int, int, int, int, int)",1,"l1_global_load_hit",0,0,0
"Tesla K80 (0)","cfd_kernel(int, int*, float const *, float const *, float*, float*, float*, float*, float*, int, int, int, int, int, int, int)",1,"l1_global_load_miss",0,0,0
"Tesla K80 (0)","cfd_kernel(int, int*, float const *, float const *, float*, float*, float*, float*, float*, int, int, int, int, int, int, int)",1,"uncached_global_load_transaction",0,0,0
"Tesla K80 (0)","cfd_kernel(int, int*, float const *, float const *, float*, float*, float*, float*, float*, int, int, int, int, int, int, int)",1,"global_store_transaction",7680,7680,7680
"Tesla K80 (0)","cfd_kernel(int, int*, float const *, float const *, float*, float*, float*, float*, float*, int, int, int, int, int, int, int)",1,"shared_load_replay",0,0,0
"Tesla K80 (0)","cfd_kernel(int, int*, float const *, float const *, float*, float*, float*, float*, float*, int, int, int, int, int, int, int)",1,"shared_store_replay",0,0,0
"Tesla K80 (0)","cfd_kernel(int, int*, float const *, float const *, float*, float*, float*, float*, float*, int, int, int, int, int, int, int)",1,"global_ld_mem_divergence_replays",0,0,0
"Tesla K80 (0)","cfd_kernel(int, int*, float const *, float const *, float*, float*, float*, float*, float*, int, int, int, int, int, int, int)",1,"global_st_mem_divergence_replays",0,0,0
"Tesla K80 (0)","cfd_kernel(int, int*, float const *, float const *, float*, float*, float*, float*, float*, int, int, int, int, int, int, int)",1,"local_load_transactions",0,0,0
"Tesla K80 (0)","cfd_kernel(int, int*, float const *, float const *, float*, float*, float*, float*, float*, int, int, int, int, int, int, int)",1,"local_store_transactions",0,0,0
"Tesla K80 (0)","cfd_kernel(int, int*, float const *, float const *, float*, float*, float*, float*, float*, int, int, int, int, int, int, int)",1,"l1_shared_load_transactions",0,0,0
"Tesla K80 (0)","cfd_kernel(int, int*, float const *, float const *, float*, float*, float*, float*, float*, int, int, int, int, int, int, int)",1,"l1_shared_store_transactions",0,0,0
"Tesla K80 (0)","cfd_kernel(int, int*, float const *, float const *, float*, float*, float*, float*, float*, int, int, int, int, int, int, int)",1,"__l1_global_load_transactions",0,0,0
"Tesla K80 (0)","cfd_kernel(int, int*, float const *, float const *, float*, float*, float*, float*, float*, int, int, int, int, int, int, int)",1,"__l1_global_store_transactions",7680,7680,7680
"Tesla K80 (0)","cfd_kernel(int, int*, float const *, float const *, float*, float*, float*, float*, float*, int, int, int, int, int, int, int)",1,"atom_count",0,0,0
"Tesla K80 (0)","cfd_kernel(int, int*, float const *, float const *, float*, float*, float*, float*, float*, int, int, int, int, int, int, int)",1,"gred_count",0,0,0

==12644== Metric result:
"Device","Kernel","Invocations","Metric Name","Metric Description","Min","Max","Avg"
"Tesla K80 (0)","cfd_kernel(int, int*, float const *, float const *, float*, float*, float*, float*, float*, int, int, int, int, int, int, int)",1,"l1_cache_global_hit_rate","L1 Global Hit Rate",0.000000%,0.000000%,0.000000%
"Tesla K80 (0)","cfd_kernel(int, int*, float const *, float const *, float*, float*, float*, float*, float*, int, int, int, int, int, int, int)",1,"l1_cache_local_hit_rate","L1 Local Hit Rate",0.000000%,0.000000%,0.000000%
"Tesla K80 (0)","cfd_kernel(int, int*, float const *, float const *, float*, float*, float*, float*, float*, int, int, int, int, int, int, int)",1,"sm_efficiency","Multiprocessor Activity",90.092377%,90.092377%,90.092377%
"Tesla K80 (0)","cfd_kernel(int, int*, float const *, float const *, float*, float*, float*, float*, float*, int, int, int, int, int, int, int)",1,"ipc","Executed IPC",1.395595,1.395595,1.395595
"Tesla K80 (0)","cfd_kernel(int, int*, float const *, float const *, float*, float*, float*, float*, float*, int, int, int, int, int, int, int)",1,"achieved_occupancy","Achieved Occupancy",0.881240,0.881240,0.881240
"Tesla K80 (0)","cfd_kernel(int, int*, float const *, float const *, float*, float*, float*, float*, float*, int, int, int, int, int, int, int)",1,"gld_requested_throughput","Requested Global Load Throughput",0.000000B/s,0.000000B/s,0.000000B/s
"Tesla K80 (0)","cfd_kernel(int, int*, float const *, float const *, float*, float*, float*, float*, float*, int, int, int, int, int, int, int)",1,"gst_requested_throughput","Requested Global Store Throughput",3.869155GB/s,3.869155GB/s,3.869155GB/s
"Tesla K80 (0)","cfd_kernel(int, int*, float const *, float const *, float*, float*, float*, float*, float*, int, int, int, int, int, int, int)",1,"sm_efficiency_instance","Multiprocessor Activity",90.092377%,90.092377%,90.092377%
"Tesla K80 (0)","cfd_kernel(int, int*, float const *, float const *, float*, float*, float*, float*, float*, int, int, int, int, int, int, int)",1,"ipc_instance","Executed IPC",1.395595,1.395595,1.395595
"Tesla K80 (0)","cfd_kernel(int, int*, float const *, float const *, float*, float*, float*, float*, float*, int, int, int, int, int, int, int)",1,"inst_replay_overhead","Instruction Replay Overhead",0.002603,0.002603,0.002603
"Tesla K80 (0)","cfd_kernel(int, int*, float const *, float const *, float*, float*, float*, float*, float*, int, int, int, int, int, int, int)",1,"shared_replay_overhead","Shared Memory Replay Overhead",0.000000,0.000000,0.000000
"Tesla K80 (0)","cfd_kernel(int, int*, float const *, float const *, float*, float*, float*, float*, float*, int, int, int, int, int, int, int)",1,"global_replay_overhead","Global Memory Replay Overhead",0.000000,0.000000,0.000000
"Tesla K80 (0)","cfd_kernel(int, int*, float const *, float const *, float*, float*, float*, float*, float*, int, int, int, int, int, int, int)",1,"global_cache_replay_overhead","Global Memory Cache Replay Overhead",0.000000,0.000000,0.000000
"Tesla K80 (0)","cfd_kernel(int, int*, float const *, float const *, float*, float*, float*, float*, float*, int, int, int, int, int, int, int)",1,"tex_cache_hit_rate","Texture Cache Hit Rate",12.660860%,12.660860%,12.660860%
"Tesla K80 (0)","cfd_kernel(int, int*, float const *, float const *, float*, float*, float*, float*, float*, int, int, int, int, int, int, int)",1,"tex_cache_throughput","Texture Cache Throughput",119.169964GB/s,119.169964GB/s,119.169964GB/s
"Tesla K80 (0)","cfd_kernel(int, int*, float const *, float const *, float*, float*, float*, float*, float*, int, int, int, int, int, int, int)",1,"dram_read_throughput","Device Memory Read Throughput",34.990156GB/s,34.990156GB/s,34.990156GB/s
"Tesla K80 (0)","cfd_kernel(int, int*, float const *, float const *, float*, float*, float*, float*, float*, int, int, int, int, int, int, int)",1,"dram_write_throughput","Device Memory Write Throughput",4.818433GB/s,4.818433GB/s,4.818433GB/s
"Tesla K80 (0)","cfd_kernel(int, int*, float const *, float const *, float*, float*, float*, float*, float*, int, int, int, int, int, int, int)",1,"gst_throughput","Global Store Throughput",3.869155GB/s,3.869155GB/s,3.869155GB/s
"Tesla K80 (0)","cfd_kernel(int, int*, float const *, float const *, float*, float*, float*, float*, float*, int, int, int, int, int, int, int)",1,"gld_throughput","Global Load Throughput",0.000000B/s,0.000000B/s,0.000000B/s
"Tesla K80 (0)","cfd_kernel(int, int*, float const *, float const *, float*, float*, float*, float*, float*, int, int, int, int, int, int, int)",1,"local_replay_overhead","Local Memory Cache Replay Overhead",0.000000,0.000000,0.000000
"Tesla K80 (0)","cfd_kernel(int, int*, float const *, float const *, float*, float*, float*, float*, float*, int, int, int, int, int, int, int)",1,"shared_efficiency","Shared Memory Efficiency",0.000000%,0.000000%,0.000000%
"Tesla K80 (0)","cfd_kernel(int, int*, float const *, float const *, float*, float*, float*, float*, float*, int, int, int, int, int, int, int)",1,"gld_efficiency","Global Memory Load Efficiency",0.000000%,0.000000%,0.000000%
"Tesla K80 (0)","cfd_kernel(int, int*, float const *, float const *, float*, float*, float*, float*, float*, int, int, int, int, int, int, int)",1,"gst_efficiency","Global Memory Store Efficiency",100.000000%,100.000000%,100.000000%
"Tesla K80 (0)","cfd_kernel(int, int*, float const *, float const *, float*, float*, float*, float*, float*, int, int, int, int, int, int, int)",1,"l2_l1_read_hit_rate","L2 Hit Rate (L1 Reads)",0.000000%,0.000000%,0.000000%
"Tesla K80 (0)","cfd_kernel(int, int*, float const *, float const *, float*, float*, float*, float*, float*, int, int, int, int, int, int, int)",1,"l2_texture_read_hit_rate","L2 Hit Rate (Texture Reads)",90.092769%,90.092769%,90.092769%
"Tesla K80 (0)","cfd_kernel(int, int*, float const *, float const *, float*, float*, float*, float*, float*, int, int, int, int, int, int, int)",1,"l2_l1_read_throughput","L2 Throughput (L1 Reads)",0.000000B/s,0.000000B/s,0.000000B/s
"Tesla K80 (0)","cfd_kernel(int, int*, float const *, float const *, float*, float*, float*, float*, float*, int, int, int, int, int, int, int)",1,"l2_texture_read_throughput","L2 Throughput (Texture Reads)",265.707271GB/s,265.707271GB/s,265.707271GB/s
"Tesla K80 (0)","cfd_kernel(int, int*, float const *, float const *, float*, float*, float*, float*, float*, int, int, int, int, int, int, int)",1,"local_memory_overhead","Local Memory Overhead",0.000000%,0.000000%,0.000000%
"Tesla K80 (0)","cfd_kernel(int, int*, float const *, float const *, float*, float*, float*, float*, float*, int, int, int, int, int, int, int)",1,"warp_execution_efficiency","Warp Execution Efficiency",100.000000%,100.000000%,100.000000%
"Tesla K80 (0)","cfd_kernel(int, int*, float const *, float const *, float*, float*, float*, float*, float*, int, int, int, int, int, int, int)",1,"nc_gld_requested_throughput","Requested Non-Coherent Global Load Throughput",6.964478GB/s,6.964478GB/s,6.964478GB/s
"Tesla K80 (0)","cfd_kernel(int, int*, float const *, float const *, float*, float*, float*, float*, float*, int, int, int, int, int, int, int)",1,"issued_ipc","Issued IPC",1.399228,1.399228,1.399228
"Tesla K80 (0)","cfd_kernel(int, int*, float const *, float const *, float*, float*, float*, float*, float*, int, int, int, int, int, int, int)",1,"inst_per_warp","Instructions per warp",1487.000000,1487.000000,1487.000000
"Tesla K80 (0)","cfd_kernel(int, int*, float const *, float const *, float*, float*, float*, float*, float*, int, int, int, int, int, int, int)",1,"issue_slot_utilization","Issue Slot Utilization",30.095561%,30.095561%,30.095561%
"Tesla K80 (0)","cfd_kernel(int, int*, float const *, float const *, float*, float*, float*, float*, float*, int, int, int, int, int, int, int)",1,"local_load_transactions_per_request","Local Memory Load Transactions Per Request",0.000000,0.000000,0.000000
"Tesla K80 (0)","cfd_kernel(int, int*, float const *, float const *, float*, float*, float*, float*, float*, int, int, int, int, int, int, int)",1,"local_store_transactions_per_request","Local Memory Store Transactions Per Request",0.000000,0.000000,0.000000
"Tesla K80 (0)","cfd_kernel(int, int*, float const *, float const *, float*, float*, float*, float*, float*, int, int, int, int, int, int, int)",1,"shared_load_transactions_per_request","Shared Memory Load Transactions Per Request",0.000000,0.000000,0.000000
"Tesla K80 (0)","cfd_kernel(int, int*, float const *, float const *, float*, float*, float*, float*, float*, int, int, int, int, int, int, int)",1,"shared_store_transactions_per_request","Shared Memory Store Transactions Per Request",0.000000,0.000000,0.000000
"Tesla K80 (0)","cfd_kernel(int, int*, float const *, float const *, float*, float*, float*, float*, float*, int, int, int, int, int, int, int)",1,"gld_transactions_per_request","Global Load Transactions Per Request",0.000000,0.000000,0.000000
"Tesla K80 (0)","cfd_kernel(int, int*, float const *, float const *, float*, float*, float*, float*, float*, int, int, int, int, int, int, int)",1,"gst_transactions_per_request","Global Store Transactions Per Request",1.000000,1.000000,1.000000
"Tesla K80 (0)","cfd_kernel(int, int*, float const *, float const *, float*, float*, float*, float*, float*, int, int, int, int, int, int, int)",1,"local_load_transactions","Local Load Transactions",0,0,0
"Tesla K80 (0)","cfd_kernel(int, int*, float const *, float const *, float*, float*, float*, float*, float*, int, int, int, int, int, int, int)",1,"local_store_transactions","Local Store Transactions",0,0,0
"Tesla K80 (0)","cfd_kernel(int, int*, float const *, float const *, float*, float*, float*, float*, float*, int, int, int, int, int, int, int)",1,"shared_load_transactions","Shared Load Transactions",0,0,0
"Tesla K80 (0)","cfd_kernel(int, int*, float const *, float const *, float*, float*, float*, float*, float*, int, int, int, int, int, int, int)",1,"shared_store_transactions","Shared Store Transactions",0,0,0
"Tesla K80 (0)","cfd_kernel(int, int*, float const *, float const *, float*, float*, float*, float*, float*, int, int, int, int, int, int, int)",1,"gld_transactions","Global Load Transactions",0,0,0
"Tesla K80 (0)","cfd_kernel(int, int*, float const *, float const *, float*, float*, float*, float*, float*, int, int, int, int, int, int, int)",1,"gst_transactions","Global Store Transactions",7680,7680,7680
"Tesla K80 (0)","cfd_kernel(int, int*, float const *, float const *, float*, float*, float*, float*, float*, int, int, int, int, int, int, int)",1,"sysmem_read_transactions","System Memory Read Transactions",0,0,0
"Tesla K80 (0)","cfd_kernel(int, int*, float const *, float const *, float*, float*, float*, float*, float*, int, int, int, int, int, int, int)",1,"sysmem_write_transactions","System Memory Write Transactions",4,4,4
"Tesla K80 (0)","cfd_kernel(int, int*, float const *, float const *, float*, float*, float*, float*, float*, int, int, int, int, int, int, int)",1,"tex_cache_transactions","Texture Cache Transactions",946176,946176,946176
"Tesla K80 (0)","cfd_kernel(int, int*, float const *, float const *, float*, float*, float*, float*, float*, int, int, int, int, int, int, int)",1,"dram_read_transactions","Device Memory Read Transactions",277812,277812,277812
"Tesla K80 (0)","cfd_kernel(int, int*, float const *, float const *, float*, float*, float*, float*, float*, int, int, int, int, int, int, int)",1,"dram_write_transactions","Device Memory Write Transactions",38257,38257,38257
"Tesla K80 (0)","cfd_kernel(int, int*, float const *, float const *, float*, float*, float*, float*, float*, int, int, int, int, int, int, int)",1,"l2_read_transactions","L2 Read Transactions",2113219,2113219,2113219
"Tesla K80 (0)","cfd_kernel(int, int*, float const *, float const *, float*, float*, float*, float*, float*, int, int, int, int, int, int, int)",1,"l2_write_transactions","L2 Write Transactions",30734,30734,30734
"Tesla K80 (0)","cfd_kernel(int, int*, float const *, float const *, float*, float*, float*, float*, float*, int, int, int, int, int, int, int)",1,"local_load_throughput","Local Memory Load Throughput",0.000000B/s,0.000000B/s,0.000000B/s
"Tesla K80 (0)","cfd_kernel(int, int*, float const *, float const *, float*, float*, float*, float*, float*, int, int, int, int, int, int, int)",1,"local_store_throughput","Local Memory Store Throughput",0.000000B/s,0.000000B/s,0.000000B/s
"Tesla K80 (0)","cfd_kernel(int, int*, float const *, float const *, float*, float*, float*, float*, float*, int, int, int, int, int, int, int)",1,"shared_load_throughput","Shared Memory Load Throughput",0.000000B/s,0.000000B/s,0.000000B/s
"Tesla K80 (0)","cfd_kernel(int, int*, float const *, float const *, float*, float*, float*, float*, float*, int, int, int, int, int, int, int)",1,"shared_store_throughput","Shared Memory Store Throughput",0.000000B/s,0.000000B/s,0.000000B/s
"Tesla K80 (0)","cfd_kernel(int, int*, float const *, float const *, float*, float*, float*, float*, float*, int, int, int, int, int, int, int)",1,"l2_read_throughput","L2 Throughput (Reads)",266.157916GB/s,266.157916GB/s,266.157916GB/s
"Tesla K80 (0)","cfd_kernel(int, int*, float const *, float const *, float*, float*, float*, float*, float*, int, int, int, int, int, int, int)",1,"l2_write_throughput","L2 Throughput (Writes)",3.870918GB/s,3.870918GB/s,3.870918GB/s
"Tesla K80 (0)","cfd_kernel(int, int*, float const *, float const *, float*, float*, float*, float*, float*, int, int, int, int, int, int, int)",1,"sysmem_read_throughput","System Memory Read Throughput",0.000000B/s,0.000000B/s,0.000000B/s
"Tesla K80 (0)","cfd_kernel(int, int*, float const *, float const *, float*, float*, float*, float*, float*, int, int, int, int, int, int, int)",1,"sysmem_write_throughput","System Memory Write Throughput",503.796000KB/s,503.796000KB/s,503.796000KB/s
"Tesla K80 (0)","cfd_kernel(int, int*, float const *, float const *, float*, float*, float*, float*, float*, int, int, int, int, int, int, int)",1,"warp_nonpred_execution_efficiency","Warp Non-Predicated Execution Efficiency",89.441829%,89.441829%,89.441829%
"Tesla K80 (0)","cfd_kernel(int, int*, float const *, float const *, float*, float*, float*, float*, float*, int, int, int, int, int, int, int)",1,"cf_issued","Issued Control-Flow Instructions",533304,533304,533304
"Tesla K80 (0)","cfd_kernel(int, int*, float const *, float const *, float*, float*, float*, float*, float*, int, int, int, int, int, int, int)",1,"cf_executed","Executed Control-Flow Instructions",532992,532992,532992
"Tesla K80 (0)","cfd_kernel(int, int*, float const *, float const *, float*, float*, float*, float*, float*, int, int, int, int, int, int, int)",1,"ldst_issued","Issued Load/Store Instructions",125952,125952,125952
"Tesla K80 (0)","cfd_kernel(int, int*, float const *, float const *, float*, float*, float*, float*, float*, int, int, int, int, int, int, int)",1,"ldst_executed","Executed Load/Store Instructions",125952,125952,125952
"Tesla K80 (0)","cfd_kernel(int, int*, float const *, float const *, float*, float*, float*, float*, float*, int, int, int, int, int, int, int)",1,"flop_count_sp","Floating Point Operations(Single Precision)",52346880,52346880,52346880
"Tesla K80 (0)","cfd_kernel(int, int*, float const *, float const *, float*, float*, float*, float*, float*, int, int, int, int, int, int, int)",1,"flop_count_sp_add","Floating Point Operations(Single Precision Add)",4325376,4325376,4325376
"Tesla K80 (0)","cfd_kernel(int, int*, float const *, float const *, float*, float*, float*, float*, float*, int, int, int, int, int, int, int)",1,"flop_count_sp_mul","Floating Point Operation(Single Precision Mul)",2801664,2801664,2801664
"Tesla K80 (0)","cfd_kernel(int, int*, float const *, float const *, float*, float*, float*, float*, float*, int, int, int, int, int, int, int)",1,"flop_count_sp_fma","Floating Point Operations(Single Precision FMA)",22609920,22609920,22609920
"Tesla K80 (0)","cfd_kernel(int, int*, float const *, float const *, float*, float*, float*, float*, float*, int, int, int, int, int, int, int)",1,"flop_count_dp","Floating Point Operations(Double Precision)",0,0,0
"Tesla K80 (0)","cfd_kernel(int, int*, float const *, float const *, float*, float*, float*, float*, float*, int, int, int, int, int, int, int)",1,"flop_count_dp_add","Floating Point Operations(Double Precision Add)",0,0,0
"Tesla K80 (0)","cfd_kernel(int, int*, float const *, float const *, float*, float*, float*, float*, float*, int, int, int, int, int, int, int)",1,"flop_count_dp_mul","Floating Point Operations(Double Precision Mul)",0,0,0
"Tesla K80 (0)","cfd_kernel(int, int*, float const *, float const *, float*, float*, float*, float*, float*, int, int, int, int, int, int, int)",1,"flop_count_dp_fma","Floating Point Operations(Double Precison FMA)",0,0,0
"Tesla K80 (0)","cfd_kernel(int, int*, float const *, float const *, float*, float*, float*, float*, float*, int, int, int, int, int, int, int)",1,"flop_count_sp_special","Floating Point Operations(Single Precision Special)",1327104,1327104,1327104
"Tesla K80 (0)","cfd_kernel(int, int*, float const *, float const *, float*, float*, float*, float*, float*, int, int, int, int, int, int, int)",1,"stall_inst_fetch","Issue Stall Reasons (Instructions Fetch)",5.776886%,5.776886%,5.776886%
"Tesla K80 (0)","cfd_kernel(int, int*, float const *, float const *, float*, float*, float*, float*, float*, int, int, int, int, int, int, int)",1,"stall_exec_dependency","Issue Stall Reasons (Execution Dependency)",17.378346%,17.378346%,17.378346%
"Tesla K80 (0)","cfd_kernel(int, int*, float const *, float const *, float*, float*, float*, float*, float*, int, int, int, int, int, int, int)",1,"stall_memory_dependency","Issue Stall Reasons (Data Request)",45.638865%,45.638865%,45.638865%
"Tesla K80 (0)","cfd_kernel(int, int*, float const *, float const *, float*, float*, float*, float*, float*, int, int, int, int, int, int, int)",1,"stall_texture","Issue Stall Reasons (Texture)",27.060598%,27.060598%,27.060598%
"Tesla K80 (0)","cfd_kernel(int, int*, float const *, float const *, float*, float*, float*, float*, float*, int, int, int, int, int, int, int)",1,"stall_sync","Issue Stall Reasons (Synchronization)",0.000000%,0.000000%,0.000000%
"Tesla K80 (0)","cfd_kernel(int, int*, float const *, float const *, float*, float*, float*, float*, float*, int, int, int, int, int, int, int)",1,"stall_other","Issue Stall Reasons (Other)",1.332689%,1.332689%,1.332689%
"Tesla K80 (0)","cfd_kernel(int, int*, float const *, float const *, float*, float*, float*, float*, float*, int, int, int, int, int, int, int)",1,"l1_shared_utilization","L1/Shared Memory Utilization","Low (1)","Low (1)","Low (1)"
"Tesla K80 (0)","cfd_kernel(int, int*, float const *, float const *, float*, float*, float*, float*, float*, int, int, int, int, int, int, int)",1,"l2_utilization","L2 Cache Utilization","High (7)","High (7)","High (7)"
"Tesla K80 (0)","cfd_kernel(int, int*, float const *, float const *, float*, float*, float*, float*, float*, int, int, int, int, int, int, int)",1,"tex_utilization","Texture Cache Utilization","Low (2)","Low (2)","Low (2)"
"Tesla K80 (0)","cfd_kernel(int, int*, float const *, float const *, float*, float*, float*, float*, float*, int, int, int, int, int, int, int)",1,"dram_utilization","Device Memory Utilization","Low (2)","Low (2)","Low (2)"
"Tesla K80 (0)","cfd_kernel(int, int*, float const *, float const *, float*, float*, float*, float*, float*, int, int, int, int, int, int, int)",1,"sysmem_utilization","System Memory Utilization","Low (1)","Low (1)","Low (1)"
"Tesla K80 (0)","cfd_kernel(int, int*, float const *, float const *, float*, float*, float*, float*, float*, int, int, int, int, int, int, int)",1,"ldst_fu_utilization","Load/Store Function Unit Utilization","Low (1)","Low (1)","Low (1)"
"Tesla K80 (0)","cfd_kernel(int, int*, float const *, float const *, float*, float*, float*, float*, float*, int, int, int, int, int, int, int)",1,"alu_fu_utilization","Arithmetic Function Unit Utilization","Low (2)","Low (2)","Low (2)"
"Tesla K80 (0)","cfd_kernel(int, int*, float const *, float const *, float*, float*, float*, float*, float*, int, int, int, int, int, int, int)",1,"cf_fu_utilization","Control-Flow Function Unit Utilization","Low (1)","Low (1)","Low (1)"
"Tesla K80 (0)","cfd_kernel(int, int*, float const *, float const *, float*, float*, float*, float*, float*, int, int, int, int, int, int, int)",1,"tex_fu_utilization","Texture Function Unit Utilization","Low (2)","Low (2)","Low (2)"
"Tesla K80 (0)","cfd_kernel(int, int*, float const *, float const *, float*, float*, float*, float*, float*, int, int, int, int, int, int, int)",1,"inst_executed","Instructions Executed",2284032,2284032,2284032
"Tesla K80 (0)","cfd_kernel(int, int*, float const *, float const *, float*, float*, float*, float*, float*, int, int, int, int, int, int, int)",1,"inst_issued","Instructions Issued",2289978,2289978,2289978
"Tesla K80 (0)","cfd_kernel(int, int*, float const *, float const *, float*, float*, float*, float*, float*, int, int, int, int, int, int, int)",1,"issue_slots","Issue Slots",1970177,1970177,1970177
"Tesla K80 (0)","cfd_kernel(int, int*, float const *, float const *, float*, float*, float*, float*, float*, int, int, int, int, int, int, int)",1,"nc_l2_read_throughput","L2 Throughput (Non-Coherent Reads)",48.217451GB/s,48.217451GB/s,48.217451GB/s
"Tesla K80 (0)","cfd_kernel(int, int*, float const *, float const *, float*, float*, float*, float*, float*, int, int, int, int, int, int, int)",1,"nc_l2_read_transactions","L2 Non-Coherent Read Transactions",382833,382833,382833
"Tesla K80 (0)","cfd_kernel(int, int*, float const *, float const *, float*, float*, float*, float*, float*, int, int, int, int, int, int, int)",1,"nc_cache_global_hit_rate","Non-Coherent Global Hit Rate",5.335661%,5.335661%,5.335661%
"Tesla K80 (0)","cfd_kernel(int, int*, float const *, float const *, float*, float*, float*, float*, float*, int, int, int, int, int, int, int)",1,"nc_gld_throughput","Non-Coherent Global Memory Load Throughput",50.935180GB/s,50.935180GB/s,50.935180GB/s
"Tesla K80 (0)","cfd_kernel(int, int*, float const *, float const *, float*, float*, float*, float*, float*, int, int, int, int, int, int, int)",1,"nc_gld_efficiency","Non-Coherent Global Load Efficiency",13.673219%,13.673219%,13.673219%
"Tesla K80 (0)","cfd_kernel(int, int*, float const *, float const *, float*, float*, float*, float*, float*, int, int, int, int, int, int, int)",1,"l2_atomic_throughput","L2 Throughput (Atomic requests)",0.000000B/s,0.000000B/s,0.000000B/s
"Tesla K80 (0)","cfd_kernel(int, int*, float const *, float const *, float*, float*, float*, float*, float*, int, int, int, int, int, int, int)",1,"inst_fp_32","FP Instructions(Single)",32391168,32391168,32391168
"Tesla K80 (0)","cfd_kernel(int, int*, float const *, float const *, float*, float*, float*, float*, float*, int, int, int, int, int, int, int)",1,"inst_fp_64","FP Instructions(Double)",0,0,0
"Tesla K80 (0)","cfd_kernel(int, int*, float const *, float const *, float*, float*, float*, float*, float*, int, int, int, int, int, int, int)",1,"inst_integer","Integer Instructions",8159232,8159232,8159232
"Tesla K80 (0)","cfd_kernel(int, int*, float const *, float const *, float*, float*, float*, float*, float*, int, int, int, int, int, int, int)",1,"inst_bit_convert","Bit-Convert Instructions",2113536,2113536,2113536
"Tesla K80 (0)","cfd_kernel(int, int*, float const *, float const *, float*, float*, float*, float*, float*, int, int, int, int, int, int, int)",1,"inst_control","Control-Flow Instructions",7028736,7028736,7028736
"Tesla K80 (0)","cfd_kernel(int, int*, float const *, float const *, float*, float*, float*, float*, float*, int, int, int, int, int, int, int)",1,"inst_compute_ld_st","Load/Store Instructions",5947392,5947392,5947392
"Tesla K80 (0)","cfd_kernel(int, int*, float const *, float const *, float*, float*, float*, float*, float*, int, int, int, int, int, int, int)",1,"inst_misc","Misc Instructions",9338880,9338880,9338880
"Tesla K80 (0)","cfd_kernel(int, int*, float const *, float const *, float*, float*, float*, float*, float*, int, int, int, int, int, int, int)",1,"inst_inter_thread_communication","Inter-Thread Instructions",0,0,0
"Tesla K80 (0)","cfd_kernel(int, int*, float const *, float const *, float*, float*, float*, float*, float*, int, int, int, int, int, int, int)",1,"atomic_replay_overhead","Atomic Replay Overhead",0.000000,0.000000,0.000000
"Tesla K80 (0)","cfd_kernel(int, int*, float const *, float const *, float*, float*, float*, float*, float*, int, int, int, int, int, int, int)",1,"atomic_transactions","Atomic Transactions",0,0,0
"Tesla K80 (0)","cfd_kernel(int, int*, float const *, float const *, float*, float*, float*, float*, float*, int, int, int, int, int, int, int)",1,"atomic_transactions_per_request","Atomic Transactions Per Request",0.000000,0.000000,0.000000
"Tesla K80 (0)","cfd_kernel(int, int*, float const *, float const *, float*, float*, float*, float*, float*, int, int, int, int, int, int, int)",1,"l2_l1_read_transactions","L2 Read Transactions (L1 read requests)",0,0,0
"Tesla K80 (0)","cfd_kernel(int, int*, float const *, float const *, float*, float*, float*, float*, float*, int, int, int, int, int, int, int)",1,"l2_l1_write_transactions","L2 Write Transactions (L1 write requests)",30720,30720,30720
"Tesla K80 (0)","cfd_kernel(int, int*, float const *, float const *, float*, float*, float*, float*, float*, int, int, int, int, int, int, int)",1,"l2_tex_read_transactions","L2 Transactions (Texture Reads)",2109641,2109641,2109641
"Tesla K80 (0)","cfd_kernel(int, int*, float const *, float const *, float*, float*, float*, float*, float*, int, int, int, int, int, int, int)",1,"l2_l1_write_throughput","L2 Throughput (L1 Writes)",3.869155GB/s,3.869155GB/s,3.869155GB/s
"Tesla K80 (0)","cfd_kernel(int, int*, float const *, float const *, float*, float*, float*, float*, float*, int, int, int, int, int, int, int)",1,"l2_atomic_transactions","L2 Transactions (Atomic requests)",0,0,0
"Tesla K80 (0)","cfd_kernel(int, int*, float const *, float const *, float*, float*, float*, float*, float*, int, int, int, int, int, int, int)",1,"ecc_transactions","ECC Transactions",75692,75692,75692
"Tesla K80 (0)","cfd_kernel(int, int*, float const *, float const *, float*, float*, float*, float*, float*, int, int, int, int, int, int, int)",1,"ecc_throughput","ECC Throughput",9.533335GB/s,9.533335GB/s,9.533335GB/s
"Tesla K80 (0)","cfd_kernel(int, int*, float const *, float const *, float*, float*, float*, float*, float*, int, int, int, int, int, int, int)",1,"stall_pipe_busy","Issue Stall Reasons (Pipe Busy)",0.867934%,0.867934%,0.867934%
"Tesla K80 (0)","cfd_kernel(int, int*, float const *, float const *, float*, float*, float*, float*, float*, int, int, int, int, int, int, int)",1,"stall_constant_memory_dependency","Issue Stall Reasons (Immediate constant)",0.391403%,0.391403%,0.391403%
"Tesla K80 (0)","cfd_kernel(int, int*, float const *, float const *, float*, float*, float*, float*, float*, int, int, int, int, int, int, int)",1,"flop_sp_efficiency","FLOP Efficiency(Peak Single)",7.504207%,7.504207%,7.504207%
"Tesla K80 (0)","cfd_kernel(int, int*, float const *, float const *, float*, float*, float*, float*, float*, int, int, int, int, int, int, int)",1,"flop_dp_efficiency","FLOP Efficiency(Peak Double)",0.000000%,0.000000%,0.000000%
"Tesla K80 (0)","cfd_kernel(int, int*, float const *, float const *, float*, float*, float*, float*, float*, int, int, int, int, int, int, int)",1,"stall_memory_throttle","Issue Stall Reasons (Memory Throttle)",0.000000%,0.000000%,0.000000%
"Tesla K80 (0)","cfd_kernel(int, int*, float const *, float const *, float*, float*, float*, float*, float*, int, int, int, int, int, int, int)",1,"stall_not_selected","Issue Stall Reasons (Not Selected)",1.553279%,1.553279%,1.553279%
"Tesla K80 (0)","cfd_kernel(int, int*, float const *, float const *, float*, float*, float*, float*, float*, int, int, int, int, int, int, int)",1,"eligible_warps_per_cycle","Eligible Warps Per Active Cycle",2.053877,2.053877,2.053877
"Tesla K80 (0)","cfd_kernel(int, int*, float const *, float const *, float*, float*, float*, float*, float*, int, int, int, int, int, int, int)",1,"atomic_throughput","Atomic Throughput",0.000000B/s,0.000000B/s,0.000000B/s
