==12577== NVPROF is profiling process 12577, command: ./cfd
==12577== Warning: Some kernel(s) will be replayed on device 0 in order to collect all events/metrics.
==12577== Profiling application: ./cfd
==12577== Profiling result:
==12577== Event result:
"Device","Kernel","Invocations","Event Name","Min","Max","Avg"
"Tesla K80 (0)","cfd_kernel(int, int*, float*, float*, float*, float*, float*, float*, float*, int*)",1,"tex0_cache_sector_queries",101110,101110,101110
"Tesla K80 (0)","cfd_kernel(int, int*, float*, float*, float*, float*, float*, float*, float*, int*)",1,"tex1_cache_sector_queries",101086,101086,101086
"Tesla K80 (0)","cfd_kernel(int, int*, float*, float*, float*, float*, float*, float*, float*, int*)",1,"tex2_cache_sector_queries",101087,101087,101087
"Tesla K80 (0)","cfd_kernel(int, int*, float*, float*, float*, float*, float*, float*, float*, int*)",1,"tex3_cache_sector_queries",101100,101100,101100
"Tesla K80 (0)","cfd_kernel(int, int*, float*, float*, float*, float*, float*, float*, float*, int*)",1,"tex0_cache_sector_misses",92664,92664,92664
"Tesla K80 (0)","cfd_kernel(int, int*, float*, float*, float*, float*, float*, float*, float*, int*)",1,"tex1_cache_sector_misses",92979,92979,92979
"Tesla K80 (0)","cfd_kernel(int, int*, float*, float*, float*, float*, float*, float*, float*, int*)",1,"tex2_cache_sector_misses",92580,92580,92580
"Tesla K80 (0)","cfd_kernel(int, int*, float*, float*, float*, float*, float*, float*, float*, int*)",1,"tex3_cache_sector_misses",92814,92814,92814
"Tesla K80 (0)","cfd_kernel(int, int*, float*, float*, float*, float*, float*, float*, float*, int*)",1,"fb_subp0_read_sectors",132523,132523,132523
"Tesla K80 (0)","cfd_kernel(int, int*, float*, float*, float*, float*, float*, float*, float*, int*)",1,"fb_subp1_read_sectors",132225,132225,132225
"Tesla K80 (0)","cfd_kernel(int, int*, float*, float*, float*, float*, float*, float*, float*, int*)",1,"fb_subp0_write_sectors",19427,19427,19427
"Tesla K80 (0)","cfd_kernel(int, int*, float*, float*, float*, float*, float*, float*, float*, int*)",1,"fb_subp1_write_sectors",19201,19201,19201
"Tesla K80 (0)","cfd_kernel(int, int*, float*, float*, float*, float*, float*, float*, float*, int*)",1,"l2_subp0_write_sector_misses",7767,7767,7767
"Tesla K80 (0)","cfd_kernel(int, int*, float*, float*, float*, float*, float*, float*, float*, int*)",1,"l2_subp1_write_sector_misses",7681,7681,7681
"Tesla K80 (0)","cfd_kernel(int, int*, float*, float*, float*, float*, float*, float*, float*, int*)",1,"l2_subp2_write_sector_misses",7684,7684,7684
"Tesla K80 (0)","cfd_kernel(int, int*, float*, float*, float*, float*, float*, float*, float*, int*)",1,"l2_subp3_write_sector_misses",7686,7686,7686
"Tesla K80 (0)","cfd_kernel(int, int*, float*, float*, float*, float*, float*, float*, float*, int*)",1,"l2_subp0_read_sector_misses",52157,52157,52157
"Tesla K80 (0)","cfd_kernel(int, int*, float*, float*, float*, float*, float*, float*, float*, int*)",1,"l2_subp1_read_sector_misses",52032,52032,52032
"Tesla K80 (0)","cfd_kernel(int, int*, float*, float*, float*, float*, float*, float*, float*, int*)",1,"l2_subp2_read_sector_misses",52134,52134,52134
"Tesla K80 (0)","cfd_kernel(int, int*, float*, float*, float*, float*, float*, float*, float*, int*)",1,"l2_subp3_read_sector_misses",52250,52250,52250
"Tesla K80 (0)","cfd_kernel(int, int*, float*, float*, float*, float*, float*, float*, float*, int*)",1,"l2_subp0_write_l1_sector_queries",7680,7680,7680
"Tesla K80 (0)","cfd_kernel(int, int*, float*, float*, float*, float*, float*, float*, float*, int*)",1,"l2_subp1_write_l1_sector_queries",7680,7680,7680
"Tesla K80 (0)","cfd_kernel(int, int*, float*, float*, float*, float*, float*, float*, float*, int*)",1,"l2_subp2_write_l1_sector_queries",7680,7680,7680
"Tesla K80 (0)","cfd_kernel(int, int*, float*, float*, float*, float*, float*, float*, float*, int*)",1,"l2_subp3_write_l1_sector_queries",7680,7680,7680
"Tesla K80 (0)","cfd_kernel(int, int*, float*, float*, float*, float*, float*, float*, float*, int*)",1,"l2_subp0_read_l1_sector_queries",436736,436736,436736
"Tesla K80 (0)","cfd_kernel(int, int*, float*, float*, float*, float*, float*, float*, float*, int*)",1,"l2_subp1_read_l1_sector_queries",436979,436979,436979
"Tesla K80 (0)","cfd_kernel(int, int*, float*, float*, float*, float*, float*, float*, float*, int*)",1,"l2_subp2_read_l1_sector_queries",436418,436418,436418
"Tesla K80 (0)","cfd_kernel(int, int*, float*, float*, float*, float*, float*, float*, float*, int*)",1,"l2_subp3_read_l1_sector_queries",436895,436895,436895
"Tesla K80 (0)","cfd_kernel(int, int*, float*, float*, float*, float*, float*, float*, float*, int*)",1,"l2_subp0_read_l1_hit_sectors",384723,384723,384723
"Tesla K80 (0)","cfd_kernel(int, int*, float*, float*, float*, float*, float*, float*, float*, int*)",1,"l2_subp1_read_l1_hit_sectors",384972,384972,384972
"Tesla K80 (0)","cfd_kernel(int, int*, float*, float*, float*, float*, float*, float*, float*, int*)",1,"l2_subp2_read_l1_hit_sectors",384345,384345,384345
"Tesla K80 (0)","cfd_kernel(int, int*, float*, float*, float*, float*, float*, float*, float*, int*)",1,"l2_subp3_read_l1_hit_sectors",384714,384714,384714
"Tesla K80 (0)","cfd_kernel(int, int*, float*, float*, float*, float*, float*, float*, float*, int*)",1,"l2_subp0_read_tex_sector_queries",92705,92705,92705
"Tesla K80 (0)","cfd_kernel(int, int*, float*, float*, float*, float*, float*, float*, float*, int*)",1,"l2_subp1_read_tex_sector_queries",92951,92951,92951
"Tesla K80 (0)","cfd_kernel(int, int*, float*, float*, float*, float*, float*, float*, float*, int*)",1,"l2_subp2_read_tex_sector_queries",92501,92501,92501
"Tesla K80 (0)","cfd_kernel(int, int*, float*, float*, float*, float*, float*, float*, float*, int*)",1,"l2_subp3_read_tex_sector_queries",92869,92869,92869
"Tesla K80 (0)","cfd_kernel(int, int*, float*, float*, float*, float*, float*, float*, float*, int*)",1,"l2_subp0_read_tex_hit_sectors",92503,92503,92503
"Tesla K80 (0)","cfd_kernel(int, int*, float*, float*, float*, float*, float*, float*, float*, int*)",1,"l2_subp1_read_tex_hit_sectors",93130,93130,93130
"Tesla K80 (0)","cfd_kernel(int, int*, float*, float*, float*, float*, float*, float*, float*, int*)",1,"l2_subp2_read_tex_hit_sectors",92562,92562,92562
"Tesla K80 (0)","cfd_kernel(int, int*, float*, float*, float*, float*, float*, float*, float*, int*)",1,"l2_subp3_read_tex_hit_sectors",92819,92819,92819
"Tesla K80 (0)","cfd_kernel(int, int*, float*, float*, float*, float*, float*, float*, float*, int*)",1,"rocache_subp0_gld_thread_count_32b",110592,110592,110592
"Tesla K80 (0)","cfd_kernel(int, int*, float*, float*, float*, float*, float*, float*, float*, int*)",1,"rocache_subp1_gld_thread_count_32b",110592,110592,110592
"Tesla K80 (0)","cfd_kernel(int, int*, float*, float*, float*, float*, float*, float*, float*, int*)",1,"rocache_subp2_gld_thread_count_32b",110592,110592,110592
"Tesla K80 (0)","cfd_kernel(int, int*, float*, float*, float*, float*, float*, float*, float*, int*)",1,"rocache_subp3_gld_thread_count_32b",110592,110592,110592
"Tesla K80 (0)","cfd_kernel(int, int*, float*, float*, float*, float*, float*, float*, float*, int*)",1,"rocache_subp0_gld_thread_count_64b",0,0,0
"Tesla K80 (0)","cfd_kernel(int, int*, float*, float*, float*, float*, float*, float*, float*, int*)",1,"rocache_subp1_gld_thread_count_64b",0,0,0
"Tesla K80 (0)","cfd_kernel(int, int*, float*, float*, float*, float*, float*, float*, float*, int*)",1,"rocache_subp2_gld_thread_count_64b",0,0,0
"Tesla K80 (0)","cfd_kernel(int, int*, float*, float*, float*, float*, float*, float*, float*, int*)",1,"rocache_subp3_gld_thread_count_64b",0,0,0
"Tesla K80 (0)","cfd_kernel(int, int*, float*, float*, float*, float*, float*, float*, float*, int*)",1,"rocache_subp0_gld_thread_count_128b",0,0,0
"Tesla K80 (0)","cfd_kernel(int, int*, float*, float*, float*, float*, float*, float*, float*, int*)",1,"rocache_subp1_gld_thread_count_128b",0,0,0
"Tesla K80 (0)","cfd_kernel(int, int*, float*, float*, float*, float*, float*, float*, float*, int*)",1,"rocache_subp2_gld_thread_count_128b",0,0,0
"Tesla K80 (0)","cfd_kernel(int, int*, float*, float*, float*, float*, float*, float*, float*, int*)",1,"rocache_subp3_gld_thread_count_128b",0,0,0
"Tesla K80 (0)","cfd_kernel(int, int*, float*, float*, float*, float*, float*, float*, float*, int*)",1,"rocache_subp0_gld_warp_count_32b",3484,3484,3484
"Tesla K80 (0)","cfd_kernel(int, int*, float*, float*, float*, float*, float*, float*, float*, int*)",1,"rocache_subp1_gld_warp_count_32b",3484,3484,3484
"Tesla K80 (0)","cfd_kernel(int, int*, float*, float*, float*, float*, float*, float*, float*, int*)",1,"rocache_subp2_gld_warp_count_32b",3470,3470,3470
"Tesla K80 (0)","cfd_kernel(int, int*, float*, float*, float*, float*, float*, float*, float*, int*)",1,"rocache_subp3_gld_warp_count_32b",3470,3470,3470
"Tesla K80 (0)","cfd_kernel(int, int*, float*, float*, float*, float*, float*, float*, float*, int*)",1,"rocache_subp0_gld_warp_count_64b",0,0,0
"Tesla K80 (0)","cfd_kernel(int, int*, float*, float*, float*, float*, float*, float*, float*, int*)",1,"rocache_subp1_gld_warp_count_64b",0,0,0
"Tesla K80 (0)","cfd_kernel(int, int*, float*, float*, float*, float*, float*, float*, float*, int*)",1,"rocache_subp2_gld_warp_count_64b",0,0,0
"Tesla K80 (0)","cfd_kernel(int, int*, float*, float*, float*, float*, float*, float*, float*, int*)",1,"rocache_subp3_gld_warp_count_64b",0,0,0
"Tesla K80 (0)","cfd_kernel(int, int*, float*, float*, float*, float*, float*, float*, float*, int*)",1,"rocache_subp0_gld_warp_count_128b",0,0,0
"Tesla K80 (0)","cfd_kernel(int, int*, float*, float*, float*, float*, float*, float*, float*, int*)",1,"rocache_subp1_gld_warp_count_128b",0,0,0
"Tesla K80 (0)","cfd_kernel(int, int*, float*, float*, float*, float*, float*, float*, float*, int*)",1,"rocache_subp2_gld_warp_count_128b",0,0,0
"Tesla K80 (0)","cfd_kernel(int, int*, float*, float*, float*, float*, float*, float*, float*, int*)",1,"rocache_subp3_gld_warp_count_128b",0,0,0
"Tesla K80 (0)","cfd_kernel(int, int*, float*, float*, float*, float*, float*, float*, float*, int*)",1,"l2_subp0_read_sysmem_sector_queries",0,0,0
"Tesla K80 (0)","cfd_kernel(int, int*, float*, float*, float*, float*, float*, float*, float*, int*)",1,"l2_subp1_read_sysmem_sector_queries",0,0,0
"Tesla K80 (0)","cfd_kernel(int, int*, float*, float*, float*, float*, float*, float*, float*, int*)",1,"l2_subp2_read_sysmem_sector_queries",0,0,0
"Tesla K80 (0)","cfd_kernel(int, int*, float*, float*, float*, float*, float*, float*, float*, int*)",1,"l2_subp3_read_sysmem_sector_queries",0,0,0
"Tesla K80 (0)","cfd_kernel(int, int*, float*, float*, float*, float*, float*, float*, float*, int*)",1,"l2_subp0_write_sysmem_sector_queries",4,4,4
"Tesla K80 (0)","cfd_kernel(int, int*, float*, float*, float*, float*, float*, float*, float*, int*)",1,"l2_subp1_write_sysmem_sector_queries",5,5,5
"Tesla K80 (0)","cfd_kernel(int, int*, float*, float*, float*, float*, float*, float*, float*, int*)",1,"l2_subp2_write_sysmem_sector_queries",4,4,4
"Tesla K80 (0)","cfd_kernel(int, int*, float*, float*, float*, float*, float*, float*, float*, int*)",1,"l2_subp3_write_sysmem_sector_queries",4,4,4
"Tesla K80 (0)","cfd_kernel(int, int*, float*, float*, float*, float*, float*, float*, float*, int*)",1,"l2_subp0_total_read_sector_queries",529751,529751,529751
"Tesla K80 (0)","cfd_kernel(int, int*, float*, float*, float*, float*, float*, float*, float*, int*)",1,"l2_subp1_total_read_sector_queries",530362,530362,530362
"Tesla K80 (0)","cfd_kernel(int, int*, float*, float*, float*, float*, float*, float*, float*, int*)",1,"l2_subp2_total_read_sector_queries",529058,529058,529058
"Tesla K80 (0)","cfd_kernel(int, int*, float*, float*, float*, float*, float*, float*, float*, int*)",1,"l2_subp3_total_read_sector_queries",529877,529877,529877
"Tesla K80 (0)","cfd_kernel(int, int*, float*, float*, float*, float*, float*, float*, float*, int*)",1,"l2_subp0_total_write_sector_queries",7682,7682,7682
"Tesla K80 (0)","cfd_kernel(int, int*, float*, float*, float*, float*, float*, float*, float*, int*)",1,"l2_subp1_total_write_sector_queries",8073,8073,8073
"Tesla K80 (0)","cfd_kernel(int, int*, float*, float*, float*, float*, float*, float*, float*, int*)",1,"l2_subp2_total_write_sector_queries",7683,7683,7683
"Tesla K80 (0)","cfd_kernel(int, int*, float*, float*, float*, float*, float*, float*, float*, int*)",1,"l2_subp3_total_write_sector_queries",7901,7901,7901
"Tesla K80 (0)","cfd_kernel(int, int*, float*, float*, float*, float*, float*, float*, float*, int*)",1,"elapsed_cycles_sm",3656158,3656158,3656158
"Tesla K80 (0)","cfd_kernel(int, int*, float*, float*, float*, float*, float*, float*, float*, int*)",1,"gld_inst_8bit",0,0,0
"Tesla K80 (0)","cfd_kernel(int, int*, float*, float*, float*, float*, float*, float*, float*, int*)",1,"gld_inst_16bit",0,0,0
"Tesla K80 (0)","cfd_kernel(int, int*, float*, float*, float*, float*, float*, float*, float*, int*)",1,"gld_inst_32bit",3342336,3342336,3342336
"Tesla K80 (0)","cfd_kernel(int, int*, float*, float*, float*, float*, float*, float*, float*, int*)",1,"gld_inst_64bit",0,0,0
"Tesla K80 (0)","cfd_kernel(int, int*, float*, float*, float*, float*, float*, float*, float*, int*)",1,"gld_inst_128bit",0,0,0
"Tesla K80 (0)","cfd_kernel(int, int*, float*, float*, float*, float*, float*, float*, float*, int*)",1,"gst_inst_8bit",0,0,0
"Tesla K80 (0)","cfd_kernel(int, int*, float*, float*, float*, float*, float*, float*, float*, int*)",1,"gst_inst_16bit",0,0,0
"Tesla K80 (0)","cfd_kernel(int, int*, float*, float*, float*, float*, float*, float*, float*, int*)",1,"gst_inst_32bit",245760,245760,245760
"Tesla K80 (0)","cfd_kernel(int, int*, float*, float*, float*, float*, float*, float*, float*, int*)",1,"gst_inst_64bit",0,0,0
"Tesla K80 (0)","cfd_kernel(int, int*, float*, float*, float*, float*, float*, float*, float*, int*)",1,"gst_inst_128bit",0,0,0
"Tesla K80 (0)","cfd_kernel(int, int*, float*, float*, float*, float*, float*, float*, float*, int*)",1,"rocache_gld_inst_8bit",0,0,0
"Tesla K80 (0)","cfd_kernel(int, int*, float*, float*, float*, float*, float*, float*, float*, int*)",1,"rocache_gld_inst_16bit",0,0,0
"Tesla K80 (0)","cfd_kernel(int, int*, float*, float*, float*, float*, float*, float*, float*, int*)",1,"rocache_gld_inst_32bit",442368,442368,442368
"Tesla K80 (0)","cfd_kernel(int, int*, float*, float*, float*, float*, float*, float*, float*, int*)",1,"rocache_gld_inst_64bit",0,0,0
"Tesla K80 (0)","cfd_kernel(int, int*, float*, float*, float*, float*, float*, float*, float*, int*)",1,"rocache_gld_inst_128bit",0,0,0
"Tesla K80 (0)","cfd_kernel(int, int*, float*, float*, float*, float*, float*, float*, float*, int*)",1,"prof_trigger_00",0,0,0
"Tesla K80 (0)","cfd_kernel(int, int*, float*, float*, float*, float*, float*, float*, float*, int*)",1,"prof_trigger_01",0,0,0
"Tesla K80 (0)","cfd_kernel(int, int*, float*, float*, float*, float*, float*, float*, float*, int*)",1,"prof_trigger_02",0,0,0
"Tesla K80 (0)","cfd_kernel(int, int*, float*, float*, float*, float*, float*, float*, float*, int*)",1,"prof_trigger_03",0,0,0
"Tesla K80 (0)","cfd_kernel(int, int*, float*, float*, float*, float*, float*, float*, float*, int*)",1,"prof_trigger_04",0,0,0
"Tesla K80 (0)","cfd_kernel(int, int*, float*, float*, float*, float*, float*, float*, float*, int*)",1,"prof_trigger_05",0,0,0
"Tesla K80 (0)","cfd_kernel(int, int*, float*, float*, float*, float*, float*, float*, float*, int*)",1,"prof_trigger_06",0,0,0
"Tesla K80 (0)","cfd_kernel(int, int*, float*, float*, float*, float*, float*, float*, float*, int*)",1,"prof_trigger_07",0,0,0
"Tesla K80 (0)","cfd_kernel(int, int*, float*, float*, float*, float*, float*, float*, float*, int*)",1,"atom_cas_count",0,0,0
"Tesla K80 (0)","cfd_kernel(int, int*, float*, float*, float*, float*, float*, float*, float*, int*)",1,"warps_launched",1536,1536,1536
"Tesla K80 (0)","cfd_kernel(int, int*, float*, float*, float*, float*, float*, float*, float*, int*)",1,"threads_launched",49152,49152,49152
"Tesla K80 (0)","cfd_kernel(int, int*, float*, float*, float*, float*, float*, float*, float*, int*)",1,"inst_executed",1864704,1864704,1864704
"Tesla K80 (0)","cfd_kernel(int, int*, float*, float*, float*, float*, float*, float*, float*, int*)",1,"inst_issued1",2848973,2848973,2848973
"Tesla K80 (0)","cfd_kernel(int, int*, float*, float*, float*, float*, float*, float*, float*, int*)",1,"inst_issued2",391483,391483,391483
"Tesla K80 (0)","cfd_kernel(int, int*, float*, float*, float*, float*, float*, float*, float*, int*)",1,"thread_inst_executed",59670528,59670528,59670528
"Tesla K80 (0)","cfd_kernel(int, int*, float*, float*, float*, float*, float*, float*, float*, int*)",1,"shared_load",0,0,0
"Tesla K80 (0)","cfd_kernel(int, int*, float*, float*, float*, float*, float*, float*, float*, int*)",1,"shared_store",0,0,0
"Tesla K80 (0)","cfd_kernel(int, int*, float*, float*, float*, float*, float*, float*, float*, int*)",1,"local_load",0,0,0
"Tesla K80 (0)","cfd_kernel(int, int*, float*, float*, float*, float*, float*, float*, float*, int*)",1,"local_store",0,0,0
"Tesla K80 (0)","cfd_kernel(int, int*, float*, float*, float*, float*, float*, float*, float*, int*)",1,"gld_request",104448,104448,104448
"Tesla K80 (0)","cfd_kernel(int, int*, float*, float*, float*, float*, float*, float*, float*, int*)",1,"gst_request",7680,7680,7680
"Tesla K80 (0)","cfd_kernel(int, int*, float*, float*, float*, float*, float*, float*, float*, int*)",1,"active_cycles",3322263,3322263,3322263
"Tesla K80 (0)","cfd_kernel(int, int*, float*, float*, float*, float*, float*, float*, float*, int*)",1,"active_warps",178881904,178881904,178881904
"Tesla K80 (0)","cfd_kernel(int, int*, float*, float*, float*, float*, float*, float*, float*, int*)",1,"sm_cta_launched",192,192,192
"Tesla K80 (0)","cfd_kernel(int, int*, float*, float*, float*, float*, float*, float*, float*, int*)",1,"not_predicated_off_thread_inst_executed",57950208,57950208,57950208
"Tesla K80 (0)","cfd_kernel(int, int*, float*, float*, float*, float*, float*, float*, float*, int*)",1,"l1_local_load_hit",0,0,0
"Tesla K80 (0)","cfd_kernel(int, int*, float*, float*, float*, float*, float*, float*, float*, int*)",1,"l1_local_load_miss",0,0,0
"Tesla K80 (0)","cfd_kernel(int, int*, float*, float*, float*, float*, float*, float*, float*, int*)",1,"l1_local_store_hit",0,0,0
"Tesla K80 (0)","cfd_kernel(int, int*, float*, float*, float*, float*, float*, float*, float*, int*)",1,"l1_local_store_miss",0,0,0
"Tesla K80 (0)","cfd_kernel(int, int*, float*, float*, float*, float*, float*, float*, float*, int*)",1,"l1_global_load_hit",0,0,0
"Tesla K80 (0)","cfd_kernel(int, int*, float*, float*, float*, float*, float*, float*, float*, int*)",1,"l1_global_load_miss",0,0,0
"Tesla K80 (0)","cfd_kernel(int, int*, float*, float*, float*, float*, float*, float*, float*, int*)",1,"uncached_global_load_transaction",1450800,1450800,1450800
"Tesla K80 (0)","cfd_kernel(int, int*, float*, float*, float*, float*, float*, float*, float*, int*)",1,"global_store_transaction",7680,7680,7680
"Tesla K80 (0)","cfd_kernel(int, int*, float*, float*, float*, float*, float*, float*, float*, int*)",1,"shared_load_replay",0,0,0
"Tesla K80 (0)","cfd_kernel(int, int*, float*, float*, float*, float*, float*, float*, float*, int*)",1,"shared_store_replay",0,0,0
"Tesla K80 (0)","cfd_kernel(int, int*, float*, float*, float*, float*, float*, float*, float*, int*)",1,"global_ld_mem_divergence_replays",1346352,1346352,1346352
"Tesla K80 (0)","cfd_kernel(int, int*, float*, float*, float*, float*, float*, float*, float*, int*)",1,"global_st_mem_divergence_replays",0,0,0
"Tesla K80 (0)","cfd_kernel(int, int*, float*, float*, float*, float*, float*, float*, float*, int*)",1,"local_load_transactions",0,0,0
"Tesla K80 (0)","cfd_kernel(int, int*, float*, float*, float*, float*, float*, float*, float*, int*)",1,"local_store_transactions",0,0,0
"Tesla K80 (0)","cfd_kernel(int, int*, float*, float*, float*, float*, float*, float*, float*, int*)",1,"l1_shared_load_transactions",0,0,0
"Tesla K80 (0)","cfd_kernel(int, int*, float*, float*, float*, float*, float*, float*, float*, int*)",1,"l1_shared_store_transactions",0,0,0
"Tesla K80 (0)","cfd_kernel(int, int*, float*, float*, float*, float*, float*, float*, float*, int*)",1,"__l1_global_load_transactions",1684056,1684056,1684056
"Tesla K80 (0)","cfd_kernel(int, int*, float*, float*, float*, float*, float*, float*, float*, int*)",1,"__l1_global_store_transactions",7680,7680,7680
"Tesla K80 (0)","cfd_kernel(int, int*, float*, float*, float*, float*, float*, float*, float*, int*)",1,"atom_count",0,0,0
"Tesla K80 (0)","cfd_kernel(int, int*, float*, float*, float*, float*, float*, float*, float*, int*)",1,"gred_count",0,0,0

==12577== Metric result:
"Device","Kernel","Invocations","Metric Name","Metric Description","Min","Max","Avg"
"Tesla K80 (0)","cfd_kernel(int, int*, float*, float*, float*, float*, float*, float*, float*, int*)",1,"l1_cache_global_hit_rate","L1 Global Hit Rate",0.000000%,0.000000%,0.000000%
"Tesla K80 (0)","cfd_kernel(int, int*, float*, float*, float*, float*, float*, float*, float*, int*)",1,"l1_cache_local_hit_rate","L1 Local Hit Rate",0.000000%,0.000000%,0.000000%
"Tesla K80 (0)","cfd_kernel(int, int*, float*, float*, float*, float*, float*, float*, float*, int*)",1,"sm_efficiency","Multiprocessor Activity",90.867599%,90.867599%,90.867599%
"Tesla K80 (0)","cfd_kernel(int, int*, float*, float*, float*, float*, float*, float*, float*, int*)",1,"ipc","Executed IPC",0.560962,0.560962,0.560962
"Tesla K80 (0)","cfd_kernel(int, int*, float*, float*, float*, float*, float*, float*, float*, int*)",1,"achieved_occupancy","Achieved Occupancy",0.840833,0.840833,0.840833
"Tesla K80 (0)","cfd_kernel(int, int*, float*, float*, float*, float*, float*, float*, float*, int*)",1,"gld_requested_throughput","Requested Global Load Throughput",26.801296GB/s,26.801296GB/s,26.801296GB/s
"Tesla K80 (0)","cfd_kernel(int, int*, float*, float*, float*, float*, float*, float*, float*, int*)",1,"gst_requested_throughput","Requested Global Store Throughput",1.970684GB/s,1.970684GB/s,1.970684GB/s
"Tesla K80 (0)","cfd_kernel(int, int*, float*, float*, float*, float*, float*, float*, float*, int*)",1,"sm_efficiency_instance","Multiprocessor Activity",90.867599%,90.867599%,90.867599%
"Tesla K80 (0)","cfd_kernel(int, int*, float*, float*, float*, float*, float*, float*, float*, int*)",1,"ipc_instance","Executed IPC",0.560962,0.560962,0.560962
"Tesla K80 (0)","cfd_kernel(int, int*, float*, float*, float*, float*, float*, float*, float*, int*)",1,"inst_replay_overhead","Instruction Replay Overhead",0.947730,0.947730,0.947730
"Tesla K80 (0)","cfd_kernel(int, int*, float*, float*, float*, float*, float*, float*, float*, int*)",1,"shared_replay_overhead","Shared Memory Replay Overhead",0.000000,0.000000,0.000000
"Tesla K80 (0)","cfd_kernel(int, int*, float*, float*, float*, float*, float*, float*, float*, int*)",1,"global_replay_overhead","Global Memory Replay Overhead",0.722019,0.722019,0.722019
"Tesla K80 (0)","cfd_kernel(int, int*, float*, float*, float*, float*, float*, float*, float*, int*)",1,"global_cache_replay_overhead","Global Memory Cache Replay Overhead",0.000000,0.000000,0.000000
"Tesla K80 (0)","cfd_kernel(int, int*, float*, float*, float*, float*, float*, float*, float*, int*)",1,"tex_cache_hit_rate","Texture Cache Hit Rate",8.246143%,8.246143%,8.246143%
"Tesla K80 (0)","cfd_kernel(int, int*, float*, float*, float*, float*, float*, float*, float*, int*)",1,"tex_cache_throughput","Texture Cache Throughput",7.094461GB/s,7.094461GB/s,7.094461GB/s
"Tesla K80 (0)","cfd_kernel(int, int*, float*, float*, float*, float*, float*, float*, float*, int*)",1,"dram_read_throughput","Device Memory Read Throughput",16.983546GB/s,16.983546GB/s,16.983546GB/s
"Tesla K80 (0)","cfd_kernel(int, int*, float*, float*, float*, float*, float*, float*, float*, int*)",1,"dram_write_throughput","Device Memory Write Throughput",2.477981GB/s,2.477981GB/s,2.477981GB/s
"Tesla K80 (0)","cfd_kernel(int, int*, float*, float*, float*, float*, float*, float*, float*, int*)",1,"gst_throughput","Global Store Throughput",1.970684GB/s,1.970684GB/s,1.970684GB/s
"Tesla K80 (0)","cfd_kernel(int, int*, float*, float*, float*, float*, float*, float*, float*, int*)",1,"gld_throughput","Global Load Throughput",112.071591GB/s,112.071591GB/s,112.071591GB/s
"Tesla K80 (0)","cfd_kernel(int, int*, float*, float*, float*, float*, float*, float*, float*, int*)",1,"local_replay_overhead","Local Memory Cache Replay Overhead",0.000000,0.000000,0.000000
"Tesla K80 (0)","cfd_kernel(int, int*, float*, float*, float*, float*, float*, float*, float*, int*)",1,"shared_efficiency","Shared Memory Efficiency",0.000000%,0.000000%,0.000000%
"Tesla K80 (0)","cfd_kernel(int, int*, float*, float*, float*, float*, float*, float*, float*, int*)",1,"gld_efficiency","Global Memory Load Efficiency",23.914442%,23.914442%,23.914442%
"Tesla K80 (0)","cfd_kernel(int, int*, float*, float*, float*, float*, float*, float*, float*, int*)",1,"gst_efficiency","Global Memory Store Efficiency",100.000000%,100.000000%,100.000000%
"Tesla K80 (0)","cfd_kernel(int, int*, float*, float*, float*, float*, float*, float*, float*, int*)",1,"l2_l1_read_hit_rate","L2 Hit Rate (L1 Reads)",88.078382%,88.078382%,88.078382%
"Tesla K80 (0)","cfd_kernel(int, int*, float*, float*, float*, float*, float*, float*, float*, int*)",1,"l2_texture_read_hit_rate","L2 Hit Rate (Texture Reads)",99.996766%,99.996766%,99.996766%
"Tesla K80 (0)","cfd_kernel(int, int*, float*, float*, float*, float*, float*, float*, float*, int*)",1,"l2_l1_read_throughput","L2 Throughput (L1 Reads)",112.071591GB/s,112.071591GB/s,112.071591GB/s
"Tesla K80 (0)","cfd_kernel(int, int*, float*, float*, float*, float*, float*, float*, float*, int*)",1,"l2_texture_read_throughput","L2 Throughput (Texture Reads)",23.801264GB/s,23.801264GB/s,23.801264GB/s
"Tesla K80 (0)","cfd_kernel(int, int*, float*, float*, float*, float*, float*, float*, float*, int*)",1,"local_memory_overhead","Local Memory Overhead",0.000000%,0.000000%,0.000000%
"Tesla K80 (0)","cfd_kernel(int, int*, float*, float*, float*, float*, float*, float*, float*, int*)",1,"warp_execution_efficiency","Warp Execution Efficiency",100.000000%,100.000000%,100.000000%
"Tesla K80 (0)","cfd_kernel(int, int*, float*, float*, float*, float*, float*, float*, float*, int*)",1,"nc_gld_requested_throughput","Requested Non-Coherent Global Load Throughput",3.547230GB/s,3.547230GB/s,3.547230GB/s
"Tesla K80 (0)","cfd_kernel(int, int*, float*, float*, float*, float*, float*, float*, float*, int*)",1,"issued_ipc","Issued IPC",1.093212,1.093212,1.093212
"Tesla K80 (0)","cfd_kernel(int, int*, float*, float*, float*, float*, float*, float*, float*, int*)",1,"inst_per_warp","Instructions per warp",1214.000000,1214.000000,1214.000000
"Tesla K80 (0)","cfd_kernel(int, int*, float*, float*, float*, float*, float*, float*, float*, int*)",1,"issue_slot_utilization","Issue Slot Utilization",24.384403%,24.384403%,24.384403%
"Tesla K80 (0)","cfd_kernel(int, int*, float*, float*, float*, float*, float*, float*, float*, int*)",1,"local_load_transactions_per_request","Local Memory Load Transactions Per Request",0.000000,0.000000,0.000000
"Tesla K80 (0)","cfd_kernel(int, int*, float*, float*, float*, float*, float*, float*, float*, int*)",1,"local_store_transactions_per_request","Local Memory Store Transactions Per Request",0.000000,0.000000,0.000000
"Tesla K80 (0)","cfd_kernel(int, int*, float*, float*, float*, float*, float*, float*, float*, int*)",1,"shared_load_transactions_per_request","Shared Memory Load Transactions Per Request",0.000000,0.000000,0.000000
"Tesla K80 (0)","cfd_kernel(int, int*, float*, float*, float*, float*, float*, float*, float*, int*)",1,"shared_store_transactions_per_request","Shared Memory Store Transactions Per Request",0.000000,0.000000,0.000000
"Tesla K80 (0)","cfd_kernel(int, int*, float*, float*, float*, float*, float*, float*, float*, int*)",1,"gld_transactions_per_request","Global Load Transactions Per Request",13.890165,13.890165,13.890165
"Tesla K80 (0)","cfd_kernel(int, int*, float*, float*, float*, float*, float*, float*, float*, int*)",1,"gst_transactions_per_request","Global Store Transactions Per Request",1.000000,1.000000,1.000000
"Tesla K80 (0)","cfd_kernel(int, int*, float*, float*, float*, float*, float*, float*, float*, int*)",1,"local_load_transactions","Local Load Transactions",0,0,0
"Tesla K80 (0)","cfd_kernel(int, int*, float*, float*, float*, float*, float*, float*, float*, int*)",1,"local_store_transactions","Local Store Transactions",0,0,0
"Tesla K80 (0)","cfd_kernel(int, int*, float*, float*, float*, float*, float*, float*, float*, int*)",1,"shared_load_transactions","Shared Load Transactions",0,0,0
"Tesla K80 (0)","cfd_kernel(int, int*, float*, float*, float*, float*, float*, float*, float*, int*)",1,"shared_store_transactions","Shared Store Transactions",0,0,0
"Tesla K80 (0)","cfd_kernel(int, int*, float*, float*, float*, float*, float*, float*, float*, int*)",1,"gld_transactions","Global Load Transactions",1450800,1450800,1450800
"Tesla K80 (0)","cfd_kernel(int, int*, float*, float*, float*, float*, float*, float*, float*, int*)",1,"gst_transactions","Global Store Transactions",7680,7680,7680
"Tesla K80 (0)","cfd_kernel(int, int*, float*, float*, float*, float*, float*, float*, float*, int*)",1,"sysmem_read_transactions","System Memory Read Transactions",0,0,0
"Tesla K80 (0)","cfd_kernel(int, int*, float*, float*, float*, float*, float*, float*, float*, int*)",1,"sysmem_write_transactions","System Memory Write Transactions",17,17,17
"Tesla K80 (0)","cfd_kernel(int, int*, float*, float*, float*, float*, float*, float*, float*, int*)",1,"tex_cache_transactions","Texture Cache Transactions",110592,110592,110592
"Tesla K80 (0)","cfd_kernel(int, int*, float*, float*, float*, float*, float*, float*, float*, int*)",1,"dram_read_transactions","Device Memory Read Transactions",264748,264748,264748
"Tesla K80 (0)","cfd_kernel(int, int*, float*, float*, float*, float*, float*, float*, float*, int*)",1,"dram_write_transactions","Device Memory Write Transactions",38628,38628,38628
"Tesla K80 (0)","cfd_kernel(int, int*, float*, float*, float*, float*, float*, float*, float*, int*)",1,"l2_read_transactions","L2 Read Transactions",2119048,2119048,2119048
"Tesla K80 (0)","cfd_kernel(int, int*, float*, float*, float*, float*, float*, float*, float*, int*)",1,"l2_write_transactions","L2 Write Transactions",31339,31339,31339
"Tesla K80 (0)","cfd_kernel(int, int*, float*, float*, float*, float*, float*, float*, float*, int*)",1,"local_load_throughput","Local Memory Load Throughput",0.000000B/s,0.000000B/s,0.000000B/s
"Tesla K80 (0)","cfd_kernel(int, int*, float*, float*, float*, float*, float*, float*, float*, int*)",1,"local_store_throughput","Local Memory Store Throughput",0.000000B/s,0.000000B/s,0.000000B/s
"Tesla K80 (0)","cfd_kernel(int, int*, float*, float*, float*, float*, float*, float*, float*, int*)",1,"shared_load_throughput","Shared Memory Load Throughput",0.000000B/s,0.000000B/s,0.000000B/s
"Tesla K80 (0)","cfd_kernel(int, int*, float*, float*, float*, float*, float*, float*, float*, int*)",1,"shared_store_throughput","Shared Memory Store Throughput",0.000000B/s,0.000000B/s,0.000000B/s
"Tesla K80 (0)","cfd_kernel(int, int*, float*, float*, float*, float*, float*, float*, float*, int*)",1,"l2_read_throughput","L2 Throughput (Reads)",135.936620GB/s,135.936620GB/s,135.936620GB/s
"Tesla K80 (0)","cfd_kernel(int, int*, float*, float*, float*, float*, float*, float*, float*, int*)",1,"l2_write_throughput","L2 Throughput (Writes)",2.010392GB/s,2.010392GB/s,2.010392GB/s
"Tesla K80 (0)","cfd_kernel(int, int*, float*, float*, float*, float*, float*, float*, float*, int*)",1,"sysmem_read_throughput","System Memory Read Throughput",0.000000B/s,0.000000B/s,0.000000B/s
"Tesla K80 (0)","cfd_kernel(int, int*, float*, float*, float*, float*, float*, float*, float*, int*)",1,"sysmem_write_throughput","System Memory Write Throughput",1.090547MB/s,1.090547MB/s,1.090547MB/s
"Tesla K80 (0)","cfd_kernel(int, int*, float*, float*, float*, float*, float*, float*, float*, int*)",1,"warp_nonpred_execution_efficiency","Warp Non-Predicated Execution Efficiency",97.116969%,97.116969%,97.116969%
"Tesla K80 (0)","cfd_kernel(int, int*, float*, float*, float*, float*, float*, float*, float*, int*)",1,"cf_issued","Issued Control-Flow Instructions",211822,211822,211822
"Tesla K80 (0)","cfd_kernel(int, int*, float*, float*, float*, float*, float*, float*, float*, int*)",1,"cf_executed","Executed Control-Flow Instructions",205824,205824,205824
"Tesla K80 (0)","cfd_kernel(int, int*, float*, float*, float*, float*, float*, float*, float*, int*)",1,"ldst_issued","Issued Load/Store Instructions",1706958,1706958,1706958
"Tesla K80 (0)","cfd_kernel(int, int*, float*, float*, float*, float*, float*, float*, float*, int*)",1,"ldst_executed","Executed Load/Store Instructions",125952,125952,125952
"Tesla K80 (0)","cfd_kernel(int, int*, float*, float*, float*, float*, float*, float*, float*, int*)",1,"flop_count_sp","Floating Point Operations(Single Precision)",52346880,52346880,52346880
"Tesla K80 (0)","cfd_kernel(int, int*, float*, float*, float*, float*, float*, float*, float*, int*)",1,"flop_count_sp_add","Floating Point Operations(Single Precision Add)",4325376,4325376,4325376
"Tesla K80 (0)","cfd_kernel(int, int*, float*, float*, float*, float*, float*, float*, float*, int*)",1,"flop_count_sp_mul","Floating Point Operation(Single Precision Mul)",2801664,2801664,2801664
"Tesla K80 (0)","cfd_kernel(int, int*, float*, float*, float*, float*, float*, float*, float*, int*)",1,"flop_count_sp_fma","Floating Point Operations(Single Precision FMA)",22609920,22609920,22609920
"Tesla K80 (0)","cfd_kernel(int, int*, float*, float*, float*, float*, float*, float*, float*, int*)",1,"flop_count_dp","Floating Point Operations(Double Precision)",0,0,0
"Tesla K80 (0)","cfd_kernel(int, int*, float*, float*, float*, float*, float*, float*, float*, int*)",1,"flop_count_dp_add","Floating Point Operations(Double Precision Add)",0,0,0
"Tesla K80 (0)","cfd_kernel(int, int*, float*, float*, float*, float*, float*, float*, float*, int*)",1,"flop_count_dp_mul","Floating Point Operations(Double Precision Mul)",0,0,0
"Tesla K80 (0)","cfd_kernel(int, int*, float*, float*, float*, float*, float*, float*, float*, int*)",1,"flop_count_dp_fma","Floating Point Operations(Double Precison FMA)",0,0,0
"Tesla K80 (0)","cfd_kernel(int, int*, float*, float*, float*, float*, float*, float*, float*, int*)",1,"flop_count_sp_special","Floating Point Operations(Single Precision Special)",1327104,1327104,1327104
"Tesla K80 (0)","cfd_kernel(int, int*, float*, float*, float*, float*, float*, float*, float*, int*)",1,"stall_inst_fetch","Issue Stall Reasons (Instructions Fetch)",1.990250%,1.990250%,1.990250%
"Tesla K80 (0)","cfd_kernel(int, int*, float*, float*, float*, float*, float*, float*, float*, int*)",1,"stall_exec_dependency","Issue Stall Reasons (Execution Dependency)",5.851465%,5.851465%,5.851465%
"Tesla K80 (0)","cfd_kernel(int, int*, float*, float*, float*, float*, float*, float*, float*, int*)",1,"stall_memory_dependency","Issue Stall Reasons (Data Request)",15.474985%,15.474985%,15.474985%
"Tesla K80 (0)","cfd_kernel(int, int*, float*, float*, float*, float*, float*, float*, float*, int*)",1,"stall_texture","Issue Stall Reasons (Texture)",0.005804%,0.005804%,0.005804%
"Tesla K80 (0)","cfd_kernel(int, int*, float*, float*, float*, float*, float*, float*, float*, int*)",1,"stall_sync","Issue Stall Reasons (Synchronization)",0.000000%,0.000000%,0.000000%
"Tesla K80 (0)","cfd_kernel(int, int*, float*, float*, float*, float*, float*, float*, float*, int*)",1,"stall_other","Issue Stall Reasons (Other)",0.933933%,0.933933%,0.933933%
"Tesla K80 (0)","cfd_kernel(int, int*, float*, float*, float*, float*, float*, float*, float*, int*)",1,"l1_shared_utilization","L1/Shared Memory Utilization","Low (1)","Low (1)","Low (1)"
"Tesla K80 (0)","cfd_kernel(int, int*, float*, float*, float*, float*, float*, float*, float*, int*)",1,"l2_utilization","L2 Cache Utilization","Mid (4)","Mid (4)","Mid (4)"
"Tesla K80 (0)","cfd_kernel(int, int*, float*, float*, float*, float*, float*, float*, float*, int*)",1,"tex_utilization","Texture Cache Utilization","Low (1)","Low (1)","Low (1)"
"Tesla K80 (0)","cfd_kernel(int, int*, float*, float*, float*, float*, float*, float*, float*, int*)",1,"dram_utilization","Device Memory Utilization","Low (1)","Low (1)","Low (1)"
"Tesla K80 (0)","cfd_kernel(int, int*, float*, float*, float*, float*, float*, float*, float*, int*)",1,"sysmem_utilization","System Memory Utilization","Low (1)","Low (1)","Low (1)"
"Tesla K80 (0)","cfd_kernel(int, int*, float*, float*, float*, float*, float*, float*, float*, int*)",1,"ldst_fu_utilization","Load/Store Function Unit Utilization","Mid (6)","Mid (6)","Mid (6)"
"Tesla K80 (0)","cfd_kernel(int, int*, float*, float*, float*, float*, float*, float*, float*, int*)",1,"alu_fu_utilization","Arithmetic Function Unit Utilization","Low (1)","Low (1)","Low (1)"
"Tesla K80 (0)","cfd_kernel(int, int*, float*, float*, float*, float*, float*, float*, float*, int*)",1,"cf_fu_utilization","Control-Flow Function Unit Utilization","Low (1)","Low (1)","Low (1)"
"Tesla K80 (0)","cfd_kernel(int, int*, float*, float*, float*, float*, float*, float*, float*, int*)",1,"tex_fu_utilization","Texture Function Unit Utilization","Low (1)","Low (1)","Low (1)"
"Tesla K80 (0)","cfd_kernel(int, int*, float*, float*, float*, float*, float*, float*, float*, int*)",1,"inst_executed","Instructions Executed",1864704,1864704,1864704
"Tesla K80 (0)","cfd_kernel(int, int*, float*, float*, float*, float*, float*, float*, float*, int*)",1,"inst_issued","Instructions Issued",3631939,3631939,3631939
"Tesla K80 (0)","cfd_kernel(int, int*, float*, float*, float*, float*, float*, float*, float*, int*)",1,"issue_slots","Issue Slots",3240456,3240456,3240456
"Tesla K80 (0)","cfd_kernel(int, int*, float*, float*, float*, float*, float*, float*, float*, int*)",1,"nc_l2_read_throughput","L2 Throughput (Non-Coherent Reads)",23.794977GB/s,23.794977GB/s,23.794977GB/s
"Tesla K80 (0)","cfd_kernel(int, int*, float*, float*, float*, float*, float*, float*, float*, int*)",1,"nc_l2_read_transactions","L2 Non-Coherent Read Transactions",370928,370928,370928
"Tesla K80 (0)","cfd_kernel(int, int*, float*, float*, float*, float*, float*, float*, float*, int*)",1,"nc_cache_global_hit_rate","Non-Coherent Global Hit Rate",8.283077%,8.283077%,8.283077%
"Tesla K80 (0)","cfd_kernel(int, int*, float*, float*, float*, float*, float*, float*, float*, int*)",1,"nc_gld_throughput","Non-Coherent Global Memory Load Throughput",25.943933GB/s,25.943933GB/s,25.943933GB/s
"Tesla K80 (0)","cfd_kernel(int, int*, float*, float*, float*, float*, float*, float*, float*, int*)",1,"nc_gld_efficiency","Non-Coherent Global Load Efficiency",13.672678%,13.672678%,13.672678%
"Tesla K80 (0)","cfd_kernel(int, int*, float*, float*, float*, float*, float*, float*, float*, int*)",1,"l2_atomic_throughput","L2 Throughput (Atomic requests)",0.000000B/s,0.000000B/s,0.000000B/s
"Tesla K80 (0)","cfd_kernel(int, int*, float*, float*, float*, float*, float*, float*, float*, int*)",1,"inst_fp_32","FP Instructions(Single)",32391168,32391168,32391168
"Tesla K80 (0)","cfd_kernel(int, int*, float*, float*, float*, float*, float*, float*, float*, int*)",1,"inst_fp_64","FP Instructions(Double)",0,0,0
"Tesla K80 (0)","cfd_kernel(int, int*, float*, float*, float*, float*, float*, float*, float*, int*)",1,"inst_integer","Integer Instructions",10469376,10469376,10469376
"Tesla K80 (0)","cfd_kernel(int, int*, float*, float*, float*, float*, float*, float*, float*, int*)",1,"inst_bit_convert","Bit-Convert Instructions",1327104,1327104,1327104
"Tesla K80 (0)","cfd_kernel(int, int*, float*, float*, float*, float*, float*, float*, float*, int*)",1,"inst_control","Control-Flow Instructions",4030464,4030464,4030464
"Tesla K80 (0)","cfd_kernel(int, int*, float*, float*, float*, float*, float*, float*, float*, int*)",1,"inst_compute_ld_st","Load/Store Instructions",4472832,4472832,4472832
"Tesla K80 (0)","cfd_kernel(int, int*, float*, float*, float*, float*, float*, float*, float*, int*)",1,"inst_misc","Misc Instructions",4866048,4866048,4866048
"Tesla K80 (0)","cfd_kernel(int, int*, float*, float*, float*, float*, float*, float*, float*, int*)",1,"inst_inter_thread_communication","Inter-Thread Instructions",0,0,0
"Tesla K80 (0)","cfd_kernel(int, int*, float*, float*, float*, float*, float*, float*, float*, int*)",1,"atomic_replay_overhead","Atomic Replay Overhead",0.000000,0.000000,0.000000
"Tesla K80 (0)","cfd_kernel(int, int*, float*, float*, float*, float*, float*, float*, float*, int*)",1,"atomic_transactions","Atomic Transactions",0,0,0
"Tesla K80 (0)","cfd_kernel(int, int*, float*, float*, float*, float*, float*, float*, float*, int*)",1,"atomic_transactions_per_request","Atomic Transactions Per Request",0.000000,0.000000,0.000000
"Tesla K80 (0)","cfd_kernel(int, int*, float*, float*, float*, float*, float*, float*, float*, int*)",1,"l2_l1_read_transactions","L2 Read Transactions (L1 read requests)",1747028,1747028,1747028
"Tesla K80 (0)","cfd_kernel(int, int*, float*, float*, float*, float*, float*, float*, float*, int*)",1,"l2_l1_write_transactions","L2 Write Transactions (L1 write requests)",30720,30720,30720
"Tesla K80 (0)","cfd_kernel(int, int*, float*, float*, float*, float*, float*, float*, float*, int*)",1,"l2_tex_read_transactions","L2 Transactions (Texture Reads)",371026,371026,371026
"Tesla K80 (0)","cfd_kernel(int, int*, float*, float*, float*, float*, float*, float*, float*, int*)",1,"l2_l1_write_throughput","L2 Throughput (L1 Writes)",1.970684GB/s,1.970684GB/s,1.970684GB/s
"Tesla K80 (0)","cfd_kernel(int, int*, float*, float*, float*, float*, float*, float*, float*, int*)",1,"l2_atomic_transactions","L2 Transactions (Atomic requests)",0,0,0
"Tesla K80 (0)","cfd_kernel(int, int*, float*, float*, float*, float*, float*, float*, float*, int*)",1,"ecc_transactions","ECC Transactions",63985,63985,63985
"Tesla K80 (0)","cfd_kernel(int, int*, float*, float*, float*, float*, float*, float*, float*, int*)",1,"ecc_throughput","ECC Throughput",4.104628GB/s,4.104628GB/s,4.104628GB/s
"Tesla K80 (0)","cfd_kernel(int, int*, float*, float*, float*, float*, float*, float*, float*, int*)",1,"stall_pipe_busy","Issue Stall Reasons (Pipe Busy)",22.055768%,22.055768%,22.055768%
"Tesla K80 (0)","cfd_kernel(int, int*, float*, float*, float*, float*, float*, float*, float*, int*)",1,"stall_constant_memory_dependency","Issue Stall Reasons (Immediate constant)",0.147905%,0.147905%,0.147905%
"Tesla K80 (0)","cfd_kernel(int, int*, float*, float*, float*, float*, float*, float*, float*, int*)",1,"flop_sp_efficiency","FLOP Efficiency(Peak Single)",3.728504%,3.728504%,3.728504%
"Tesla K80 (0)","cfd_kernel(int, int*, float*, float*, float*, float*, float*, float*, float*, int*)",1,"flop_dp_efficiency","FLOP Efficiency(Peak Double)",0.000000%,0.000000%,0.000000%
"Tesla K80 (0)","cfd_kernel(int, int*, float*, float*, float*, float*, float*, float*, float*, int*)",1,"stall_memory_throttle","Issue Stall Reasons (Memory Throttle)",19.609963%,19.609963%,19.609963%
"Tesla K80 (0)","cfd_kernel(int, int*, float*, float*, float*, float*, float*, float*, float*, int*)",1,"stall_not_selected","Issue Stall Reasons (Not Selected)",33.929926%,33.929926%,33.929926%
"Tesla K80 (0)","cfd_kernel(int, int*, float*, float*, float*, float*, float*, float*, float*, int*)",1,"eligible_warps_per_cycle","Eligible Warps Per Active Cycle",18.901375,18.901375,18.901375
"Tesla K80 (0)","cfd_kernel(int, int*, float*, float*, float*, float*, float*, float*, float*, int*)",1,"atomic_throughput","Atomic Throughput",0.000000B/s,0.000000B/s,0.000000B/s
