==12586== NVPROF is profiling process 12586, command: ./cfd_cpu
==12586== Warning: Some kernel(s) will be replayed on device 0 in order to collect all events/metrics.
==12586== Profiling application: ./cfd_cpu
==12586== Profiling result:
==12586== Event result:
"Device","Kernel","Invocations","Event Name","Min","Max","Avg"
"Tesla K80 (0)","cfd_kernel(int, int*, float*, float*, float*, float*, float*, float*, float*, int*)",1,"tex0_cache_sector_queries",101114,101114,101114
"Tesla K80 (0)","cfd_kernel(int, int*, float*, float*, float*, float*, float*, float*, float*, int*)",1,"tex1_cache_sector_queries",101080,101080,101080
"Tesla K80 (0)","cfd_kernel(int, int*, float*, float*, float*, float*, float*, float*, float*, int*)",1,"tex2_cache_sector_queries",101116,101116,101116
"Tesla K80 (0)","cfd_kernel(int, int*, float*, float*, float*, float*, float*, float*, float*, int*)",1,"tex3_cache_sector_queries",101148,101148,101148
"Tesla K80 (0)","cfd_kernel(int, int*, float*, float*, float*, float*, float*, float*, float*, int*)",1,"tex0_cache_sector_misses",92819,92819,92819
"Tesla K80 (0)","cfd_kernel(int, int*, float*, float*, float*, float*, float*, float*, float*, int*)",1,"tex1_cache_sector_misses",93318,93318,93318
"Tesla K80 (0)","cfd_kernel(int, int*, float*, float*, float*, float*, float*, float*, float*, int*)",1,"tex2_cache_sector_misses",92817,92817,92817
"Tesla K80 (0)","cfd_kernel(int, int*, float*, float*, float*, float*, float*, float*, float*, int*)",1,"tex3_cache_sector_misses",93047,93047,93047
"Tesla K80 (0)","cfd_kernel(int, int*, float*, float*, float*, float*, float*, float*, float*, int*)",1,"fb_subp0_read_sectors",132518,132518,132518
"Tesla K80 (0)","cfd_kernel(int, int*, float*, float*, float*, float*, float*, float*, float*, int*)",1,"fb_subp1_read_sectors",137630,137630,137630
"Tesla K80 (0)","cfd_kernel(int, int*, float*, float*, float*, float*, float*, float*, float*, int*)",1,"fb_subp0_write_sectors",19189,19189,19189
"Tesla K80 (0)","cfd_kernel(int, int*, float*, float*, float*, float*, float*, float*, float*, int*)",1,"fb_subp1_write_sectors",19235,19235,19235
"Tesla K80 (0)","cfd_kernel(int, int*, float*, float*, float*, float*, float*, float*, float*, int*)",1,"l2_subp0_write_sector_misses",7684,7684,7684
"Tesla K80 (0)","cfd_kernel(int, int*, float*, float*, float*, float*, float*, float*, float*, int*)",1,"l2_subp1_write_sector_misses",7683,7683,7683
"Tesla K80 (0)","cfd_kernel(int, int*, float*, float*, float*, float*, float*, float*, float*, int*)",1,"l2_subp2_write_sector_misses",7680,7680,7680
"Tesla K80 (0)","cfd_kernel(int, int*, float*, float*, float*, float*, float*, float*, float*, int*)",1,"l2_subp3_write_sector_misses",7685,7685,7685
"Tesla K80 (0)","cfd_kernel(int, int*, float*, float*, float*, float*, float*, float*, float*, int*)",1,"l2_subp0_read_sector_misses",52294,52294,52294
"Tesla K80 (0)","cfd_kernel(int, int*, float*, float*, float*, float*, float*, float*, float*, int*)",1,"l2_subp1_read_sector_misses",52105,52105,52105
"Tesla K80 (0)","cfd_kernel(int, int*, float*, float*, float*, float*, float*, float*, float*, int*)",1,"l2_subp2_read_sector_misses",52278,52278,52278
"Tesla K80 (0)","cfd_kernel(int, int*, float*, float*, float*, float*, float*, float*, float*, int*)",1,"l2_subp3_read_sector_misses",52245,52245,52245
"Tesla K80 (0)","cfd_kernel(int, int*, float*, float*, float*, float*, float*, float*, float*, int*)",1,"l2_subp0_write_l1_sector_queries",7924,7924,7924
"Tesla K80 (0)","cfd_kernel(int, int*, float*, float*, float*, float*, float*, float*, float*, int*)",1,"l2_subp1_write_l1_sector_queries",7680,7680,7680
"Tesla K80 (0)","cfd_kernel(int, int*, float*, float*, float*, float*, float*, float*, float*, int*)",1,"l2_subp2_write_l1_sector_queries",7680,7680,7680
"Tesla K80 (0)","cfd_kernel(int, int*, float*, float*, float*, float*, float*, float*, float*, int*)",1,"l2_subp3_write_l1_sector_queries",7680,7680,7680
"Tesla K80 (0)","cfd_kernel(int, int*, float*, float*, float*, float*, float*, float*, float*, int*)",1,"l2_subp0_read_l1_sector_queries",436736,436736,436736
"Tesla K80 (0)","cfd_kernel(int, int*, float*, float*, float*, float*, float*, float*, float*, int*)",1,"l2_subp1_read_l1_sector_queries",436979,436979,436979
"Tesla K80 (0)","cfd_kernel(int, int*, float*, float*, float*, float*, float*, float*, float*, int*)",1,"l2_subp2_read_l1_sector_queries",436418,436418,436418
"Tesla K80 (0)","cfd_kernel(int, int*, float*, float*, float*, float*, float*, float*, float*, int*)",1,"l2_subp3_read_l1_sector_queries",436895,436895,436895
"Tesla K80 (0)","cfd_kernel(int, int*, float*, float*, float*, float*, float*, float*, float*, int*)",1,"l2_subp0_read_l1_hit_sectors",384644,384644,384644
"Tesla K80 (0)","cfd_kernel(int, int*, float*, float*, float*, float*, float*, float*, float*, int*)",1,"l2_subp1_read_l1_hit_sectors",385013,385013,385013
"Tesla K80 (0)","cfd_kernel(int, int*, float*, float*, float*, float*, float*, float*, float*, int*)",1,"l2_subp2_read_l1_hit_sectors",384305,384305,384305
"Tesla K80 (0)","cfd_kernel(int, int*, float*, float*, float*, float*, float*, float*, float*, int*)",1,"l2_subp3_read_l1_hit_sectors",384897,384897,384897
"Tesla K80 (0)","cfd_kernel(int, int*, float*, float*, float*, float*, float*, float*, float*, int*)",1,"l2_subp0_read_tex_sector_queries",92581,92581,92581
"Tesla K80 (0)","cfd_kernel(int, int*, float*, float*, float*, float*, float*, float*, float*, int*)",1,"l2_subp1_read_tex_sector_queries",92975,92975,92975
"Tesla K80 (0)","cfd_kernel(int, int*, float*, float*, float*, float*, float*, float*, float*, int*)",1,"l2_subp2_read_tex_sector_queries",92454,92454,92454
"Tesla K80 (0)","cfd_kernel(int, int*, float*, float*, float*, float*, float*, float*, float*, int*)",1,"l2_subp3_read_tex_sector_queries",92843,92843,92843
"Tesla K80 (0)","cfd_kernel(int, int*, float*, float*, float*, float*, float*, float*, float*, int*)",1,"l2_subp0_read_tex_hit_sectors",92456,92456,92456
"Tesla K80 (0)","cfd_kernel(int, int*, float*, float*, float*, float*, float*, float*, float*, int*)",1,"l2_subp1_read_tex_hit_sectors",93176,93176,93176
"Tesla K80 (0)","cfd_kernel(int, int*, float*, float*, float*, float*, float*, float*, float*, int*)",1,"l2_subp2_read_tex_hit_sectors",92198,92198,92198
"Tesla K80 (0)","cfd_kernel(int, int*, float*, float*, float*, float*, float*, float*, float*, int*)",1,"l2_subp3_read_tex_hit_sectors",93066,93066,93066
"Tesla K80 (0)","cfd_kernel(int, int*, float*, float*, float*, float*, float*, float*, float*, int*)",1,"rocache_subp0_gld_thread_count_32b",110592,110592,110592
"Tesla K80 (0)","cfd_kernel(int, int*, float*, float*, float*, float*, float*, float*, float*, int*)",1,"rocache_subp1_gld_thread_count_32b",110592,110592,110592
"Tesla K80 (0)","cfd_kernel(int, int*, float*, float*, float*, float*, float*, float*, float*, int*)",1,"rocache_subp2_gld_thread_count_32b",110592,110592,110592
"Tesla K80 (0)","cfd_kernel(int, int*, float*, float*, float*, float*, float*, float*, float*, int*)",1,"rocache_subp3_gld_thread_count_32b",110592,110592,110592
"Tesla K80 (0)","cfd_kernel(int, int*, float*, float*, float*, float*, float*, float*, float*, int*)",1,"rocache_subp0_gld_thread_count_64b",0,0,0
"Tesla K80 (0)","cfd_kernel(int, int*, float*, float*, float*, float*, float*, float*, float*, int*)",1,"rocache_subp1_gld_thread_count_64b",0,0,0
"Tesla K80 (0)","cfd_kernel(int, int*, float*, float*, float*, float*, float*, float*, float*, int*)",1,"rocache_subp2_gld_thread_count_64b",0,0,0
"Tesla K80 (0)","cfd_kernel(int, int*, float*, float*, float*, float*, float*, float*, float*, int*)",1,"rocache_subp3_gld_thread_count_64b",0,0,0
"Tesla K80 (0)","cfd_kernel(int, int*, float*, float*, float*, float*, float*, float*, float*, int*)",1,"rocache_subp0_gld_thread_count_128b",0,0,0
"Tesla K80 (0)","cfd_kernel(int, int*, float*, float*, float*, float*, float*, float*, float*, int*)",1,"rocache_subp1_gld_thread_count_128b",0,0,0
"Tesla K80 (0)","cfd_kernel(int, int*, float*, float*, float*, float*, float*, float*, float*, int*)",1,"rocache_subp2_gld_thread_count_128b",0,0,0
"Tesla K80 (0)","cfd_kernel(int, int*, float*, float*, float*, float*, float*, float*, float*, int*)",1,"rocache_subp3_gld_thread_count_128b",0,0,0
"Tesla K80 (0)","cfd_kernel(int, int*, float*, float*, float*, float*, float*, float*, float*, int*)",1,"rocache_subp0_gld_warp_count_32b",3456,3456,3456
"Tesla K80 (0)","cfd_kernel(int, int*, float*, float*, float*, float*, float*, float*, float*, int*)",1,"rocache_subp1_gld_warp_count_32b",3498,3498,3498
"Tesla K80 (0)","cfd_kernel(int, int*, float*, float*, float*, float*, float*, float*, float*, int*)",1,"rocache_subp2_gld_warp_count_32b",3456,3456,3456
"Tesla K80 (0)","cfd_kernel(int, int*, float*, float*, float*, float*, float*, float*, float*, int*)",1,"rocache_subp3_gld_warp_count_32b",3456,3456,3456
"Tesla K80 (0)","cfd_kernel(int, int*, float*, float*, float*, float*, float*, float*, float*, int*)",1,"rocache_subp0_gld_warp_count_64b",0,0,0
"Tesla K80 (0)","cfd_kernel(int, int*, float*, float*, float*, float*, float*, float*, float*, int*)",1,"rocache_subp1_gld_warp_count_64b",0,0,0
"Tesla K80 (0)","cfd_kernel(int, int*, float*, float*, float*, float*, float*, float*, float*, int*)",1,"rocache_subp2_gld_warp_count_64b",0,0,0
"Tesla K80 (0)","cfd_kernel(int, int*, float*, float*, float*, float*, float*, float*, float*, int*)",1,"rocache_subp3_gld_warp_count_64b",0,0,0
"Tesla K80 (0)","cfd_kernel(int, int*, float*, float*, float*, float*, float*, float*, float*, int*)",1,"rocache_subp0_gld_warp_count_128b",0,0,0
"Tesla K80 (0)","cfd_kernel(int, int*, float*, float*, float*, float*, float*, float*, float*, int*)",1,"rocache_subp1_gld_warp_count_128b",0,0,0
"Tesla K80 (0)","cfd_kernel(int, int*, float*, float*, float*, float*, float*, float*, float*, int*)",1,"rocache_subp2_gld_warp_count_128b",0,0,0
"Tesla K80 (0)","cfd_kernel(int, int*, float*, float*, float*, float*, float*, float*, float*, int*)",1,"rocache_subp3_gld_warp_count_128b",0,0,0
"Tesla K80 (0)","cfd_kernel(int, int*, float*, float*, float*, float*, float*, float*, float*, int*)",1,"l2_subp0_read_sysmem_sector_queries",0,0,0
"Tesla K80 (0)","cfd_kernel(int, int*, float*, float*, float*, float*, float*, float*, float*, int*)",1,"l2_subp1_read_sysmem_sector_queries",0,0,0
"Tesla K80 (0)","cfd_kernel(int, int*, float*, float*, float*, float*, float*, float*, float*, int*)",1,"l2_subp2_read_sysmem_sector_queries",0,0,0
"Tesla K80 (0)","cfd_kernel(int, int*, float*, float*, float*, float*, float*, float*, float*, int*)",1,"l2_subp3_read_sysmem_sector_queries",0,0,0
"Tesla K80 (0)","cfd_kernel(int, int*, float*, float*, float*, float*, float*, float*, float*, int*)",1,"l2_subp0_write_sysmem_sector_queries",0,0,0
"Tesla K80 (0)","cfd_kernel(int, int*, float*, float*, float*, float*, float*, float*, float*, int*)",1,"l2_subp1_write_sysmem_sector_queries",4,4,4
"Tesla K80 (0)","cfd_kernel(int, int*, float*, float*, float*, float*, float*, float*, float*, int*)",1,"l2_subp2_write_sysmem_sector_queries",4,4,4
"Tesla K80 (0)","cfd_kernel(int, int*, float*, float*, float*, float*, float*, float*, float*, int*)",1,"l2_subp3_write_sysmem_sector_queries",0,0,0
"Tesla K80 (0)","cfd_kernel(int, int*, float*, float*, float*, float*, float*, float*, float*, int*)",1,"l2_subp0_total_read_sector_queries",529708,529708,529708
"Tesla K80 (0)","cfd_kernel(int, int*, float*, float*, float*, float*, float*, float*, float*, int*)",1,"l2_subp1_total_read_sector_queries",530145,530145,530145
"Tesla K80 (0)","cfd_kernel(int, int*, float*, float*, float*, float*, float*, float*, float*, int*)",1,"l2_subp2_total_read_sector_queries",529047,529047,529047
"Tesla K80 (0)","cfd_kernel(int, int*, float*, float*, float*, float*, float*, float*, float*, int*)",1,"l2_subp3_total_read_sector_queries",530043,530043,530043
"Tesla K80 (0)","cfd_kernel(int, int*, float*, float*, float*, float*, float*, float*, float*, int*)",1,"l2_subp0_total_write_sector_queries",7978,7978,7978
"Tesla K80 (0)","cfd_kernel(int, int*, float*, float*, float*, float*, float*, float*, float*, int*)",1,"l2_subp1_total_write_sector_queries",7686,7686,7686
"Tesla K80 (0)","cfd_kernel(int, int*, float*, float*, float*, float*, float*, float*, float*, int*)",1,"l2_subp2_total_write_sector_queries",7684,7684,7684
"Tesla K80 (0)","cfd_kernel(int, int*, float*, float*, float*, float*, float*, float*, float*, int*)",1,"l2_subp3_total_write_sector_queries",7993,7993,7993
"Tesla K80 (0)","cfd_kernel(int, int*, float*, float*, float*, float*, float*, float*, float*, int*)",1,"elapsed_cycles_sm",3684208,3684208,3684208
"Tesla K80 (0)","cfd_kernel(int, int*, float*, float*, float*, float*, float*, float*, float*, int*)",1,"gld_inst_8bit",0,0,0
"Tesla K80 (0)","cfd_kernel(int, int*, float*, float*, float*, float*, float*, float*, float*, int*)",1,"gld_inst_16bit",0,0,0
"Tesla K80 (0)","cfd_kernel(int, int*, float*, float*, float*, float*, float*, float*, float*, int*)",1,"gld_inst_32bit",3342336,3342336,3342336
"Tesla K80 (0)","cfd_kernel(int, int*, float*, float*, float*, float*, float*, float*, float*, int*)",1,"gld_inst_64bit",0,0,0
"Tesla K80 (0)","cfd_kernel(int, int*, float*, float*, float*, float*, float*, float*, float*, int*)",1,"gld_inst_128bit",0,0,0
"Tesla K80 (0)","cfd_kernel(int, int*, float*, float*, float*, float*, float*, float*, float*, int*)",1,"gst_inst_8bit",0,0,0
"Tesla K80 (0)","cfd_kernel(int, int*, float*, float*, float*, float*, float*, float*, float*, int*)",1,"gst_inst_16bit",0,0,0
"Tesla K80 (0)","cfd_kernel(int, int*, float*, float*, float*, float*, float*, float*, float*, int*)",1,"gst_inst_32bit",245760,245760,245760
"Tesla K80 (0)","cfd_kernel(int, int*, float*, float*, float*, float*, float*, float*, float*, int*)",1,"gst_inst_64bit",0,0,0
"Tesla K80 (0)","cfd_kernel(int, int*, float*, float*, float*, float*, float*, float*, float*, int*)",1,"gst_inst_128bit",0,0,0
"Tesla K80 (0)","cfd_kernel(int, int*, float*, float*, float*, float*, float*, float*, float*, int*)",1,"rocache_gld_inst_8bit",0,0,0
"Tesla K80 (0)","cfd_kernel(int, int*, float*, float*, float*, float*, float*, float*, float*, int*)",1,"rocache_gld_inst_16bit",0,0,0
"Tesla K80 (0)","cfd_kernel(int, int*, float*, float*, float*, float*, float*, float*, float*, int*)",1,"rocache_gld_inst_32bit",442368,442368,442368
"Tesla K80 (0)","cfd_kernel(int, int*, float*, float*, float*, float*, float*, float*, float*, int*)",1,"rocache_gld_inst_64bit",0,0,0
"Tesla K80 (0)","cfd_kernel(int, int*, float*, float*, float*, float*, float*, float*, float*, int*)",1,"rocache_gld_inst_128bit",0,0,0
"Tesla K80 (0)","cfd_kernel(int, int*, float*, float*, float*, float*, float*, float*, float*, int*)",1,"prof_trigger_00",0,0,0
"Tesla K80 (0)","cfd_kernel(int, int*, float*, float*, float*, float*, float*, float*, float*, int*)",1,"prof_trigger_01",0,0,0
"Tesla K80 (0)","cfd_kernel(int, int*, float*, float*, float*, float*, float*, float*, float*, int*)",1,"prof_trigger_02",0,0,0
"Tesla K80 (0)","cfd_kernel(int, int*, float*, float*, float*, float*, float*, float*, float*, int*)",1,"prof_trigger_03",0,0,0
"Tesla K80 (0)","cfd_kernel(int, int*, float*, float*, float*, float*, float*, float*, float*, int*)",1,"prof_trigger_04",0,0,0
"Tesla K80 (0)","cfd_kernel(int, int*, float*, float*, float*, float*, float*, float*, float*, int*)",1,"prof_trigger_05",0,0,0
"Tesla K80 (0)","cfd_kernel(int, int*, float*, float*, float*, float*, float*, float*, float*, int*)",1,"prof_trigger_06",0,0,0
"Tesla K80 (0)","cfd_kernel(int, int*, float*, float*, float*, float*, float*, float*, float*, int*)",1,"prof_trigger_07",0,0,0
"Tesla K80 (0)","cfd_kernel(int, int*, float*, float*, float*, float*, float*, float*, float*, int*)",1,"atom_cas_count",0,0,0
"Tesla K80 (0)","cfd_kernel(int, int*, float*, float*, float*, float*, float*, float*, float*, int*)",1,"warps_launched",1536,1536,1536
"Tesla K80 (0)","cfd_kernel(int, int*, float*, float*, float*, float*, float*, float*, float*, int*)",1,"threads_launched",49152,49152,49152
"Tesla K80 (0)","cfd_kernel(int, int*, float*, float*, float*, float*, float*, float*, float*, int*)",1,"inst_executed",1864704,1864704,1864704
"Tesla K80 (0)","cfd_kernel(int, int*, float*, float*, float*, float*, float*, float*, float*, int*)",1,"inst_issued1",2847201,2847201,2847201
"Tesla K80 (0)","cfd_kernel(int, int*, float*, float*, float*, float*, float*, float*, float*, int*)",1,"inst_issued2",391873,391873,391873
"Tesla K80 (0)","cfd_kernel(int, int*, float*, float*, float*, float*, float*, float*, float*, int*)",1,"thread_inst_executed",59670528,59670528,59670528
"Tesla K80 (0)","cfd_kernel(int, int*, float*, float*, float*, float*, float*, float*, float*, int*)",1,"shared_load",0,0,0
"Tesla K80 (0)","cfd_kernel(int, int*, float*, float*, float*, float*, float*, float*, float*, int*)",1,"shared_store",0,0,0
"Tesla K80 (0)","cfd_kernel(int, int*, float*, float*, float*, float*, float*, float*, float*, int*)",1,"local_load",0,0,0
"Tesla K80 (0)","cfd_kernel(int, int*, float*, float*, float*, float*, float*, float*, float*, int*)",1,"local_store",0,0,0
"Tesla K80 (0)","cfd_kernel(int, int*, float*, float*, float*, float*, float*, float*, float*, int*)",1,"gld_request",104448,104448,104448
"Tesla K80 (0)","cfd_kernel(int, int*, float*, float*, float*, float*, float*, float*, float*, int*)",1,"gst_request",7680,7680,7680
"Tesla K80 (0)","cfd_kernel(int, int*, float*, float*, float*, float*, float*, float*, float*, int*)",1,"active_cycles",3325598,3325598,3325598
"Tesla K80 (0)","cfd_kernel(int, int*, float*, float*, float*, float*, float*, float*, float*, int*)",1,"active_warps",176629772,176629772,176629772
"Tesla K80 (0)","cfd_kernel(int, int*, float*, float*, float*, float*, float*, float*, float*, int*)",1,"sm_cta_launched",192,192,192
"Tesla K80 (0)","cfd_kernel(int, int*, float*, float*, float*, float*, float*, float*, float*, int*)",1,"not_predicated_off_thread_inst_executed",57950208,57950208,57950208
"Tesla K80 (0)","cfd_kernel(int, int*, float*, float*, float*, float*, float*, float*, float*, int*)",1,"l1_local_load_hit",0,0,0
"Tesla K80 (0)","cfd_kernel(int, int*, float*, float*, float*, float*, float*, float*, float*, int*)",1,"l1_local_load_miss",0,0,0
"Tesla K80 (0)","cfd_kernel(int, int*, float*, float*, float*, float*, float*, float*, float*, int*)",1,"l1_local_store_hit",0,0,0
"Tesla K80 (0)","cfd_kernel(int, int*, float*, float*, float*, float*, float*, float*, float*, int*)",1,"l1_local_store_miss",0,0,0
"Tesla K80 (0)","cfd_kernel(int, int*, float*, float*, float*, float*, float*, float*, float*, int*)",1,"l1_global_load_hit",0,0,0
"Tesla K80 (0)","cfd_kernel(int, int*, float*, float*, float*, float*, float*, float*, float*, int*)",1,"l1_global_load_miss",0,0,0
"Tesla K80 (0)","cfd_kernel(int, int*, float*, float*, float*, float*, float*, float*, float*, int*)",1,"uncached_global_load_transaction",1450800,1450800,1450800
"Tesla K80 (0)","cfd_kernel(int, int*, float*, float*, float*, float*, float*, float*, float*, int*)",1,"global_store_transaction",7680,7680,7680
"Tesla K80 (0)","cfd_kernel(int, int*, float*, float*, float*, float*, float*, float*, float*, int*)",1,"shared_load_replay",0,0,0
"Tesla K80 (0)","cfd_kernel(int, int*, float*, float*, float*, float*, float*, float*, float*, int*)",1,"shared_store_replay",0,0,0
"Tesla K80 (0)","cfd_kernel(int, int*, float*, float*, float*, float*, float*, float*, float*, int*)",1,"global_ld_mem_divergence_replays",1346352,1346352,1346352
"Tesla K80 (0)","cfd_kernel(int, int*, float*, float*, float*, float*, float*, float*, float*, int*)",1,"global_st_mem_divergence_replays",0,0,0
"Tesla K80 (0)","cfd_kernel(int, int*, float*, float*, float*, float*, float*, float*, float*, int*)",1,"local_load_transactions",0,0,0
"Tesla K80 (0)","cfd_kernel(int, int*, float*, float*, float*, float*, float*, float*, float*, int*)",1,"local_store_transactions",0,0,0
"Tesla K80 (0)","cfd_kernel(int, int*, float*, float*, float*, float*, float*, float*, float*, int*)",1,"l1_shared_load_transactions",0,0,0
"Tesla K80 (0)","cfd_kernel(int, int*, float*, float*, float*, float*, float*, float*, float*, int*)",1,"l1_shared_store_transactions",0,0,0
"Tesla K80 (0)","cfd_kernel(int, int*, float*, float*, float*, float*, float*, float*, float*, int*)",1,"__l1_global_load_transactions",1681782,1681782,1681782
"Tesla K80 (0)","cfd_kernel(int, int*, float*, float*, float*, float*, float*, float*, float*, int*)",1,"__l1_global_store_transactions",7680,7680,7680
"Tesla K80 (0)","cfd_kernel(int, int*, float*, float*, float*, float*, float*, float*, float*, int*)",1,"atom_count",0,0,0
"Tesla K80 (0)","cfd_kernel(int, int*, float*, float*, float*, float*, float*, float*, float*, int*)",1,"gred_count",0,0,0

==12586== Metric result:
"Device","Kernel","Invocations","Metric Name","Metric Description","Min","Max","Avg"
"Tesla K80 (0)","cfd_kernel(int, int*, float*, float*, float*, float*, float*, float*, float*, int*)",1,"l1_cache_global_hit_rate","L1 Global Hit Rate",0.000000%,0.000000%,0.000000%
"Tesla K80 (0)","cfd_kernel(int, int*, float*, float*, float*, float*, float*, float*, float*, int*)",1,"l1_cache_local_hit_rate","L1 Local Hit Rate",0.000000%,0.000000%,0.000000%
"Tesla K80 (0)","cfd_kernel(int, int*, float*, float*, float*, float*, float*, float*, float*, int*)",1,"sm_efficiency","Multiprocessor Activity",90.266293%,90.266293%,90.266293%
"Tesla K80 (0)","cfd_kernel(int, int*, float*, float*, float*, float*, float*, float*, float*, int*)",1,"ipc","Executed IPC",0.561645,0.561645,0.561645
"Tesla K80 (0)","cfd_kernel(int, int*, float*, float*, float*, float*, float*, float*, float*, int*)",1,"achieved_occupancy","Achieved Occupancy",0.831258,0.831258,0.831258
"Tesla K80 (0)","cfd_kernel(int, int*, float*, float*, float*, float*, float*, float*, float*, int*)",1,"gld_requested_throughput","Requested Global Load Throughput",26.469074GB/s,26.469074GB/s,26.469074GB/s
"Tesla K80 (0)","cfd_kernel(int, int*, float*, float*, float*, float*, float*, float*, float*, int*)",1,"gst_requested_throughput","Requested Global Store Throughput",1.946255GB/s,1.946255GB/s,1.946255GB/s
"Tesla K80 (0)","cfd_kernel(int, int*, float*, float*, float*, float*, float*, float*, float*, int*)",1,"sm_efficiency_instance","Multiprocessor Activity",90.266293%,90.266293%,90.266293%
"Tesla K80 (0)","cfd_kernel(int, int*, float*, float*, float*, float*, float*, float*, float*, int*)",1,"ipc_instance","Executed IPC",0.561645,0.561645,0.561645
"Tesla K80 (0)","cfd_kernel(int, int*, float*, float*, float*, float*, float*, float*, float*, int*)",1,"inst_replay_overhead","Instruction Replay Overhead",0.947198,0.947198,0.947198
"Tesla K80 (0)","cfd_kernel(int, int*, float*, float*, float*, float*, float*, float*, float*, int*)",1,"shared_replay_overhead","Shared Memory Replay Overhead",0.000000,0.000000,0.000000
"Tesla K80 (0)","cfd_kernel(int, int*, float*, float*, float*, float*, float*, float*, float*, int*)",1,"global_replay_overhead","Global Memory Replay Overhead",0.722019,0.722019,0.722019
"Tesla K80 (0)","cfd_kernel(int, int*, float*, float*, float*, float*, float*, float*, float*, int*)",1,"global_cache_replay_overhead","Global Memory Cache Replay Overhead",0.000000,0.000000,0.000000
"Tesla K80 (0)","cfd_kernel(int, int*, float*, float*, float*, float*, float*, float*, float*, int*)",1,"tex_cache_hit_rate","Texture Cache Hit Rate",8.024813%,8.024813%,8.024813%
"Tesla K80 (0)","cfd_kernel(int, int*, float*, float*, float*, float*, float*, float*, float*, int*)",1,"tex_cache_throughput","Texture Cache Throughput",7.006520GB/s,7.006520GB/s,7.006520GB/s
"Tesla K80 (0)","cfd_kernel(int, int*, float*, float*, float*, float*, float*, float*, float*, int*)",1,"dram_read_throughput","Device Memory Read Throughput",17.115137GB/s,17.115137GB/s,17.115137GB/s
"Tesla K80 (0)","cfd_kernel(int, int*, float*, float*, float*, float*, float*, float*, float*, int*)",1,"dram_write_throughput","Device Memory Write Throughput",2.434340GB/s,2.434340GB/s,2.434340GB/s
"Tesla K80 (0)","cfd_kernel(int, int*, float*, float*, float*, float*, float*, float*, float*, int*)",1,"gst_throughput","Global Store Throughput",1.946255GB/s,1.946255GB/s,1.946255GB/s
"Tesla K80 (0)","cfd_kernel(int, int*, float*, float*, float*, float*, float*, float*, float*, int*)",1,"gld_throughput","Global Load Throughput",110.682381GB/s,110.682381GB/s,110.682381GB/s
"Tesla K80 (0)","cfd_kernel(int, int*, float*, float*, float*, float*, float*, float*, float*, int*)",1,"local_replay_overhead","Local Memory Cache Replay Overhead",0.000000,0.000000,0.000000
"Tesla K80 (0)","cfd_kernel(int, int*, float*, float*, float*, float*, float*, float*, float*, int*)",1,"shared_efficiency","Shared Memory Efficiency",0.000000%,0.000000%,0.000000%
"Tesla K80 (0)","cfd_kernel(int, int*, float*, float*, float*, float*, float*, float*, float*, int*)",1,"gld_efficiency","Global Memory Load Efficiency",23.914442%,23.914442%,23.914442%
"Tesla K80 (0)","cfd_kernel(int, int*, float*, float*, float*, float*, float*, float*, float*, int*)",1,"gst_efficiency","Global Memory Store Efficiency",100.000000%,100.000000%,100.000000%
"Tesla K80 (0)","cfd_kernel(int, int*, float*, float*, float*, float*, float*, float*, float*, int*)",1,"l2_l1_read_hit_rate","L2 Hit Rate (L1 Reads)",88.084392%,88.084392%,88.084392%
"Tesla K80 (0)","cfd_kernel(int, int*, float*, float*, float*, float*, float*, float*, float*, int*)",1,"l2_texture_read_hit_rate","L2 Hit Rate (Texture Reads)",100.011595%,100.011595%,100.011595%
"Tesla K80 (0)","cfd_kernel(int, int*, float*, float*, float*, float*, float*, float*, float*, int*)",1,"l2_l1_read_throughput","L2 Throughput (L1 Reads)",110.682381GB/s,110.682381GB/s,110.682381GB/s
"Tesla K80 (0)","cfd_kernel(int, int*, float*, float*, float*, float*, float*, float*, float*, int*)",1,"l2_texture_read_throughput","L2 Throughput (Texture Reads)",23.495269GB/s,23.495269GB/s,23.495269GB/s
"Tesla K80 (0)","cfd_kernel(int, int*, float*, float*, float*, float*, float*, float*, float*, int*)",1,"local_memory_overhead","Local Memory Overhead",0.013723%,0.013723%,0.013723%
"Tesla K80 (0)","cfd_kernel(int, int*, float*, float*, float*, float*, float*, float*, float*, int*)",1,"warp_execution_efficiency","Warp Execution Efficiency",100.000000%,100.000000%,100.000000%
"Tesla K80 (0)","cfd_kernel(int, int*, float*, float*, float*, float*, float*, float*, float*, int*)",1,"nc_gld_requested_throughput","Requested Non-Coherent Global Load Throughput",3.503260GB/s,3.503260GB/s,3.503260GB/s
"Tesla K80 (0)","cfd_kernel(int, int*, float*, float*, float*, float*, float*, float*, float*, int*)",1,"issued_ipc","Issued IPC",1.091818,1.091818,1.091818
"Tesla K80 (0)","cfd_kernel(int, int*, float*, float*, float*, float*, float*, float*, float*, int*)",1,"inst_per_warp","Instructions per warp",1214.000000,1214.000000,1214.000000
"Tesla K80 (0)","cfd_kernel(int, int*, float*, float*, float*, float*, float*, float*, float*, int*)",1,"issue_slot_utilization","Issue Slot Utilization",24.349561%,24.349561%,24.349561%
"Tesla K80 (0)","cfd_kernel(int, int*, float*, float*, float*, float*, float*, float*, float*, int*)",1,"local_load_transactions_per_request","Local Memory Load Transactions Per Request",0.000000,0.000000,0.000000
"Tesla K80 (0)","cfd_kernel(int, int*, float*, float*, float*, float*, float*, float*, float*, int*)",1,"local_store_transactions_per_request","Local Memory Store Transactions Per Request",0.000000,0.000000,0.000000
"Tesla K80 (0)","cfd_kernel(int, int*, float*, float*, float*, float*, float*, float*, float*, int*)",1,"shared_load_transactions_per_request","Shared Memory Load Transactions Per Request",0.000000,0.000000,0.000000
"Tesla K80 (0)","cfd_kernel(int, int*, float*, float*, float*, float*, float*, float*, float*, int*)",1,"shared_store_transactions_per_request","Shared Memory Store Transactions Per Request",0.000000,0.000000,0.000000
"Tesla K80 (0)","cfd_kernel(int, int*, float*, float*, float*, float*, float*, float*, float*, int*)",1,"gld_transactions_per_request","Global Load Transactions Per Request",13.890165,13.890165,13.890165
"Tesla K80 (0)","cfd_kernel(int, int*, float*, float*, float*, float*, float*, float*, float*, int*)",1,"gst_transactions_per_request","Global Store Transactions Per Request",1.000000,1.000000,1.000000
"Tesla K80 (0)","cfd_kernel(int, int*, float*, float*, float*, float*, float*, float*, float*, int*)",1,"local_load_transactions","Local Load Transactions",0,0,0
"Tesla K80 (0)","cfd_kernel(int, int*, float*, float*, float*, float*, float*, float*, float*, int*)",1,"local_store_transactions","Local Store Transactions",0,0,0
"Tesla K80 (0)","cfd_kernel(int, int*, float*, float*, float*, float*, float*, float*, float*, int*)",1,"shared_load_transactions","Shared Load Transactions",0,0,0
"Tesla K80 (0)","cfd_kernel(int, int*, float*, float*, float*, float*, float*, float*, float*, int*)",1,"shared_store_transactions","Shared Store Transactions",0,0,0
"Tesla K80 (0)","cfd_kernel(int, int*, float*, float*, float*, float*, float*, float*, float*, int*)",1,"gld_transactions","Global Load Transactions",1450800,1450800,1450800
"Tesla K80 (0)","cfd_kernel(int, int*, float*, float*, float*, float*, float*, float*, float*, int*)",1,"gst_transactions","Global Store Transactions",7680,7680,7680
"Tesla K80 (0)","cfd_kernel(int, int*, float*, float*, float*, float*, float*, float*, float*, int*)",1,"sysmem_read_transactions","System Memory Read Transactions",0,0,0
"Tesla K80 (0)","cfd_kernel(int, int*, float*, float*, float*, float*, float*, float*, float*, int*)",1,"sysmem_write_transactions","System Memory Write Transactions",8,8,8
"Tesla K80 (0)","cfd_kernel(int, int*, float*, float*, float*, float*, float*, float*, float*, int*)",1,"tex_cache_transactions","Texture Cache Transactions",110592,110592,110592
"Tesla K80 (0)","cfd_kernel(int, int*, float*, float*, float*, float*, float*, float*, float*, int*)",1,"dram_read_transactions","Device Memory Read Transactions",270148,270148,270148
"Tesla K80 (0)","cfd_kernel(int, int*, float*, float*, float*, float*, float*, float*, float*, int*)",1,"dram_write_transactions","Device Memory Write Transactions",38424,38424,38424
"Tesla K80 (0)","cfd_kernel(int, int*, float*, float*, float*, float*, float*, float*, float*, int*)",1,"l2_read_transactions","L2 Read Transactions",2118943,2118943,2118943
"Tesla K80 (0)","cfd_kernel(int, int*, float*, float*, float*, float*, float*, float*, float*, int*)",1,"l2_write_transactions","L2 Write Transactions",31341,31341,31341
"Tesla K80 (0)","cfd_kernel(int, int*, float*, float*, float*, float*, float*, float*, float*, int*)",1,"local_load_throughput","Local Memory Load Throughput",0.000000B/s,0.000000B/s,0.000000B/s
"Tesla K80 (0)","cfd_kernel(int, int*, float*, float*, float*, float*, float*, float*, float*, int*)",1,"local_store_throughput","Local Memory Store Throughput",0.000000B/s,0.000000B/s,0.000000B/s
"Tesla K80 (0)","cfd_kernel(int, int*, float*, float*, float*, float*, float*, float*, float*, int*)",1,"shared_load_throughput","Shared Memory Load Throughput",0.000000B/s,0.000000B/s,0.000000B/s
"Tesla K80 (0)","cfd_kernel(int, int*, float*, float*, float*, float*, float*, float*, float*, int*)",1,"shared_store_throughput","Shared Memory Store Throughput",0.000000B/s,0.000000B/s,0.000000B/s
"Tesla K80 (0)","cfd_kernel(int, int*, float*, float*, float*, float*, float*, float*, float*, int*)",1,"l2_read_throughput","L2 Throughput (Reads)",134.244933GB/s,134.244933GB/s,134.244933GB/s
"Tesla K80 (0)","cfd_kernel(int, int*, float*, float*, float*, float*, float*, float*, float*, int*)",1,"l2_write_throughput","L2 Throughput (Writes)",1.985599GB/s,1.985599GB/s,1.985599GB/s
"Tesla K80 (0)","cfd_kernel(int, int*, float*, float*, float*, float*, float*, float*, float*, int*)",1,"sysmem_read_throughput","System Memory Read Throughput",0.000000B/s,0.000000B/s,0.000000B/s
"Tesla K80 (0)","cfd_kernel(int, int*, float*, float*, float*, float*, float*, float*, float*, int*)",1,"sysmem_write_throughput","System Memory Write Throughput",506.837000KB/s,506.837000KB/s,506.837000KB/s
"Tesla K80 (0)","cfd_kernel(int, int*, float*, float*, float*, float*, float*, float*, float*, int*)",1,"warp_nonpred_execution_efficiency","Warp Non-Predicated Execution Efficiency",97.116969%,97.116969%,97.116969%
"Tesla K80 (0)","cfd_kernel(int, int*, float*, float*, float*, float*, float*, float*, float*, int*)",1,"cf_issued","Issued Control-Flow Instructions",211808,211808,211808
"Tesla K80 (0)","cfd_kernel(int, int*, float*, float*, float*, float*, float*, float*, float*, int*)",1,"cf_executed","Executed Control-Flow Instructions",205824,205824,205824
"Tesla K80 (0)","cfd_kernel(int, int*, float*, float*, float*, float*, float*, float*, float*, int*)",1,"ldst_issued","Issued Load/Store Instructions",1702010,1702010,1702010
"Tesla K80 (0)","cfd_kernel(int, int*, float*, float*, float*, float*, float*, float*, float*, int*)",1,"ldst_executed","Executed Load/Store Instructions",125952,125952,125952
"Tesla K80 (0)","cfd_kernel(int, int*, float*, float*, float*, float*, float*, float*, float*, int*)",1,"flop_count_sp","Floating Point Operations(Single Precision)",52346880,52346880,52346880
"Tesla K80 (0)","cfd_kernel(int, int*, float*, float*, float*, float*, float*, float*, float*, int*)",1,"flop_count_sp_add","Floating Point Operations(Single Precision Add)",4325376,4325376,4325376
"Tesla K80 (0)","cfd_kernel(int, int*, float*, float*, float*, float*, float*, float*, float*, int*)",1,"flop_count_sp_mul","Floating Point Operation(Single Precision Mul)",2801664,2801664,2801664
"Tesla K80 (0)","cfd_kernel(int, int*, float*, float*, float*, float*, float*, float*, float*, int*)",1,"flop_count_sp_fma","Floating Point Operations(Single Precision FMA)",22609920,22609920,22609920
"Tesla K80 (0)","cfd_kernel(int, int*, float*, float*, float*, float*, float*, float*, float*, int*)",1,"flop_count_dp","Floating Point Operations(Double Precision)",0,0,0
"Tesla K80 (0)","cfd_kernel(int, int*, float*, float*, float*, float*, float*, float*, float*, int*)",1,"flop_count_dp_add","Floating Point Operations(Double Precision Add)",0,0,0
"Tesla K80 (0)","cfd_kernel(int, int*, float*, float*, float*, float*, float*, float*, float*, int*)",1,"flop_count_dp_mul","Floating Point Operations(Double Precision Mul)",0,0,0
"Tesla K80 (0)","cfd_kernel(int, int*, float*, float*, float*, float*, float*, float*, float*, int*)",1,"flop_count_dp_fma","Floating Point Operations(Double Precison FMA)",0,0,0
"Tesla K80 (0)","cfd_kernel(int, int*, float*, float*, float*, float*, float*, float*, float*, int*)",1,"flop_count_sp_special","Floating Point Operations(Single Precision Special)",1327104,1327104,1327104
"Tesla K80 (0)","cfd_kernel(int, int*, float*, float*, float*, float*, float*, float*, float*, int*)",1,"stall_inst_fetch","Issue Stall Reasons (Instructions Fetch)",1.998019%,1.998019%,1.998019%
"Tesla K80 (0)","cfd_kernel(int, int*, float*, float*, float*, float*, float*, float*, float*, int*)",1,"stall_exec_dependency","Issue Stall Reasons (Execution Dependency)",5.882079%,5.882079%,5.882079%
"Tesla K80 (0)","cfd_kernel(int, int*, float*, float*, float*, float*, float*, float*, float*, int*)",1,"stall_memory_dependency","Issue Stall Reasons (Data Request)",15.487908%,15.487908%,15.487908%
"Tesla K80 (0)","cfd_kernel(int, int*, float*, float*, float*, float*, float*, float*, float*, int*)",1,"stall_texture","Issue Stall Reasons (Texture)",0.005858%,0.005858%,0.005858%
"Tesla K80 (0)","cfd_kernel(int, int*, float*, float*, float*, float*, float*, float*, float*, int*)",1,"stall_sync","Issue Stall Reasons (Synchronization)",0.000000%,0.000000%,0.000000%
"Tesla K80 (0)","cfd_kernel(int, int*, float*, float*, float*, float*, float*, float*, float*, int*)",1,"stall_other","Issue Stall Reasons (Other)",0.933365%,0.933365%,0.933365%
"Tesla K80 (0)","cfd_kernel(int, int*, float*, float*, float*, float*, float*, float*, float*, int*)",1,"l1_shared_utilization","L1/Shared Memory Utilization","Low (1)","Low (1)","Low (1)"
"Tesla K80 (0)","cfd_kernel(int, int*, float*, float*, float*, float*, float*, float*, float*, int*)",1,"l2_utilization","L2 Cache Utilization","Mid (4)","Mid (4)","Mid (4)"
"Tesla K80 (0)","cfd_kernel(int, int*, float*, float*, float*, float*, float*, float*, float*, int*)",1,"tex_utilization","Texture Cache Utilization","Low (1)","Low (1)","Low (1)"
"Tesla K80 (0)","cfd_kernel(int, int*, float*, float*, float*, float*, float*, float*, float*, int*)",1,"dram_utilization","Device Memory Utilization","Low (1)","Low (1)","Low (1)"
"Tesla K80 (0)","cfd_kernel(int, int*, float*, float*, float*, float*, float*, float*, float*, int*)",1,"sysmem_utilization","System Memory Utilization","Low (1)","Low (1)","Low (1)"
"Tesla K80 (0)","cfd_kernel(int, int*, float*, float*, float*, float*, float*, float*, float*, int*)",1,"ldst_fu_utilization","Load/Store Function Unit Utilization","Mid (6)","Mid (6)","Mid (6)"
"Tesla K80 (0)","cfd_kernel(int, int*, float*, float*, float*, float*, float*, float*, float*, int*)",1,"alu_fu_utilization","Arithmetic Function Unit Utilization","Low (1)","Low (1)","Low (1)"
"Tesla K80 (0)","cfd_kernel(int, int*, float*, float*, float*, float*, float*, float*, float*, int*)",1,"cf_fu_utilization","Control-Flow Function Unit Utilization","Low (1)","Low (1)","Low (1)"
"Tesla K80 (0)","cfd_kernel(int, int*, float*, float*, float*, float*, float*, float*, float*, int*)",1,"tex_fu_utilization","Texture Function Unit Utilization","Low (1)","Low (1)","Low (1)"
"Tesla K80 (0)","cfd_kernel(int, int*, float*, float*, float*, float*, float*, float*, float*, int*)",1,"inst_executed","Instructions Executed",1864704,1864704,1864704
"Tesla K80 (0)","cfd_kernel(int, int*, float*, float*, float*, float*, float*, float*, float*, int*)",1,"inst_issued","Instructions Issued",3630947,3630947,3630947
"Tesla K80 (0)","cfd_kernel(int, int*, float*, float*, float*, float*, float*, float*, float*, int*)",1,"issue_slots","Issue Slots",3239074,3239074,3239074
"Tesla K80 (0)","cfd_kernel(int, int*, float*, float*, float*, float*, float*, float*, float*, int*)",1,"nc_l2_read_throughput","L2 Throughput (Non-Coherent Reads)",23.526440GB/s,23.526440GB/s,23.526440GB/s
"Tesla K80 (0)","cfd_kernel(int, int*, float*, float*, float*, float*, float*, float*, float*, int*)",1,"nc_l2_read_transactions","L2 Non-Coherent Read Transactions",371345,371345,371345
"Tesla K80 (0)","cfd_kernel(int, int*, float*, float*, float*, float*, float*, float*, float*, int*)",1,"nc_cache_global_hit_rate","Non-Coherent Global Hit Rate",8.170659%,8.170659%,8.170659%
"Tesla K80 (0)","cfd_kernel(int, int*, float*, float*, float*, float*, float*, float*, float*, int*)",1,"nc_gld_throughput","Non-Coherent Global Memory Load Throughput",25.619741GB/s,25.619741GB/s,25.619741GB/s
"Tesla K80 (0)","cfd_kernel(int, int*, float*, float*, float*, float*, float*, float*, float*, int*)",1,"nc_gld_efficiency","Non-Coherent Global Load Efficiency",13.674064%,13.674064%,13.674064%
"Tesla K80 (0)","cfd_kernel(int, int*, float*, float*, float*, float*, float*, float*, float*, int*)",1,"l2_atomic_throughput","L2 Throughput (Atomic requests)",0.000000B/s,0.000000B/s,0.000000B/s
"Tesla K80 (0)","cfd_kernel(int, int*, float*, float*, float*, float*, float*, float*, float*, int*)",1,"inst_fp_32","FP Instructions(Single)",32391168,32391168,32391168
"Tesla K80 (0)","cfd_kernel(int, int*, float*, float*, float*, float*, float*, float*, float*, int*)",1,"inst_fp_64","FP Instructions(Double)",0,0,0
"Tesla K80 (0)","cfd_kernel(int, int*, float*, float*, float*, float*, float*, float*, float*, int*)",1,"inst_integer","Integer Instructions",10469376,10469376,10469376
"Tesla K80 (0)","cfd_kernel(int, int*, float*, float*, float*, float*, float*, float*, float*, int*)",1,"inst_bit_convert","Bit-Convert Instructions",1327104,1327104,1327104
"Tesla K80 (0)","cfd_kernel(int, int*, float*, float*, float*, float*, float*, float*, float*, int*)",1,"inst_control","Control-Flow Instructions",4030464,4030464,4030464
"Tesla K80 (0)","cfd_kernel(int, int*, float*, float*, float*, float*, float*, float*, float*, int*)",1,"inst_compute_ld_st","Load/Store Instructions",4472832,4472832,4472832
"Tesla K80 (0)","cfd_kernel(int, int*, float*, float*, float*, float*, float*, float*, float*, int*)",1,"inst_misc","Misc Instructions",4866048,4866048,4866048
"Tesla K80 (0)","cfd_kernel(int, int*, float*, float*, float*, float*, float*, float*, float*, int*)",1,"inst_inter_thread_communication","Inter-Thread Instructions",0,0,0
"Tesla K80 (0)","cfd_kernel(int, int*, float*, float*, float*, float*, float*, float*, float*, int*)",1,"atomic_replay_overhead","Atomic Replay Overhead",0.000000,0.000000,0.000000
"Tesla K80 (0)","cfd_kernel(int, int*, float*, float*, float*, float*, float*, float*, float*, int*)",1,"atomic_transactions","Atomic Transactions",0,0,0
"Tesla K80 (0)","cfd_kernel(int, int*, float*, float*, float*, float*, float*, float*, float*, int*)",1,"atomic_transactions_per_request","Atomic Transactions Per Request",0.000000,0.000000,0.000000
"Tesla K80 (0)","cfd_kernel(int, int*, float*, float*, float*, float*, float*, float*, float*, int*)",1,"l2_l1_read_transactions","L2 Read Transactions (L1 read requests)",1747028,1747028,1747028
"Tesla K80 (0)","cfd_kernel(int, int*, float*, float*, float*, float*, float*, float*, float*, int*)",1,"l2_l1_write_transactions","L2 Write Transactions (L1 write requests)",30964,30964,30964
"Tesla K80 (0)","cfd_kernel(int, int*, float*, float*, float*, float*, float*, float*, float*, int*)",1,"l2_tex_read_transactions","L2 Transactions (Texture Reads)",370853,370853,370853
"Tesla K80 (0)","cfd_kernel(int, int*, float*, float*, float*, float*, float*, float*, float*, int*)",1,"l2_l1_write_throughput","L2 Throughput (L1 Writes)",1.961714GB/s,1.961714GB/s,1.961714GB/s
"Tesla K80 (0)","cfd_kernel(int, int*, float*, float*, float*, float*, float*, float*, float*, int*)",1,"l2_atomic_transactions","L2 Transactions (Atomic requests)",0,0,0
"Tesla K80 (0)","cfd_kernel(int, int*, float*, float*, float*, float*, float*, float*, float*, int*)",1,"ecc_transactions","ECC Transactions",68918,68918,68918
"Tesla K80 (0)","cfd_kernel(int, int*, float*, float*, float*, float*, float*, float*, float*, int*)",1,"ecc_throughput","ECC Throughput",4.366277GB/s,4.366277GB/s,4.366277GB/s
"Tesla K80 (0)","cfd_kernel(int, int*, float*, float*, float*, float*, float*, float*, float*, int*)",1,"stall_pipe_busy","Issue Stall Reasons (Pipe Busy)",22.323150%,22.323150%,22.323150%
"Tesla K80 (0)","cfd_kernel(int, int*, float*, float*, float*, float*, float*, float*, float*, int*)",1,"stall_constant_memory_dependency","Issue Stall Reasons (Immediate constant)",0.150077%,0.150077%,0.150077%
"Tesla K80 (0)","cfd_kernel(int, int*, float*, float*, float*, float*, float*, float*, float*, int*)",1,"flop_sp_efficiency","FLOP Efficiency(Peak Single)",3.700117%,3.700117%,3.700117%
"Tesla K80 (0)","cfd_kernel(int, int*, float*, float*, float*, float*, float*, float*, float*, int*)",1,"flop_dp_efficiency","FLOP Efficiency(Peak Double)",0.000000%,0.000000%,0.000000%
"Tesla K80 (0)","cfd_kernel(int, int*, float*, float*, float*, float*, float*, float*, float*, int*)",1,"stall_memory_throttle","Issue Stall Reasons (Memory Throttle)",19.650678%,19.650678%,19.650678%
"Tesla K80 (0)","cfd_kernel(int, int*, float*, float*, float*, float*, float*, float*, float*, int*)",1,"stall_not_selected","Issue Stall Reasons (Not Selected)",33.568865%,33.568865%,33.568865%
"Tesla K80 (0)","cfd_kernel(int, int*, float*, float*, float*, float*, float*, float*, float*, int*)",1,"eligible_warps_per_cycle","Eligible Warps Per Active Cycle",18.600263,18.600263,18.600263
"Tesla K80 (0)","cfd_kernel(int, int*, float*, float*, float*, float*, float*, float*, float*, int*)",1,"atomic_throughput","Atomic Throughput",0.000000B/s,0.000000B/s,0.000000B/s
