==16539== NVPROF is profiling process 16539, command: ./6
==16539== Warning: Some kernel(s) will be replayed on device 0 in order to collect all events/metrics.
==16539== Profiling application: ./6
==16539== Profiling result:
==16539== Event result:
"Device","Kernel","Invocations","Event Name","Min","Max","Avg"
"Tesla K80 (0)","spmv_kernel(float const *, int const *, int const *, float const *, int, float*)",1,"tex0_cache_sector_queries",64512,64512,64512
"Tesla K80 (0)","spmv_kernel(float const *, int const *, int const *, float const *, int, float*)",1,"tex1_cache_sector_queries",64512,64512,64512
"Tesla K80 (0)","spmv_kernel(float const *, int const *, int const *, float const *, int, float*)",1,"tex2_cache_sector_queries",64512,64512,64512
"Tesla K80 (0)","spmv_kernel(float const *, int const *, int const *, float const *, int, float*)",1,"tex3_cache_sector_queries",64512,64512,64512
"Tesla K80 (0)","spmv_kernel(float const *, int const *, int const *, float const *, int, float*)",1,"tex0_cache_sector_misses",2440,2440,2440
"Tesla K80 (0)","spmv_kernel(float const *, int const *, int const *, float const *, int, float*)",1,"tex1_cache_sector_misses",2427,2427,2427
"Tesla K80 (0)","spmv_kernel(float const *, int const *, int const *, float const *, int, float*)",1,"tex2_cache_sector_misses",2437,2437,2437
"Tesla K80 (0)","spmv_kernel(float const *, int const *, int const *, float const *, int, float*)",1,"tex3_cache_sector_misses",2428,2428,2428
"Tesla K80 (0)","spmv_kernel(float const *, int const *, int const *, float const *, int, float*)",1,"fb_subp0_read_sectors",945987,945987,945987
"Tesla K80 (0)","spmv_kernel(float const *, int const *, int const *, float const *, int, float*)",1,"fb_subp1_read_sectors",945730,945730,945730
"Tesla K80 (0)","spmv_kernel(float const *, int const *, int const *, float const *, int, float*)",1,"fb_subp0_write_sectors",2040,2040,2040
"Tesla K80 (0)","spmv_kernel(float const *, int const *, int const *, float const *, int, float*)",1,"fb_subp1_write_sectors",2027,2027,2027
"Tesla K80 (0)","spmv_kernel(float const *, int const *, int const *, float const *, int, float*)",1,"l2_subp0_write_sector_misses",511,511,511
"Tesla K80 (0)","spmv_kernel(float const *, int const *, int const *, float const *, int, float*)",1,"l2_subp1_write_sector_misses",509,509,509
"Tesla K80 (0)","spmv_kernel(float const *, int const *, int const *, float const *, int, float*)",1,"l2_subp2_write_sector_misses",511,511,511
"Tesla K80 (0)","spmv_kernel(float const *, int const *, int const *, float const *, int, float*)",1,"l2_subp3_write_sector_misses",510,510,510
"Tesla K80 (0)","spmv_kernel(float const *, int const *, int const *, float const *, int, float*)",1,"l2_subp0_read_sector_misses",329631,329631,329631
"Tesla K80 (0)","spmv_kernel(float const *, int const *, int const *, float const *, int, float*)",1,"l2_subp1_read_sector_misses",329205,329205,329205
"Tesla K80 (0)","spmv_kernel(float const *, int const *, int const *, float const *, int, float*)",1,"l2_subp2_read_sector_misses",329557,329557,329557
"Tesla K80 (0)","spmv_kernel(float const *, int const *, int const *, float const *, int, float*)",1,"l2_subp3_read_sector_misses",329507,329507,329507
"Tesla K80 (0)","spmv_kernel(float const *, int const *, int const *, float const *, int, float*)",1,"l2_subp0_write_l1_sector_queries",4032,4032,4032
"Tesla K80 (0)","spmv_kernel(float const *, int const *, int const *, float const *, int, float*)",1,"l2_subp1_write_l1_sector_queries",4032,4032,4032
"Tesla K80 (0)","spmv_kernel(float const *, int const *, int const *, float const *, int, float*)",1,"l2_subp2_write_l1_sector_queries",4032,4032,4032
"Tesla K80 (0)","spmv_kernel(float const *, int const *, int const *, float const *, int, float*)",1,"l2_subp3_write_l1_sector_queries",4032,4032,4032
"Tesla K80 (0)","spmv_kernel(float const *, int const *, int const *, float const *, int, float*)",1,"l2_subp0_read_l1_sector_queries",403133,403133,403133
"Tesla K80 (0)","spmv_kernel(float const *, int const *, int const *, float const *, int, float*)",1,"l2_subp1_read_l1_sector_queries",403263,403263,403263
"Tesla K80 (0)","spmv_kernel(float const *, int const *, int const *, float const *, int, float*)",1,"l2_subp2_read_l1_sector_queries",403260,403260,403260
"Tesla K80 (0)","spmv_kernel(float const *, int const *, int const *, float const *, int, float*)",1,"l2_subp3_read_l1_sector_queries",403378,403378,403378
"Tesla K80 (0)","spmv_kernel(float const *, int const *, int const *, float const *, int, float*)",1,"l2_subp0_read_l1_hit_sectors",74005,74005,74005
"Tesla K80 (0)","spmv_kernel(float const *, int const *, int const *, float const *, int, float*)",1,"l2_subp1_read_l1_hit_sectors",74537,74537,74537
"Tesla K80 (0)","spmv_kernel(float const *, int const *, int const *, float const *, int, float*)",1,"l2_subp2_read_l1_hit_sectors",74441,74441,74441
"Tesla K80 (0)","spmv_kernel(float const *, int const *, int const *, float const *, int, float*)",1,"l2_subp3_read_l1_hit_sectors",74479,74479,74479
"Tesla K80 (0)","spmv_kernel(float const *, int const *, int const *, float const *, int, float*)",1,"l2_subp0_read_tex_sector_queries",2445,2445,2445
"Tesla K80 (0)","spmv_kernel(float const *, int const *, int const *, float const *, int, float*)",1,"l2_subp1_read_tex_sector_queries",2434,2434,2434
"Tesla K80 (0)","spmv_kernel(float const *, int const *, int const *, float const *, int, float*)",1,"l2_subp2_read_tex_sector_queries",2446,2446,2446
"Tesla K80 (0)","spmv_kernel(float const *, int const *, int const *, float const *, int, float*)",1,"l2_subp3_read_tex_sector_queries",2437,2437,2437
"Tesla K80 (0)","spmv_kernel(float const *, int const *, int const *, float const *, int, float*)",1,"l2_subp0_read_tex_hit_sectors",1938,1938,1938
"Tesla K80 (0)","spmv_kernel(float const *, int const *, int const *, float const *, int, float*)",1,"l2_subp1_read_tex_hit_sectors",1939,1939,1939
"Tesla K80 (0)","spmv_kernel(float const *, int const *, int const *, float const *, int, float*)",1,"l2_subp2_read_tex_hit_sectors",1935,1935,1935
"Tesla K80 (0)","spmv_kernel(float const *, int const *, int const *, float const *, int, float*)",1,"l2_subp3_read_tex_hit_sectors",1950,1950,1950
"Tesla K80 (0)","spmv_kernel(float const *, int const *, int const *, float const *, int, float*)",1,"rocache_subp0_gld_thread_count_32b",0,0,0
"Tesla K80 (0)","spmv_kernel(float const *, int const *, int const *, float const *, int, float*)",1,"rocache_subp1_gld_thread_count_32b",0,0,0
"Tesla K80 (0)","spmv_kernel(float const *, int const *, int const *, float const *, int, float*)",1,"rocache_subp2_gld_thread_count_32b",0,0,0
"Tesla K80 (0)","spmv_kernel(float const *, int const *, int const *, float const *, int, float*)",1,"rocache_subp3_gld_thread_count_32b",0,0,0
"Tesla K80 (0)","spmv_kernel(float const *, int const *, int const *, float const *, int, float*)",1,"rocache_subp0_gld_thread_count_64b",0,0,0
"Tesla K80 (0)","spmv_kernel(float const *, int const *, int const *, float const *, int, float*)",1,"rocache_subp1_gld_thread_count_64b",0,0,0
"Tesla K80 (0)","spmv_kernel(float const *, int const *, int const *, float const *, int, float*)",1,"rocache_subp2_gld_thread_count_64b",0,0,0
"Tesla K80 (0)","spmv_kernel(float const *, int const *, int const *, float const *, int, float*)",1,"rocache_subp3_gld_thread_count_64b",0,0,0
"Tesla K80 (0)","spmv_kernel(float const *, int const *, int const *, float const *, int, float*)",1,"rocache_subp0_gld_thread_count_128b",0,0,0
"Tesla K80 (0)","spmv_kernel(float const *, int const *, int const *, float const *, int, float*)",1,"rocache_subp1_gld_thread_count_128b",0,0,0
"Tesla K80 (0)","spmv_kernel(float const *, int const *, int const *, float const *, int, float*)",1,"rocache_subp2_gld_thread_count_128b",0,0,0
"Tesla K80 (0)","spmv_kernel(float const *, int const *, int const *, float const *, int, float*)",1,"rocache_subp3_gld_thread_count_128b",0,0,0
"Tesla K80 (0)","spmv_kernel(float const *, int const *, int const *, float const *, int, float*)",1,"rocache_subp0_gld_warp_count_32b",0,0,0
"Tesla K80 (0)","spmv_kernel(float const *, int const *, int const *, float const *, int, float*)",1,"rocache_subp1_gld_warp_count_32b",0,0,0
"Tesla K80 (0)","spmv_kernel(float const *, int const *, int const *, float const *, int, float*)",1,"rocache_subp2_gld_warp_count_32b",0,0,0
"Tesla K80 (0)","spmv_kernel(float const *, int const *, int const *, float const *, int, float*)",1,"rocache_subp3_gld_warp_count_32b",0,0,0
"Tesla K80 (0)","spmv_kernel(float const *, int const *, int const *, float const *, int, float*)",1,"rocache_subp0_gld_warp_count_64b",0,0,0
"Tesla K80 (0)","spmv_kernel(float const *, int const *, int const *, float const *, int, float*)",1,"rocache_subp1_gld_warp_count_64b",0,0,0
"Tesla K80 (0)","spmv_kernel(float const *, int const *, int const *, float const *, int, float*)",1,"rocache_subp2_gld_warp_count_64b",0,0,0
"Tesla K80 (0)","spmv_kernel(float const *, int const *, int const *, float const *, int, float*)",1,"rocache_subp3_gld_warp_count_64b",0,0,0
"Tesla K80 (0)","spmv_kernel(float const *, int const *, int const *, float const *, int, float*)",1,"rocache_subp0_gld_warp_count_128b",0,0,0
"Tesla K80 (0)","spmv_kernel(float const *, int const *, int const *, float const *, int, float*)",1,"rocache_subp1_gld_warp_count_128b",0,0,0
"Tesla K80 (0)","spmv_kernel(float const *, int const *, int const *, float const *, int, float*)",1,"rocache_subp2_gld_warp_count_128b",0,0,0
"Tesla K80 (0)","spmv_kernel(float const *, int const *, int const *, float const *, int, float*)",1,"rocache_subp3_gld_warp_count_128b",0,0,0
"Tesla K80 (0)","spmv_kernel(float const *, int const *, int const *, float const *, int, float*)",1,"l2_subp0_read_sysmem_sector_queries",0,0,0
"Tesla K80 (0)","spmv_kernel(float const *, int const *, int const *, float const *, int, float*)",1,"l2_subp1_read_sysmem_sector_queries",0,0,0
"Tesla K80 (0)","spmv_kernel(float const *, int const *, int const *, float const *, int, float*)",1,"l2_subp2_read_sysmem_sector_queries",0,0,0
"Tesla K80 (0)","spmv_kernel(float const *, int const *, int const *, float const *, int, float*)",1,"l2_subp3_read_sysmem_sector_queries",0,0,0
"Tesla K80 (0)","spmv_kernel(float const *, int const *, int const *, float const *, int, float*)",1,"l2_subp0_write_sysmem_sector_queries",0,0,0
"Tesla K80 (0)","spmv_kernel(float const *, int const *, int const *, float const *, int, float*)",1,"l2_subp1_write_sysmem_sector_queries",0,0,0
"Tesla K80 (0)","spmv_kernel(float const *, int const *, int const *, float const *, int, float*)",1,"l2_subp2_write_sysmem_sector_queries",0,0,0
"Tesla K80 (0)","spmv_kernel(float const *, int const *, int const *, float const *, int, float*)",1,"l2_subp3_write_sysmem_sector_queries",0,0,0
"Tesla K80 (0)","spmv_kernel(float const *, int const *, int const *, float const *, int, float*)",1,"l2_subp0_total_read_sector_queries",3620571,3620571,3620571
"Tesla K80 (0)","spmv_kernel(float const *, int const *, int const *, float const *, int, float*)",1,"l2_subp1_total_read_sector_queries",3581223,3581223,3581223
"Tesla K80 (0)","spmv_kernel(float const *, int const *, int const *, float const *, int, float*)",1,"l2_subp2_total_read_sector_queries",3480587,3480587,3480587
"Tesla K80 (0)","spmv_kernel(float const *, int const *, int const *, float const *, int, float*)",1,"l2_subp3_total_read_sector_queries",3493604,3493604,3493604
"Tesla K80 (0)","spmv_kernel(float const *, int const *, int const *, float const *, int, float*)",1,"l2_subp0_total_write_sector_queries",4035,4035,4035
"Tesla K80 (0)","spmv_kernel(float const *, int const *, int const *, float const *, int, float*)",1,"l2_subp1_total_write_sector_queries",4041,4041,4041
"Tesla K80 (0)","spmv_kernel(float const *, int const *, int const *, float const *, int, float*)",1,"l2_subp2_total_write_sector_queries",4038,4038,4038
"Tesla K80 (0)","spmv_kernel(float const *, int const *, int const *, float const *, int, float*)",1,"l2_subp3_total_write_sector_queries",4035,4035,4035
"Tesla K80 (0)","spmv_kernel(float const *, int const *, int const *, float const *, int, float*)",1,"elapsed_cycles_sm",43169960,43169960,43169960
"Tesla K80 (0)","spmv_kernel(float const *, int const *, int const *, float const *, int, float*)",1,"gld_inst_8bit",0,0,0
"Tesla K80 (0)","spmv_kernel(float const *, int const *, int const *, float const *, int, float*)",1,"gld_inst_16bit",0,0,0
"Tesla K80 (0)","spmv_kernel(float const *, int const *, int const *, float const *, int, float*)",1,"gld_inst_32bit",10404494,10404494,10404494
"Tesla K80 (0)","spmv_kernel(float const *, int const *, int const *, float const *, int, float*)",1,"gld_inst_64bit",0,0,0
"Tesla K80 (0)","spmv_kernel(float const *, int const *, int const *, float const *, int, float*)",1,"gld_inst_128bit",0,0,0
"Tesla K80 (0)","spmv_kernel(float const *, int const *, int const *, float const *, int, float*)",1,"gst_inst_8bit",0,0,0
"Tesla K80 (0)","spmv_kernel(float const *, int const *, int const *, float const *, int, float*)",1,"gst_inst_16bit",0,0,0
"Tesla K80 (0)","spmv_kernel(float const *, int const *, int const *, float const *, int, float*)",1,"gst_inst_32bit",16128,16128,16128
"Tesla K80 (0)","spmv_kernel(float const *, int const *, int const *, float const *, int, float*)",1,"gst_inst_64bit",0,0,0
"Tesla K80 (0)","spmv_kernel(float const *, int const *, int const *, float const *, int, float*)",1,"gst_inst_128bit",0,0,0
"Tesla K80 (0)","spmv_kernel(float const *, int const *, int const *, float const *, int, float*)",1,"rocache_gld_inst_8bit",0,0,0
"Tesla K80 (0)","spmv_kernel(float const *, int const *, int const *, float const *, int, float*)",1,"rocache_gld_inst_16bit",0,0,0
"Tesla K80 (0)","spmv_kernel(float const *, int const *, int const *, float const *, int, float*)",1,"rocache_gld_inst_32bit",0,0,0
"Tesla K80 (0)","spmv_kernel(float const *, int const *, int const *, float const *, int, float*)",1,"rocache_gld_inst_64bit",0,0,0
"Tesla K80 (0)","spmv_kernel(float const *, int const *, int const *, float const *, int, float*)",1,"rocache_gld_inst_128bit",0,0,0
"Tesla K80 (0)","spmv_kernel(float const *, int const *, int const *, float const *, int, float*)",1,"prof_trigger_00",0,0,0
"Tesla K80 (0)","spmv_kernel(float const *, int const *, int const *, float const *, int, float*)",1,"prof_trigger_01",0,0,0
"Tesla K80 (0)","spmv_kernel(float const *, int const *, int const *, float const *, int, float*)",1,"prof_trigger_02",0,0,0
"Tesla K80 (0)","spmv_kernel(float const *, int const *, int const *, float const *, int, float*)",1,"prof_trigger_03",0,0,0
"Tesla K80 (0)","spmv_kernel(float const *, int const *, int const *, float const *, int, float*)",1,"prof_trigger_04",0,0,0
"Tesla K80 (0)","spmv_kernel(float const *, int const *, int const *, float const *, int, float*)",1,"prof_trigger_05",0,0,0
"Tesla K80 (0)","spmv_kernel(float const *, int const *, int const *, float const *, int, float*)",1,"prof_trigger_06",0,0,0
"Tesla K80 (0)","spmv_kernel(float const *, int const *, int const *, float const *, int, float*)",1,"prof_trigger_07",0,0,0
"Tesla K80 (0)","spmv_kernel(float const *, int const *, int const *, float const *, int, float*)",1,"atom_cas_count",0,0,0
"Tesla K80 (0)","spmv_kernel(float const *, int const *, int const *, float const *, int, float*)",1,"warps_launched",16128,16128,16128
"Tesla K80 (0)","spmv_kernel(float const *, int const *, int const *, float const *, int, float*)",1,"threads_launched",516096,516096,516096
"Tesla K80 (0)","spmv_kernel(float const *, int const *, int const *, float const *, int, float*)",1,"inst_executed",3283080,3283080,3283080
"Tesla K80 (0)","spmv_kernel(float const *, int const *, int const *, float const *, int, float*)",1,"inst_issued1",42899856,42899856,42899856
"Tesla K80 (0)","spmv_kernel(float const *, int const *, int const *, float const *, int, float*)",1,"inst_issued2",1129644,1129644,1129644
"Tesla K80 (0)","spmv_kernel(float const *, int const *, int const *, float const *, int, float*)",1,"thread_inst_executed",387283284,387283284,387283284
"Tesla K80 (0)","spmv_kernel(float const *, int const *, int const *, float const *, int, float*)",1,"shared_load",177408,177408,177408
"Tesla K80 (0)","spmv_kernel(float const *, int const *, int const *, float const *, int, float*)",1,"shared_store",96768,96768,96768
"Tesla K80 (0)","spmv_kernel(float const *, int const *, int const *, float const *, int, float*)",1,"local_load",0,0,0
"Tesla K80 (0)","spmv_kernel(float const *, int const *, int const *, float const *, int, float*)",1,"local_store",0,0,0
"Tesla K80 (0)","spmv_kernel(float const *, int const *, int const *, float const *, int, float*)",1,"gld_request",355692,355692,355692
"Tesla K80 (0)","spmv_kernel(float const *, int const *, int const *, float const *, int, float*)",1,"gst_request",16128,16128,16128
"Tesla K80 (0)","spmv_kernel(float const *, int const *, int const *, float const *, int, float*)",1,"active_cycles",41046791,41046791,41046791
"Tesla K80 (0)","spmv_kernel(float const *, int const *, int const *, float const *, int, float*)",1,"active_warps",1979567416,1979567416,1979567416
"Tesla K80 (0)","spmv_kernel(float const *, int const *, int const *, float const *, int, float*)",1,"sm_cta_launched",2016,2016,2016
"Tesla K80 (0)","spmv_kernel(float const *, int const *, int const *, float const *, int, float*)",1,"not_predicated_off_thread_inst_executed",380903226,380903226,380903226
"Tesla K80 (0)","spmv_kernel(float const *, int const *, int const *, float const *, int, float*)",1,"l1_local_load_hit",0,0,0
"Tesla K80 (0)","spmv_kernel(float const *, int const *, int const *, float const *, int, float*)",1,"l1_local_load_miss",0,0,0
"Tesla K80 (0)","spmv_kernel(float const *, int const *, int const *, float const *, int, float*)",1,"l1_local_store_hit",0,0,0
"Tesla K80 (0)","spmv_kernel(float const *, int const *, int const *, float const *, int, float*)",1,"l1_local_store_miss",0,0,0
"Tesla K80 (0)","spmv_kernel(float const *, int const *, int const *, float const *, int, float*)",1,"l1_global_load_hit",0,0,0
"Tesla K80 (0)","spmv_kernel(float const *, int const *, int const *, float const *, int, float*)",1,"l1_global_load_miss",0,0,0
"Tesla K80 (0)","spmv_kernel(float const *, int const *, int const *, float const *, int, float*)",1,"uncached_global_load_transaction",669822,669822,669822
"Tesla K80 (0)","spmv_kernel(float const *, int const *, int const *, float const *, int, float*)",1,"global_store_transaction",16128,16128,16128
"Tesla K80 (0)","spmv_kernel(float const *, int const *, int const *, float const *, int, float*)",1,"shared_load_replay",0,0,0
"Tesla K80 (0)","spmv_kernel(float const *, int const *, int const *, float const *, int, float*)",1,"shared_store_replay",0,0,0
"Tesla K80 (0)","spmv_kernel(float const *, int const *, int const *, float const *, int, float*)",1,"global_ld_mem_divergence_replays",314130,314130,314130
"Tesla K80 (0)","spmv_kernel(float const *, int const *, int const *, float const *, int, float*)",1,"global_st_mem_divergence_replays",0,0,0
"Tesla K80 (0)","spmv_kernel(float const *, int const *, int const *, float const *, int, float*)",1,"local_load_transactions",0,0,0
"Tesla K80 (0)","spmv_kernel(float const *, int const *, int const *, float const *, int, float*)",1,"local_store_transactions",0,0,0
"Tesla K80 (0)","spmv_kernel(float const *, int const *, int const *, float const *, int, float*)",1,"l1_shared_load_transactions",177408,177408,177408
"Tesla K80 (0)","spmv_kernel(float const *, int const *, int const *, float const *, int, float*)",1,"l1_shared_store_transactions",96768,96768,96768
"Tesla K80 (0)","spmv_kernel(float const *, int const *, int const *, float const *, int, float*)",1,"__l1_global_load_transactions",676564,676564,676564
"Tesla K80 (0)","spmv_kernel(float const *, int const *, int const *, float const *, int, float*)",1,"__l1_global_store_transactions",16128,16128,16128
"Tesla K80 (0)","spmv_kernel(float const *, int const *, int const *, float const *, int, float*)",1,"atom_count",0,0,0
"Tesla K80 (0)","spmv_kernel(float const *, int const *, int const *, float const *, int, float*)",1,"gred_count",0,0,0

==16539== Metric result:
"Device","Kernel","Invocations","Metric Name","Metric Description","Min","Max","Avg"
"Tesla K80 (0)","spmv_kernel(float const *, int const *, int const *, float const *, int, float*)",1,"l1_cache_global_hit_rate","L1 Global Hit Rate",0.000000%,0.000000%,0.000000%
"Tesla K80 (0)","spmv_kernel(float const *, int const *, int const *, float const *, int, float*)",1,"l1_cache_local_hit_rate","L1 Local Hit Rate",0.000000%,0.000000%,0.000000%
"Tesla K80 (0)","spmv_kernel(float const *, int const *, int const *, float const *, int, float*)",1,"sm_efficiency","Multiprocessor Activity",95.081837%,95.081837%,95.081837%
"Tesla K80 (0)","spmv_kernel(float const *, int const *, int const *, float const *, int, float*)",1,"ipc","Executed IPC",0.081464,0.081464,0.081464
"Tesla K80 (0)","spmv_kernel(float const *, int const *, int const *, float const *, int, float*)",1,"achieved_occupancy","Achieved Occupancy",0.754957,0.754957,0.754957
"Tesla K80 (0)","spmv_kernel(float const *, int const *, int const *, float const *, int, float*)",1,"gld_requested_throughput","Requested Global Load Throughput",6.995154GB/s,6.995154GB/s,6.995154GB/s
"Tesla K80 (0)","spmv_kernel(float const *, int const *, int const *, float const *, int, float*)",1,"gst_requested_throughput","Requested Global Store Throughput",10.843183MB/s,10.843183MB/s,10.843183MB/s
"Tesla K80 (0)","spmv_kernel(float const *, int const *, int const *, float const *, int, float*)",1,"sm_efficiency_instance","Multiprocessor Activity",95.081837%,95.081837%,95.081837%
"Tesla K80 (0)","spmv_kernel(float const *, int const *, int const *, float const *, int, float*)",1,"ipc_instance","Executed IPC",0.081464,0.081464,0.081464
"Tesla K80 (0)","spmv_kernel(float const *, int const *, int const *, float const *, int, float*)",1,"inst_replay_overhead","Instruction Replay Overhead",12.755115,12.755115,12.755115
"Tesla K80 (0)","spmv_kernel(float const *, int const *, int const *, float const *, int, float*)",1,"shared_replay_overhead","Shared Memory Replay Overhead",0.000000,0.000000,0.000000
"Tesla K80 (0)","spmv_kernel(float const *, int const *, int const *, float const *, int, float*)",1,"global_replay_overhead","Global Memory Replay Overhead",0.095681,0.095681,0.095681
"Tesla K80 (0)","spmv_kernel(float const *, int const *, int const *, float const *, int, float*)",1,"global_cache_replay_overhead","Global Memory Cache Replay Overhead",0.000000,0.000000,0.000000
"Tesla K80 (0)","spmv_kernel(float const *, int const *, int const *, float const *, int, float*)",1,"tex_cache_hit_rate","Texture Cache Hit Rate",96.228609%,96.228609%,96.228609%
"Tesla K80 (0)","spmv_kernel(float const *, int const *, int const *, float const *, int, float*)",1,"tex_cache_throughput","Texture Cache Throughput",1.387928GB/s,1.387928GB/s,1.387928GB/s
"Tesla K80 (0)","spmv_kernel(float const *, int const *, int const *, float const *, int, float*)",1,"dram_read_throughput","Device Memory Read Throughput",10.174720GB/s,10.174720GB/s,10.174720GB/s
"Tesla K80 (0)","spmv_kernel(float const *, int const *, int const *, float const *, int, float*)",1,"dram_write_throughput","Device Memory Write Throughput",21.874617MB/s,21.874617MB/s,21.874617MB/s
"Tesla K80 (0)","spmv_kernel(float const *, int const *, int const *, float const *, int, float*)",1,"gst_throughput","Global Store Throughput",86.745471MB/s,86.745471MB/s,86.745471MB/s
"Tesla K80 (0)","spmv_kernel(float const *, int const *, int const *, float const *, int, float*)",1,"gld_throughput","Global Load Throughput",8.675806GB/s,8.675806GB/s,8.675806GB/s
"Tesla K80 (0)","spmv_kernel(float const *, int const *, int const *, float const *, int, float*)",1,"local_replay_overhead","Local Memory Cache Replay Overhead",0.000000,0.000000,0.000000
"Tesla K80 (0)","spmv_kernel(float const *, int const *, int const *, float const *, int, float*)",1,"shared_efficiency","Shared Memory Efficiency",11.580882%,11.580882%,11.580882%
"Tesla K80 (0)","spmv_kernel(float const *, int const *, int const *, float const *, int, float*)",1,"gld_efficiency","Global Memory Load Efficiency",80.628291%,80.628291%,80.628291%
"Tesla K80 (0)","spmv_kernel(float const *, int const *, int const *, float const *, int, float*)",1,"gst_efficiency","Global Memory Store Efficiency",12.500000%,12.500000%,12.500000%
"Tesla K80 (0)","spmv_kernel(float const *, int const *, int const *, float const *, int, float*)",1,"l2_l1_read_hit_rate","L2 Hit Rate (L1 Reads)",18.441149%,18.441149%,18.441149%
"Tesla K80 (0)","spmv_kernel(float const *, int const *, int const *, float const *, int, float*)",1,"l2_texture_read_hit_rate","L2 Hit Rate (Texture Reads)",79.512395%,79.512395%,79.512395%
"Tesla K80 (0)","spmv_kernel(float const *, int const *, int const *, float const *, int, float*)",1,"l2_l1_read_throughput","L2 Throughput (L1 Reads)",8.675806GB/s,8.675806GB/s,8.675806GB/s
"Tesla K80 (0)","spmv_kernel(float const *, int const *, int const *, float const *, int, float*)",1,"l2_texture_read_throughput","L2 Throughput (Texture Reads)",52.505536MB/s,52.505536MB/s,52.505536MB/s
"Tesla K80 (0)","spmv_kernel(float const *, int const *, int const *, float const *, int, float*)",1,"local_memory_overhead","Local Memory Overhead",0.000000%,0.000000%,0.000000%
"Tesla K80 (0)","spmv_kernel(float const *, int const *, int const *, float const *, int, float*)",1,"warp_execution_efficiency","Warp Execution Efficiency",100.000000%,100.000000%,100.000000%
"Tesla K80 (0)","spmv_kernel(float const *, int const *, int const *, float const *, int, float*)",1,"nc_gld_requested_throughput","Requested Non-Coherent Global Load Throughput",0.000000B/s,0.000000B/s,0.000000B/s
"Tesla K80 (0)","spmv_kernel(float const *, int const *, int const *, float const *, int, float*)",1,"issued_ipc","Issued IPC",1.100187,1.100187,1.100187
"Tesla K80 (0)","spmv_kernel(float const *, int const *, int const *, float const *, int, float*)",1,"inst_per_warp","Instructions per warp",203.563988,203.563988,203.563988
"Tesla K80 (0)","spmv_kernel(float const *, int const *, int const *, float const *, int, float*)",1,"issue_slot_utilization","Issue Slot Utilization",26.816652%,26.816652%,26.816652%
"Tesla K80 (0)","spmv_kernel(float const *, int const *, int const *, float const *, int, float*)",1,"local_load_transactions_per_request","Local Memory Load Transactions Per Request",0.000000,0.000000,0.000000
"Tesla K80 (0)","spmv_kernel(float const *, int const *, int const *, float const *, int, float*)",1,"local_store_transactions_per_request","Local Memory Store Transactions Per Request",0.000000,0.000000,0.000000
"Tesla K80 (0)","spmv_kernel(float const *, int const *, int const *, float const *, int, float*)",1,"shared_load_transactions_per_request","Shared Memory Load Transactions Per Request",1.000000,1.000000,1.000000
"Tesla K80 (0)","spmv_kernel(float const *, int const *, int const *, float const *, int, float*)",1,"shared_store_transactions_per_request","Shared Memory Store Transactions Per Request",1.000000,1.000000,1.000000
"Tesla K80 (0)","spmv_kernel(float const *, int const *, int const *, float const *, int, float*)",1,"gld_transactions_per_request","Global Load Transactions Per Request",1.883152,1.883152,1.883152
"Tesla K80 (0)","spmv_kernel(float const *, int const *, int const *, float const *, int, float*)",1,"gst_transactions_per_request","Global Store Transactions Per Request",1.000000,1.000000,1.000000
"Tesla K80 (0)","spmv_kernel(float const *, int const *, int const *, float const *, int, float*)",1,"local_load_transactions","Local Load Transactions",0,0,0
"Tesla K80 (0)","spmv_kernel(float const *, int const *, int const *, float const *, int, float*)",1,"local_store_transactions","Local Store Transactions",0,0,0
"Tesla K80 (0)","spmv_kernel(float const *, int const *, int const *, float const *, int, float*)",1,"shared_load_transactions","Shared Load Transactions",177408,177408,177408
"Tesla K80 (0)","spmv_kernel(float const *, int const *, int const *, float const *, int, float*)",1,"shared_store_transactions","Shared Store Transactions",96768,96768,96768
"Tesla K80 (0)","spmv_kernel(float const *, int const *, int const *, float const *, int, float*)",1,"gld_transactions","Global Load Transactions",669822,669822,669822
"Tesla K80 (0)","spmv_kernel(float const *, int const *, int const *, float const *, int, float*)",1,"gst_transactions","Global Store Transactions",16128,16128,16128
"Tesla K80 (0)","spmv_kernel(float const *, int const *, int const *, float const *, int, float*)",1,"sysmem_read_transactions","System Memory Read Transactions",0,0,0
"Tesla K80 (0)","spmv_kernel(float const *, int const *, int const *, float const *, int, float*)",1,"sysmem_write_transactions","System Memory Write Transactions",0,0,0
"Tesla K80 (0)","spmv_kernel(float const *, int const *, int const *, float const *, int, float*)",1,"tex_cache_transactions","Texture Cache Transactions",258048,258048,258048
"Tesla K80 (0)","spmv_kernel(float const *, int const *, int const *, float const *, int, float*)",1,"dram_read_transactions","Device Memory Read Transactions",1891717,1891717,1891717
"Tesla K80 (0)","spmv_kernel(float const *, int const *, int const *, float const *, int, float*)",1,"dram_write_transactions","Device Memory Write Transactions",4067,4067,4067
"Tesla K80 (0)","spmv_kernel(float const *, int const *, int const *, float const *, int, float*)",1,"l2_read_transactions","L2 Read Transactions",14175985,14175985,14175985
"Tesla K80 (0)","spmv_kernel(float const *, int const *, int const *, float const *, int, float*)",1,"l2_write_transactions","L2 Write Transactions",16149,16149,16149
"Tesla K80 (0)","spmv_kernel(float const *, int const *, int const *, float const *, int, float*)",1,"local_load_throughput","Local Memory Load Throughput",0.000000B/s,0.000000B/s,0.000000B/s
"Tesla K80 (0)","spmv_kernel(float const *, int const *, int const *, float const *, int, float*)",1,"local_store_throughput","Local Memory Store Throughput",0.000000B/s,0.000000B/s,0.000000B/s
"Tesla K80 (0)","spmv_kernel(float const *, int const *, int const *, float const *, int, float*)",1,"shared_load_throughput","Shared Memory Load Throughput",7.633601GB/s,7.633601GB/s,7.633601GB/s
"Tesla K80 (0)","spmv_kernel(float const *, int const *, int const *, float const *, int, float*)",1,"shared_store_throughput","Shared Memory Store Throughput",4.163783GB/s,4.163783GB/s,4.163783GB/s
"Tesla K80 (0)","spmv_kernel(float const *, int const *, int const *, float const *, int, float*)",1,"l2_read_throughput","L2 Throughput (Reads)",76.246435GB/s,76.246435GB/s,76.246435GB/s
"Tesla K80 (0)","spmv_kernel(float const *, int const *, int const *, float const *, int, float*)",1,"l2_write_throughput","L2 Throughput (Writes)",86.858421MB/s,86.858421MB/s,86.858421MB/s
"Tesla K80 (0)","spmv_kernel(float const *, int const *, int const *, float const *, int, float*)",1,"sysmem_read_throughput","System Memory Read Throughput",0.000000B/s,0.000000B/s,0.000000B/s
"Tesla K80 (0)","spmv_kernel(float const *, int const *, int const *, float const *, int, float*)",1,"sysmem_write_throughput","System Memory Write Throughput",0.000000B/s,0.000000B/s,0.000000B/s
"Tesla K80 (0)","spmv_kernel(float const *, int const *, int const *, float const *, int, float*)",1,"warp_nonpred_execution_efficiency","Warp Non-Predicated Execution Efficiency",100.000000%,100.000000%,100.000000%
"Tesla K80 (0)","spmv_kernel(float const *, int const *, int const *, float const *, int, float*)",1,"cf_issued","Issued Control-Flow Instructions",21334154,21334154,21334154
"Tesla K80 (0)","spmv_kernel(float const *, int const *, int const *, float const *, int, float*)",1,"cf_executed","Executed Control-Flow Instructions",5589349,5589349,5589349
"Tesla K80 (0)","spmv_kernel(float const *, int const *, int const *, float const *, int, float*)",1,"ldst_issued","Issued Load/Store Instructions",1223247,1223247,1223247
"Tesla K80 (0)","spmv_kernel(float const *, int const *, int const *, float const *, int, float*)",1,"ldst_executed","Executed Load/Store Instructions",678252,678252,678252
"Tesla K80 (0)","spmv_kernel(float const *, int const *, int const *, float const *, int, float*)",1,"flop_count_sp","Floating Point Operations(Single Precision)",10904462,10904462,10904462
"Tesla K80 (0)","spmv_kernel(float const *, int const *, int const *, float const *, int, float*)",1,"flop_count_sp_add","Floating Point Operations(Single Precision Add)",499968,499968,499968
"Tesla K80 (0)","spmv_kernel(float const *, int const *, int const *, float const *, int, float*)",1,"flop_count_sp_mul","Floating Point Operation(Single Precision Mul)",0,0,0
"Tesla K80 (0)","spmv_kernel(float const *, int const *, int const *, float const *, int, float*)",1,"flop_count_sp_fma","Floating Point Operations(Single Precision FMA)",5202247,5202247,5202247
"Tesla K80 (0)","spmv_kernel(float const *, int const *, int const *, float const *, int, float*)",1,"flop_count_dp","Floating Point Operations(Double Precision)",0,0,0
"Tesla K80 (0)","spmv_kernel(float const *, int const *, int const *, float const *, int, float*)",1,"flop_count_dp_add","Floating Point Operations(Double Precision Add)",0,0,0
"Tesla K80 (0)","spmv_kernel(float const *, int const *, int const *, float const *, int, float*)",1,"flop_count_dp_mul","Floating Point Operations(Double Precision Mul)",0,0,0
"Tesla K80 (0)","spmv_kernel(float const *, int const *, int const *, float const *, int, float*)",1,"flop_count_dp_fma","Floating Point Operations(Double Precison FMA)",0,0,0
"Tesla K80 (0)","spmv_kernel(float const *, int const *, int const *, float const *, int, float*)",1,"flop_count_sp_special","Floating Point Operations(Single Precision Special)",0,0,0
"Tesla K80 (0)","spmv_kernel(float const *, int const *, int const *, float const *, int, float*)",1,"stall_inst_fetch","Issue Stall Reasons (Instructions Fetch)",2.744082%,2.744082%,2.744082%
"Tesla K80 (0)","spmv_kernel(float const *, int const *, int const *, float const *, int, float*)",1,"stall_exec_dependency","Issue Stall Reasons (Execution Dependency)",36.220620%,36.220620%,36.220620%
"Tesla K80 (0)","spmv_kernel(float const *, int const *, int const *, float const *, int, float*)",1,"stall_memory_dependency","Issue Stall Reasons (Data Request)",1.186939%,1.186939%,1.186939%
"Tesla K80 (0)","spmv_kernel(float const *, int const *, int const *, float const *, int, float*)",1,"stall_texture","Issue Stall Reasons (Texture)",0.011022%,0.011022%,0.011022%
"Tesla K80 (0)","spmv_kernel(float const *, int const *, int const *, float const *, int, float*)",1,"stall_sync","Issue Stall Reasons (Synchronization)",0.000000%,0.000000%,0.000000%
"Tesla K80 (0)","spmv_kernel(float const *, int const *, int const *, float const *, int, float*)",1,"stall_other","Issue Stall Reasons (Other)",0.202825%,0.202825%,0.202825%
"Tesla K80 (0)","spmv_kernel(float const *, int const *, int const *, float const *, int, float*)",1,"l1_shared_utilization","L1/Shared Memory Utilization","Low (1)","Low (1)","Low (1)"
"Tesla K80 (0)","spmv_kernel(float const *, int const *, int const *, float const *, int, float*)",1,"l2_utilization","L2 Cache Utilization","Low (2)","Low (2)","Low (2)"
"Tesla K80 (0)","spmv_kernel(float const *, int const *, int const *, float const *, int, float*)",1,"tex_utilization","Texture Cache Utilization","Low (1)","Low (1)","Low (1)"
"Tesla K80 (0)","spmv_kernel(float const *, int const *, int const *, float const *, int, float*)",1,"dram_utilization","Device Memory Utilization","Low (1)","Low (1)","Low (1)"
"Tesla K80 (0)","spmv_kernel(float const *, int const *, int const *, float const *, int, float*)",1,"sysmem_utilization","System Memory Utilization","Idle (0)","Idle (0)","Idle (0)"
"Tesla K80 (0)","spmv_kernel(float const *, int const *, int const *, float const *, int, float*)",1,"ldst_fu_utilization","Load/Store Function Unit Utilization","Low (1)","Low (1)","Low (1)"
"Tesla K80 (0)","spmv_kernel(float const *, int const *, int const *, float const *, int, float*)",1,"alu_fu_utilization","Arithmetic Function Unit Utilization","Mid (5)","Mid (5)","Mid (5)"
"Tesla K80 (0)","spmv_kernel(float const *, int const *, int const *, float const *, int, float*)",1,"cf_fu_utilization","Control-Flow Function Unit Utilization","Mid (6)","Mid (6)","Mid (6)"
"Tesla K80 (0)","spmv_kernel(float const *, int const *, int const *, float const *, int, float*)",1,"tex_fu_utilization","Texture Function Unit Utilization","Low (1)","Low (1)","Low (1)"
"Tesla K80 (0)","spmv_kernel(float const *, int const *, int const *, float const *, int, float*)",1,"inst_executed","Instructions Executed",3283080,3283080,3283080
"Tesla K80 (0)","spmv_kernel(float const *, int const *, int const *, float const *, int, float*)",1,"inst_issued","Instructions Issued",45159144,45159144,45159144
"Tesla K80 (0)","spmv_kernel(float const *, int const *, int const *, float const *, int, float*)",1,"issue_slots","Issue Slots",44029500,44029500,44029500
"Tesla K80 (0)","spmv_kernel(float const *, int const *, int const *, float const *, int, float*)",1,"nc_l2_read_throughput","L2 Throughput (Non-Coherent Reads)",0.000000B/s,0.000000B/s,0.000000B/s
"Tesla K80 (0)","spmv_kernel(float const *, int const *, int const *, float const *, int, float*)",1,"nc_l2_read_transactions","L2 Non-Coherent Read Transactions",0,0,0
"Tesla K80 (0)","spmv_kernel(float const *, int const *, int const *, float const *, int, float*)",1,"nc_cache_global_hit_rate","Non-Coherent Global Hit Rate",0.000000%,0.000000%,0.000000%
"Tesla K80 (0)","spmv_kernel(float const *, int const *, int const *, float const *, int, float*)",1,"nc_gld_throughput","Non-Coherent Global Memory Load Throughput",0.000000B/s,0.000000B/s,0.000000B/s
"Tesla K80 (0)","spmv_kernel(float const *, int const *, int const *, float const *, int, float*)",1,"nc_gld_efficiency","Non-Coherent Global Load Efficiency",0.000000%,0.000000%,0.000000%
"Tesla K80 (0)","spmv_kernel(float const *, int const *, int const *, float const *, int, float*)",1,"l2_atomic_throughput","L2 Throughput (Atomic requests)",0.000000B/s,0.000000B/s,0.000000B/s
"Tesla K80 (0)","spmv_kernel(float const *, int const *, int const *, float const *, int, float*)",1,"inst_fp_32","FP Instructions(Single)",5702215,5702215,5702215
"Tesla K80 (0)","spmv_kernel(float const *, int const *, int const *, float const *, int, float*)",1,"inst_fp_64","FP Instructions(Double)",0,0,0
"Tesla K80 (0)","spmv_kernel(float const *, int const *, int const *, float const *, int, float*)",1,"inst_integer","Integer Instructions",44391900,44391900,44391900
"Tesla K80 (0)","spmv_kernel(float const *, int const *, int const *, float const *, int, float*)",1,"inst_bit_convert","Bit-Convert Instructions",0,0,0
"Tesla K80 (0)","spmv_kernel(float const *, int const *, int const *, float const *, int, float*)",1,"inst_control","Control-Flow Instructions",2798231,2798231,2798231
"Tesla K80 (0)","spmv_kernel(float const *, int const *, int const *, float const *, int, float*)",1,"inst_compute_ld_st","Load/Store Instructions",19719381,19719381,19719381
"Tesla K80 (0)","spmv_kernel(float const *, int const *, int const *, float const *, int, float*)",1,"inst_misc","Misc Instructions",6773760,6773760,6773760
"Tesla K80 (0)","spmv_kernel(float const *, int const *, int const *, float const *, int, float*)",1,"inst_inter_thread_communication","Inter-Thread Instructions",0,0,0
"Tesla K80 (0)","spmv_kernel(float const *, int const *, int const *, float const *, int, float*)",1,"atomic_replay_overhead","Atomic Replay Overhead",0.000000,0.000000,0.000000
"Tesla K80 (0)","spmv_kernel(float const *, int const *, int const *, float const *, int, float*)",1,"atomic_transactions","Atomic Transactions",0,0,0
"Tesla K80 (0)","spmv_kernel(float const *, int const *, int const *, float const *, int, float*)",1,"atomic_transactions_per_request","Atomic Transactions Per Request",0.000000,0.000000,0.000000
"Tesla K80 (0)","spmv_kernel(float const *, int const *, int const *, float const *, int, float*)",1,"l2_l1_read_transactions","L2 Read Transactions (L1 read requests)",1613034,1613034,1613034
"Tesla K80 (0)","spmv_kernel(float const *, int const *, int const *, float const *, int, float*)",1,"l2_l1_write_transactions","L2 Write Transactions (L1 write requests)",16128,16128,16128
"Tesla K80 (0)","spmv_kernel(float const *, int const *, int const *, float const *, int, float*)",1,"l2_tex_read_transactions","L2 Transactions (Texture Reads)",9762,9762,9762
"Tesla K80 (0)","spmv_kernel(float const *, int const *, int const *, float const *, int, float*)",1,"l2_l1_write_throughput","L2 Throughput (L1 Writes)",86.745471MB/s,86.745471MB/s,86.745471MB/s
"Tesla K80 (0)","spmv_kernel(float const *, int const *, int const *, float const *, int, float*)",1,"l2_atomic_transactions","L2 Transactions (Atomic requests)",0,0,0
"Tesla K80 (0)","spmv_kernel(float const *, int const *, int const *, float const *, int, float*)",1,"ecc_transactions","ECC Transactions",575843,575843,575843
"Tesla K80 (0)","spmv_kernel(float const *, int const *, int const *, float const *, int, float*)",1,"ecc_throughput","ECC Throughput",3.097208GB/s,3.097208GB/s,3.097208GB/s
"Tesla K80 (0)","spmv_kernel(float const *, int const *, int const *, float const *, int, float*)",1,"stall_pipe_busy","Issue Stall Reasons (Pipe Busy)",57.392184%,57.392184%,57.392184%
"Tesla K80 (0)","spmv_kernel(float const *, int const *, int const *, float const *, int, float*)",1,"stall_constant_memory_dependency","Issue Stall Reasons (Immediate constant)",1.775173%,1.775173%,1.775173%
"Tesla K80 (0)","spmv_kernel(float const *, int const *, int const *, float const *, int, float*)",1,"flop_sp_efficiency","FLOP Efficiency(Peak Single)",0.065780%,0.065780%,0.065780%
"Tesla K80 (0)","spmv_kernel(float const *, int const *, int const *, float const *, int, float*)",1,"flop_dp_efficiency","FLOP Efficiency(Peak Double)",0.000000%,0.000000%,0.000000%
"Tesla K80 (0)","spmv_kernel(float const *, int const *, int const *, float const *, int, float*)",1,"stall_memory_throttle","Issue Stall Reasons (Memory Throttle)",0.199112%,0.199112%,0.199112%
"Tesla K80 (0)","spmv_kernel(float const *, int const *, int const *, float const *, int, float*)",1,"stall_not_selected","Issue Stall Reasons (Not Selected)",0.268042%,0.268042%,0.268042%
"Tesla K80 (0)","spmv_kernel(float const *, int const *, int const *, float const *, int, float*)",1,"eligible_warps_per_cycle","Eligible Warps Per Active Cycle",1.198742,1.198742,1.198742
"Tesla K80 (0)","spmv_kernel(float const *, int const *, int const *, float const *, int, float*)",1,"atomic_throughput","Atomic Throughput",0.000000B/s,0.000000B/s,0.000000B/s
