==15008== NVPROF is profiling process 15008, command: ./spmv
==15008== Warning: Some kernel(s) will be replayed on device 0 in order to collect all events/metrics.
==15008== Profiling application: ./spmv
==15008== Profiling result:
==15008== Event result:
"Device","Kernel","Invocations","Event Name","Min","Max","Avg"
"Tesla K80 (0)","spmv_kernel(float const *, int const *, int const *, float const *, int, float*)",1,"tex0_cache_sector_queries",0,0,0
"Tesla K80 (0)","spmv_kernel(float const *, int const *, int const *, float const *, int, float*)",1,"tex1_cache_sector_queries",0,0,0
"Tesla K80 (0)","spmv_kernel(float const *, int const *, int const *, float const *, int, float*)",1,"tex2_cache_sector_queries",0,0,0
"Tesla K80 (0)","spmv_kernel(float const *, int const *, int const *, float const *, int, float*)",1,"tex3_cache_sector_queries",0,0,0
"Tesla K80 (0)","spmv_kernel(float const *, int const *, int const *, float const *, int, float*)",1,"tex0_cache_sector_misses",0,0,0
"Tesla K80 (0)","spmv_kernel(float const *, int const *, int const *, float const *, int, float*)",1,"tex1_cache_sector_misses",0,0,0
"Tesla K80 (0)","spmv_kernel(float const *, int const *, int const *, float const *, int, float*)",1,"tex2_cache_sector_misses",0,0,0
"Tesla K80 (0)","spmv_kernel(float const *, int const *, int const *, float const *, int, float*)",1,"tex3_cache_sector_misses",0,0,0
"Tesla K80 (0)","spmv_kernel(float const *, int const *, int const *, float const *, int, float*)",1,"fb_subp0_read_sectors",1022265,1022265,1022265
"Tesla K80 (0)","spmv_kernel(float const *, int const *, int const *, float const *, int, float*)",1,"fb_subp1_read_sectors",1022761,1022761,1022761
"Tesla K80 (0)","spmv_kernel(float const *, int const *, int const *, float const *, int, float*)",1,"fb_subp0_write_sectors",1939,1939,1939
"Tesla K80 (0)","spmv_kernel(float const *, int const *, int const *, float const *, int, float*)",1,"fb_subp1_write_sectors",1960,1960,1960
"Tesla K80 (0)","spmv_kernel(float const *, int const *, int const *, float const *, int, float*)",1,"l2_subp0_write_sector_misses",548,548,548
"Tesla K80 (0)","spmv_kernel(float const *, int const *, int const *, float const *, int, float*)",1,"l2_subp1_write_sector_misses",553,553,553
"Tesla K80 (0)","spmv_kernel(float const *, int const *, int const *, float const *, int, float*)",1,"l2_subp2_write_sector_misses",556,556,556
"Tesla K80 (0)","spmv_kernel(float const *, int const *, int const *, float const *, int, float*)",1,"l2_subp3_write_sector_misses",547,547,547
"Tesla K80 (0)","spmv_kernel(float const *, int const *, int const *, float const *, int, float*)",1,"l2_subp0_read_sector_misses",358506,358506,358506
"Tesla K80 (0)","spmv_kernel(float const *, int const *, int const *, float const *, int, float*)",1,"l2_subp1_read_sector_misses",358571,358571,358571
"Tesla K80 (0)","spmv_kernel(float const *, int const *, int const *, float const *, int, float*)",1,"l2_subp2_read_sector_misses",358544,358544,358544
"Tesla K80 (0)","spmv_kernel(float const *, int const *, int const *, float const *, int, float*)",1,"l2_subp3_read_sector_misses",358585,358585,358585
"Tesla K80 (0)","spmv_kernel(float const *, int const *, int const *, float const *, int, float*)",1,"l2_subp0_write_l1_sector_queries",4224,4224,4224
"Tesla K80 (0)","spmv_kernel(float const *, int const *, int const *, float const *, int, float*)",1,"l2_subp1_write_l1_sector_queries",4224,4224,4224
"Tesla K80 (0)","spmv_kernel(float const *, int const *, int const *, float const *, int, float*)",1,"l2_subp2_write_l1_sector_queries",4224,4224,4224
"Tesla K80 (0)","spmv_kernel(float const *, int const *, int const *, float const *, int, float*)",1,"l2_subp3_write_l1_sector_queries",4224,4224,4224
"Tesla K80 (0)","spmv_kernel(float const *, int const *, int const *, float const *, int, float*)",1,"l2_subp0_read_l1_sector_queries",1782015,1782015,1782015
"Tesla K80 (0)","spmv_kernel(float const *, int const *, int const *, float const *, int, float*)",1,"l2_subp1_read_l1_sector_queries",1782038,1782038,1782038
"Tesla K80 (0)","spmv_kernel(float const *, int const *, int const *, float const *, int, float*)",1,"l2_subp2_read_l1_sector_queries",1782677,1782677,1782677
"Tesla K80 (0)","spmv_kernel(float const *, int const *, int const *, float const *, int, float*)",1,"l2_subp3_read_l1_sector_queries",1783592,1783592,1783592
"Tesla K80 (0)","spmv_kernel(float const *, int const *, int const *, float const *, int, float*)",1,"l2_subp0_read_l1_hit_sectors",1423472,1423472,1423472
"Tesla K80 (0)","spmv_kernel(float const *, int const *, int const *, float const *, int, float*)",1,"l2_subp1_read_l1_hit_sectors",1423532,1423532,1423532
"Tesla K80 (0)","spmv_kernel(float const *, int const *, int const *, float const *, int, float*)",1,"l2_subp2_read_l1_hit_sectors",1424140,1424140,1424140
"Tesla K80 (0)","spmv_kernel(float const *, int const *, int const *, float const *, int, float*)",1,"l2_subp3_read_l1_hit_sectors",1424994,1424994,1424994
"Tesla K80 (0)","spmv_kernel(float const *, int const *, int const *, float const *, int, float*)",1,"l2_subp0_read_tex_sector_queries",0,0,0
"Tesla K80 (0)","spmv_kernel(float const *, int const *, int const *, float const *, int, float*)",1,"l2_subp1_read_tex_sector_queries",0,0,0
"Tesla K80 (0)","spmv_kernel(float const *, int const *, int const *, float const *, int, float*)",1,"l2_subp2_read_tex_sector_queries",0,0,0
"Tesla K80 (0)","spmv_kernel(float const *, int const *, int const *, float const *, int, float*)",1,"l2_subp3_read_tex_sector_queries",0,0,0
"Tesla K80 (0)","spmv_kernel(float const *, int const *, int const *, float const *, int, float*)",1,"l2_subp0_read_tex_hit_sectors",0,0,0
"Tesla K80 (0)","spmv_kernel(float const *, int const *, int const *, float const *, int, float*)",1,"l2_subp1_read_tex_hit_sectors",0,0,0
"Tesla K80 (0)","spmv_kernel(float const *, int const *, int const *, float const *, int, float*)",1,"l2_subp2_read_tex_hit_sectors",0,0,0
"Tesla K80 (0)","spmv_kernel(float const *, int const *, int const *, float const *, int, float*)",1,"l2_subp3_read_tex_hit_sectors",0,0,0
"Tesla K80 (0)","spmv_kernel(float const *, int const *, int const *, float const *, int, float*)",1,"rocache_subp0_gld_thread_count_32b",0,0,0
"Tesla K80 (0)","spmv_kernel(float const *, int const *, int const *, float const *, int, float*)",1,"rocache_subp1_gld_thread_count_32b",0,0,0
"Tesla K80 (0)","spmv_kernel(float const *, int const *, int const *, float const *, int, float*)",1,"rocache_subp2_gld_thread_count_32b",0,0,0
"Tesla K80 (0)","spmv_kernel(float const *, int const *, int const *, float const *, int, float*)",1,"rocache_subp3_gld_thread_count_32b",0,0,0
"Tesla K80 (0)","spmv_kernel(float const *, int const *, int const *, float const *, int, float*)",1,"rocache_subp0_gld_thread_count_64b",0,0,0
"Tesla K80 (0)","spmv_kernel(float const *, int const *, int const *, float const *, int, float*)",1,"rocache_subp1_gld_thread_count_64b",0,0,0
"Tesla K80 (0)","spmv_kernel(float const *, int const *, int const *, float const *, int, float*)",1,"rocache_subp2_gld_thread_count_64b",0,0,0
"Tesla K80 (0)","spmv_kernel(float const *, int const *, int const *, float const *, int, float*)",1,"rocache_subp3_gld_thread_count_64b",0,0,0
"Tesla K80 (0)","spmv_kernel(float const *, int const *, int const *, float const *, int, float*)",1,"rocache_subp0_gld_thread_count_128b",0,0,0
"Tesla K80 (0)","spmv_kernel(float const *, int const *, int const *, float const *, int, float*)",1,"rocache_subp1_gld_thread_count_128b",0,0,0
"Tesla K80 (0)","spmv_kernel(float const *, int const *, int const *, float const *, int, float*)",1,"rocache_subp2_gld_thread_count_128b",0,0,0
"Tesla K80 (0)","spmv_kernel(float const *, int const *, int const *, float const *, int, float*)",1,"rocache_subp3_gld_thread_count_128b",0,0,0
"Tesla K80 (0)","spmv_kernel(float const *, int const *, int const *, float const *, int, float*)",1,"rocache_subp0_gld_warp_count_32b",0,0,0
"Tesla K80 (0)","spmv_kernel(float const *, int const *, int const *, float const *, int, float*)",1,"rocache_subp1_gld_warp_count_32b",0,0,0
"Tesla K80 (0)","spmv_kernel(float const *, int const *, int const *, float const *, int, float*)",1,"rocache_subp2_gld_warp_count_32b",0,0,0
"Tesla K80 (0)","spmv_kernel(float const *, int const *, int const *, float const *, int, float*)",1,"rocache_subp3_gld_warp_count_32b",0,0,0
"Tesla K80 (0)","spmv_kernel(float const *, int const *, int const *, float const *, int, float*)",1,"rocache_subp0_gld_warp_count_64b",0,0,0
"Tesla K80 (0)","spmv_kernel(float const *, int const *, int const *, float const *, int, float*)",1,"rocache_subp1_gld_warp_count_64b",0,0,0
"Tesla K80 (0)","spmv_kernel(float const *, int const *, int const *, float const *, int, float*)",1,"rocache_subp2_gld_warp_count_64b",0,0,0
"Tesla K80 (0)","spmv_kernel(float const *, int const *, int const *, float const *, int, float*)",1,"rocache_subp3_gld_warp_count_64b",0,0,0
"Tesla K80 (0)","spmv_kernel(float const *, int const *, int const *, float const *, int, float*)",1,"rocache_subp0_gld_warp_count_128b",0,0,0
"Tesla K80 (0)","spmv_kernel(float const *, int const *, int const *, float const *, int, float*)",1,"rocache_subp1_gld_warp_count_128b",0,0,0
"Tesla K80 (0)","spmv_kernel(float const *, int const *, int const *, float const *, int, float*)",1,"rocache_subp2_gld_warp_count_128b",0,0,0
"Tesla K80 (0)","spmv_kernel(float const *, int const *, int const *, float const *, int, float*)",1,"rocache_subp3_gld_warp_count_128b",0,0,0
"Tesla K80 (0)","spmv_kernel(float const *, int const *, int const *, float const *, int, float*)",1,"l2_subp0_read_sysmem_sector_queries",0,0,0
"Tesla K80 (0)","spmv_kernel(float const *, int const *, int const *, float const *, int, float*)",1,"l2_subp1_read_sysmem_sector_queries",0,0,0
"Tesla K80 (0)","spmv_kernel(float const *, int const *, int const *, float const *, int, float*)",1,"l2_subp2_read_sysmem_sector_queries",0,0,0
"Tesla K80 (0)","spmv_kernel(float const *, int const *, int const *, float const *, int, float*)",1,"l2_subp3_read_sysmem_sector_queries",0,0,0
"Tesla K80 (0)","spmv_kernel(float const *, int const *, int const *, float const *, int, float*)",1,"l2_subp0_write_sysmem_sector_queries",0,0,0
"Tesla K80 (0)","spmv_kernel(float const *, int const *, int const *, float const *, int, float*)",1,"l2_subp1_write_sysmem_sector_queries",0,0,0
"Tesla K80 (0)","spmv_kernel(float const *, int const *, int const *, float const *, int, float*)",1,"l2_subp2_write_sysmem_sector_queries",1,1,1
"Tesla K80 (0)","spmv_kernel(float const *, int const *, int const *, float const *, int, float*)",1,"l2_subp3_write_sysmem_sector_queries",0,0,0
"Tesla K80 (0)","spmv_kernel(float const *, int const *, int const *, float const *, int, float*)",1,"l2_subp0_total_read_sector_queries",1782115,1782115,1782115
"Tesla K80 (0)","spmv_kernel(float const *, int const *, int const *, float const *, int, float*)",1,"l2_subp1_total_read_sector_queries",1782138,1782138,1782138
"Tesla K80 (0)","spmv_kernel(float const *, int const *, int const *, float const *, int, float*)",1,"l2_subp2_total_read_sector_queries",1782740,1782740,1782740
"Tesla K80 (0)","spmv_kernel(float const *, int const *, int const *, float const *, int, float*)",1,"l2_subp3_total_read_sector_queries",1783597,1783597,1783597
"Tesla K80 (0)","spmv_kernel(float const *, int const *, int const *, float const *, int, float*)",1,"l2_subp0_total_write_sector_queries",4242,4242,4242
"Tesla K80 (0)","spmv_kernel(float const *, int const *, int const *, float const *, int, float*)",1,"l2_subp1_total_write_sector_queries",4238,4238,4238
"Tesla K80 (0)","spmv_kernel(float const *, int const *, int const *, float const *, int, float*)",1,"l2_subp2_total_write_sector_queries",4237,4237,4237
"Tesla K80 (0)","spmv_kernel(float const *, int const *, int const *, float const *, int, float*)",1,"l2_subp3_total_write_sector_queries",4253,4253,4253
"Tesla K80 (0)","spmv_kernel(float const *, int const *, int const *, float const *, int, float*)",1,"elapsed_cycles_sm",12060719,12060719,12060719
"Tesla K80 (0)","spmv_kernel(float const *, int const *, int const *, float const *, int, float*)",1,"gld_inst_8bit",0,0,0
"Tesla K80 (0)","spmv_kernel(float const *, int const *, int const *, float const *, int, float*)",1,"gld_inst_16bit",0,0,0
"Tesla K80 (0)","spmv_kernel(float const *, int const *, int const *, float const *, int, float*)",1,"gld_inst_32bit",18209832,18209832,18209832
"Tesla K80 (0)","spmv_kernel(float const *, int const *, int const *, float const *, int, float*)",1,"gld_inst_64bit",0,0,0
"Tesla K80 (0)","spmv_kernel(float const *, int const *, int const *, float const *, int, float*)",1,"gld_inst_128bit",0,0,0
"Tesla K80 (0)","spmv_kernel(float const *, int const *, int const *, float const *, int, float*)",1,"gst_inst_8bit",0,0,0
"Tesla K80 (0)","spmv_kernel(float const *, int const *, int const *, float const *, int, float*)",1,"gst_inst_16bit",0,0,0
"Tesla K80 (0)","spmv_kernel(float const *, int const *, int const *, float const *, int, float*)",1,"gst_inst_32bit",16896,16896,16896
"Tesla K80 (0)","spmv_kernel(float const *, int const *, int const *, float const *, int, float*)",1,"gst_inst_64bit",0,0,0
"Tesla K80 (0)","spmv_kernel(float const *, int const *, int const *, float const *, int, float*)",1,"gst_inst_128bit",0,0,0
"Tesla K80 (0)","spmv_kernel(float const *, int const *, int const *, float const *, int, float*)",1,"rocache_gld_inst_8bit",0,0,0
"Tesla K80 (0)","spmv_kernel(float const *, int const *, int const *, float const *, int, float*)",1,"rocache_gld_inst_16bit",0,0,0
"Tesla K80 (0)","spmv_kernel(float const *, int const *, int const *, float const *, int, float*)",1,"rocache_gld_inst_32bit",0,0,0
"Tesla K80 (0)","spmv_kernel(float const *, int const *, int const *, float const *, int, float*)",1,"rocache_gld_inst_64bit",0,0,0
"Tesla K80 (0)","spmv_kernel(float const *, int const *, int const *, float const *, int, float*)",1,"rocache_gld_inst_128bit",0,0,0
"Tesla K80 (0)","spmv_kernel(float const *, int const *, int const *, float const *, int, float*)",1,"prof_trigger_00",0,0,0
"Tesla K80 (0)","spmv_kernel(float const *, int const *, int const *, float const *, int, float*)",1,"prof_trigger_01",0,0,0
"Tesla K80 (0)","spmv_kernel(float const *, int const *, int const *, float const *, int, float*)",1,"prof_trigger_02",0,0,0
"Tesla K80 (0)","spmv_kernel(float const *, int const *, int const *, float const *, int, float*)",1,"prof_trigger_03",0,0,0
"Tesla K80 (0)","spmv_kernel(float const *, int const *, int const *, float const *, int, float*)",1,"prof_trigger_04",0,0,0
"Tesla K80 (0)","spmv_kernel(float const *, int const *, int const *, float const *, int, float*)",1,"prof_trigger_05",0,0,0
"Tesla K80 (0)","spmv_kernel(float const *, int const *, int const *, float const *, int, float*)",1,"prof_trigger_06",0,0,0
"Tesla K80 (0)","spmv_kernel(float const *, int const *, int const *, float const *, int, float*)",1,"prof_trigger_07",0,0,0
"Tesla K80 (0)","spmv_kernel(float const *, int const *, int const *, float const *, int, float*)",1,"atom_cas_count",0,0,0
"Tesla K80 (0)","spmv_kernel(float const *, int const *, int const *, float const *, int, float*)",1,"warps_launched",16896,16896,16896
"Tesla K80 (0)","spmv_kernel(float const *, int const *, int const *, float const *, int, float*)",1,"threads_launched",540672,540672,540672
"Tesla K80 (0)","spmv_kernel(float const *, int const *, int const *, float const *, int, float*)",1,"inst_executed",3729324,3729324,3729324
"Tesla K80 (0)","spmv_kernel(float const *, int const *, int const *, float const *, int, float*)",1,"inst_issued1",7524893,7524893,7524893
"Tesla K80 (0)","spmv_kernel(float const *, int const *, int const *, float const *, int, float*)",1,"inst_issued2",808946,808946,808946
"Tesla K80 (0)","spmv_kernel(float const *, int const *, int const *, float const *, int, float*)",1,"thread_inst_executed",99657080,99657080,99657080
"Tesla K80 (0)","spmv_kernel(float const *, int const *, int const *, float const *, int, float*)",1,"shared_load",185856,185856,185856
"Tesla K80 (0)","spmv_kernel(float const *, int const *, int const *, float const *, int, float*)",1,"shared_store",101376,101376,101376
"Tesla K80 (0)","spmv_kernel(float const *, int const *, int const *, float const *, int, float*)",1,"local_load",0,0,0
"Tesla K80 (0)","spmv_kernel(float const *, int const *, int const *, float const *, int, float*)",1,"local_store",0,0,0
"Tesla K80 (0)","spmv_kernel(float const *, int const *, int const *, float const *, int, float*)",1,"gld_request",611298,611298,611298
"Tesla K80 (0)","spmv_kernel(float const *, int const *, int const *, float const *, int, float*)",1,"gst_request",16896,16896,16896
"Tesla K80 (0)","spmv_kernel(float const *, int const *, int const *, float const *, int, float*)",1,"active_cycles",11299355,11299355,11299355
"Tesla K80 (0)","spmv_kernel(float const *, int const *, int const *, float const *, int, float*)",1,"active_warps",636948344,636948344,636948344
"Tesla K80 (0)","spmv_kernel(float const *, int const *, int const *, float const *, int, float*)",1,"sm_cta_launched",2112,2112,2112
"Tesla K80 (0)","spmv_kernel(float const *, int const *, int const *, float const *, int, float*)",1,"not_predicated_off_thread_inst_executed",96420104,96420104,96420104
"Tesla K80 (0)","spmv_kernel(float const *, int const *, int const *, float const *, int, float*)",1,"l1_local_load_hit",0,0,0
"Tesla K80 (0)","spmv_kernel(float const *, int const *, int const *, float const *, int, float*)",1,"l1_local_load_miss",0,0,0
"Tesla K80 (0)","spmv_kernel(float const *, int const *, int const *, float const *, int, float*)",1,"l1_local_store_hit",0,0,0
"Tesla K80 (0)","spmv_kernel(float const *, int const *, int const *, float const *, int, float*)",1,"l1_local_store_miss",0,0,0
"Tesla K80 (0)","spmv_kernel(float const *, int const *, int const *, float const *, int, float*)",1,"l1_global_load_hit",0,0,0
"Tesla K80 (0)","spmv_kernel(float const *, int const *, int const *, float const *, int, float*)",1,"l1_global_load_miss",0,0,0
"Tesla K80 (0)","spmv_kernel(float const *, int const *, int const *, float const *, int, float*)",1,"uncached_global_load_transaction",5052929,5052929,5052929
"Tesla K80 (0)","spmv_kernel(float const *, int const *, int const *, float const *, int, float*)",1,"global_store_transaction",16896,16896,16896
"Tesla K80 (0)","spmv_kernel(float const *, int const *, int const *, float const *, int, float*)",1,"shared_load_replay",0,0,0
"Tesla K80 (0)","spmv_kernel(float const *, int const *, int const *, float const *, int, float*)",1,"shared_store_replay",0,0,0
"Tesla K80 (0)","spmv_kernel(float const *, int const *, int const *, float const *, int, float*)",1,"global_ld_mem_divergence_replays",4441631,4441631,4441631
"Tesla K80 (0)","spmv_kernel(float const *, int const *, int const *, float const *, int, float*)",1,"global_st_mem_divergence_replays",0,0,0
"Tesla K80 (0)","spmv_kernel(float const *, int const *, int const *, float const *, int, float*)",1,"local_load_transactions",0,0,0
"Tesla K80 (0)","spmv_kernel(float const *, int const *, int const *, float const *, int, float*)",1,"local_store_transactions",0,0,0
"Tesla K80 (0)","spmv_kernel(float const *, int const *, int const *, float const *, int, float*)",1,"l1_shared_load_transactions",185856,185856,185856
"Tesla K80 (0)","spmv_kernel(float const *, int const *, int const *, float const *, int, float*)",1,"l1_shared_store_transactions",101376,101376,101376
"Tesla K80 (0)","spmv_kernel(float const *, int const *, int const *, float const *, int, float*)",1,"__l1_global_load_transactions",5467530,5467530,5467530
"Tesla K80 (0)","spmv_kernel(float const *, int const *, int const *, float const *, int, float*)",1,"__l1_global_store_transactions",16896,16896,16896
"Tesla K80 (0)","spmv_kernel(float const *, int const *, int const *, float const *, int, float*)",1,"atom_count",0,0,0
"Tesla K80 (0)","spmv_kernel(float const *, int const *, int const *, float const *, int, float*)",1,"gred_count",0,0,0

==15008== Metric result:
"Device","Kernel","Invocations","Metric Name","Metric Description","Min","Max","Avg"
"Tesla K80 (0)","spmv_kernel(float const *, int const *, int const *, float const *, int, float*)",1,"l1_cache_global_hit_rate","L1 Global Hit Rate",0.000000%,0.000000%,0.000000%
"Tesla K80 (0)","spmv_kernel(float const *, int const *, int const *, float const *, int, float*)",1,"l1_cache_local_hit_rate","L1 Local Hit Rate",0.000000%,0.000000%,0.000000%
"Tesla K80 (0)","spmv_kernel(float const *, int const *, int const *, float const *, int, float*)",1,"sm_efficiency","Multiprocessor Activity",93.687242%,93.687242%,93.687242%
"Tesla K80 (0)","spmv_kernel(float const *, int const *, int const *, float const *, int, float*)",1,"ipc","Executed IPC",0.330076,0.330076,0.330076
"Tesla K80 (0)","spmv_kernel(float const *, int const *, int const *, float const *, int, float*)",1,"achieved_occupancy","Achieved Occupancy",0.881388,0.881388,0.881388
"Tesla K80 (0)","spmv_kernel(float const *, int const *, int const *, float const *, int, float*)",1,"gld_requested_throughput","Requested Global Load Throughput",43.580638GB/s,43.580638GB/s,43.580638GB/s
"Tesla K80 (0)","spmv_kernel(float const *, int const *, int const *, float const *, int, float*)",1,"gst_requested_throughput","Requested Global Store Throughput",40.436312MB/s,40.436312MB/s,40.436312MB/s
"Tesla K80 (0)","spmv_kernel(float const *, int const *, int const *, float const *, int, float*)",1,"sm_efficiency_instance","Multiprocessor Activity",93.687242%,93.687242%,93.687242%
"Tesla K80 (0)","spmv_kernel(float const *, int const *, int const *, float const *, int, float*)",1,"ipc_instance","Executed IPC",0.330076,0.330076,0.330076
"Tesla K80 (0)","spmv_kernel(float const *, int const *, int const *, float const *, int, float*)",1,"inst_replay_overhead","Instruction Replay Overhead",1.451593,1.451593,1.451593
"Tesla K80 (0)","spmv_kernel(float const *, int const *, int const *, float const *, int, float*)",1,"shared_replay_overhead","Shared Memory Replay Overhead",0.000000,0.000000,0.000000
"Tesla K80 (0)","spmv_kernel(float const *, int const *, int const *, float const *, int, float*)",1,"global_replay_overhead","Global Memory Replay Overhead",1.191002,1.191002,1.191002
"Tesla K80 (0)","spmv_kernel(float const *, int const *, int const *, float const *, int, float*)",1,"global_cache_replay_overhead","Global Memory Cache Replay Overhead",0.000000,0.000000,0.000000
"Tesla K80 (0)","spmv_kernel(float const *, int const *, int const *, float const *, int, float*)",1,"tex_cache_hit_rate","Texture Cache Hit Rate",0.000000%,0.000000%,0.000000%
"Tesla K80 (0)","spmv_kernel(float const *, int const *, int const *, float const *, int, float*)",1,"tex_cache_throughput","Texture Cache Throughput",0.000000B/s,0.000000B/s,0.000000B/s
"Tesla K80 (0)","spmv_kernel(float const *, int const *, int const *, float const *, int, float*)",1,"dram_read_throughput","Device Memory Read Throughput",39.154030GB/s,39.154030GB/s,39.154030GB/s
"Tesla K80 (0)","spmv_kernel(float const *, int const *, int const *, float const *, int, float*)",1,"dram_write_throughput","Device Memory Write Throughput",74.650181MB/s,74.650181MB/s,74.650181MB/s
"Tesla K80 (0)","spmv_kernel(float const *, int const *, int const *, float const *, int, float*)",1,"gst_throughput","Global Store Throughput",323.490503MB/s,323.490503MB/s,323.490503MB/s
"Tesla K80 (0)","spmv_kernel(float const *, int const *, int const *, float const *, int, float*)",1,"gld_throughput","Global Load Throughput",136.517013GB/s,136.517013GB/s,136.517013GB/s
"Tesla K80 (0)","spmv_kernel(float const *, int const *, int const *, float const *, int, float*)",1,"local_replay_overhead","Local Memory Cache Replay Overhead",0.000000,0.000000,0.000000
"Tesla K80 (0)","spmv_kernel(float const *, int const *, int const *, float const *, int, float*)",1,"shared_efficiency","Shared Memory Efficiency",11.580882%,11.580882%,11.580882%
"Tesla K80 (0)","spmv_kernel(float const *, int const *, int const *, float const *, int, float*)",1,"gld_efficiency","Global Memory Load Efficiency",31.923229%,31.923229%,31.923229%
"Tesla K80 (0)","spmv_kernel(float const *, int const *, int const *, float const *, int, float*)",1,"gst_efficiency","Global Memory Store Efficiency",12.500000%,12.500000%,12.500000%
"Tesla K80 (0)","spmv_kernel(float const *, int const *, int const *, float const *, int, float*)",1,"l2_l1_read_hit_rate","L2 Hit Rate (L1 Reads)",79.886126%,79.886126%,79.886126%
"Tesla K80 (0)","spmv_kernel(float const *, int const *, int const *, float const *, int, float*)",1,"l2_texture_read_hit_rate","L2 Hit Rate (Texture Reads)",0.000000%,0.000000%,0.000000%
"Tesla K80 (0)","spmv_kernel(float const *, int const *, int const *, float const *, int, float*)",1,"l2_l1_read_throughput","L2 Throughput (L1 Reads)",136.517013GB/s,136.517013GB/s,136.517013GB/s
"Tesla K80 (0)","spmv_kernel(float const *, int const *, int const *, float const *, int, float*)",1,"l2_texture_read_throughput","L2 Throughput (Texture Reads)",0.000000B/s,0.000000B/s,0.000000B/s
"Tesla K80 (0)","spmv_kernel(float const *, int const *, int const *, float const *, int, float*)",1,"local_memory_overhead","Local Memory Overhead",0.000000%,0.000000%,0.000000%
"Tesla K80 (0)","spmv_kernel(float const *, int const *, int const *, float const *, int, float*)",1,"warp_execution_efficiency","Warp Execution Efficiency",83.507996%,83.507996%,83.507996%
"Tesla K80 (0)","spmv_kernel(float const *, int const *, int const *, float const *, int, float*)",1,"nc_gld_requested_throughput","Requested Non-Coherent Global Load Throughput",0.000000B/s,0.000000B/s,0.000000B/s
"Tesla K80 (0)","spmv_kernel(float const *, int const *, int const *, float const *, int, float*)",1,"issued_ipc","Issued IPC",0.809142,0.809142,0.809142
"Tesla K80 (0)","spmv_kernel(float const *, int const *, int const *, float const *, int, float*)",1,"inst_per_warp","Instructions per warp",220.722301,220.722301,220.722301
"Tesla K80 (0)","spmv_kernel(float const *, int const *, int const *, float const *, int, float*)",1,"issue_slot_utilization","Issue Slot Utilization",18.438749%,18.438749%,18.438749%
"Tesla K80 (0)","spmv_kernel(float const *, int const *, int const *, float const *, int, float*)",1,"local_load_transactions_per_request","Local Memory Load Transactions Per Request",0.000000,0.000000,0.000000
"Tesla K80 (0)","spmv_kernel(float const *, int const *, int const *, float const *, int, float*)",1,"local_store_transactions_per_request","Local Memory Store Transactions Per Request",0.000000,0.000000,0.000000
"Tesla K80 (0)","spmv_kernel(float const *, int const *, int const *, float const *, int, float*)",1,"shared_load_transactions_per_request","Shared Memory Load Transactions Per Request",1.000000,1.000000,1.000000
"Tesla K80 (0)","spmv_kernel(float const *, int const *, int const *, float const *, int, float*)",1,"shared_store_transactions_per_request","Shared Memory Store Transactions Per Request",1.000000,1.000000,1.000000
"Tesla K80 (0)","spmv_kernel(float const *, int const *, int const *, float const *, int, float*)",1,"gld_transactions_per_request","Global Load Transactions Per Request",8.265901,8.265901,8.265901
"Tesla K80 (0)","spmv_kernel(float const *, int const *, int const *, float const *, int, float*)",1,"gst_transactions_per_request","Global Store Transactions Per Request",1.000000,1.000000,1.000000
"Tesla K80 (0)","spmv_kernel(float const *, int const *, int const *, float const *, int, float*)",1,"local_load_transactions","Local Load Transactions",0,0,0
"Tesla K80 (0)","spmv_kernel(float const *, int const *, int const *, float const *, int, float*)",1,"local_store_transactions","Local Store Transactions",0,0,0
"Tesla K80 (0)","spmv_kernel(float const *, int const *, int const *, float const *, int, float*)",1,"shared_load_transactions","Shared Load Transactions",185856,185856,185856
"Tesla K80 (0)","spmv_kernel(float const *, int const *, int const *, float const *, int, float*)",1,"shared_store_transactions","Shared Store Transactions",101376,101376,101376
"Tesla K80 (0)","spmv_kernel(float const *, int const *, int const *, float const *, int, float*)",1,"gld_transactions","Global Load Transactions",5052929,5052929,5052929
"Tesla K80 (0)","spmv_kernel(float const *, int const *, int const *, float const *, int, float*)",1,"gst_transactions","Global Store Transactions",16896,16896,16896
"Tesla K80 (0)","spmv_kernel(float const *, int const *, int const *, float const *, int, float*)",1,"sysmem_read_transactions","System Memory Read Transactions",0,0,0
"Tesla K80 (0)","spmv_kernel(float const *, int const *, int const *, float const *, int, float*)",1,"sysmem_write_transactions","System Memory Write Transactions",1,1,1
"Tesla K80 (0)","spmv_kernel(float const *, int const *, int const *, float const *, int, float*)",1,"tex_cache_transactions","Texture Cache Transactions",0,0,0
"Tesla K80 (0)","spmv_kernel(float const *, int const *, int const *, float const *, int, float*)",1,"dram_read_transactions","Device Memory Read Transactions",2045026,2045026,2045026
"Tesla K80 (0)","spmv_kernel(float const *, int const *, int const *, float const *, int, float*)",1,"dram_write_transactions","Device Memory Write Transactions",3899,3899,3899
"Tesla K80 (0)","spmv_kernel(float const *, int const *, int const *, float const *, int, float*)",1,"l2_read_transactions","L2 Read Transactions",7130590,7130590,7130590
"Tesla K80 (0)","spmv_kernel(float const *, int const *, int const *, float const *, int, float*)",1,"l2_write_transactions","L2 Write Transactions",16970,16970,16970
"Tesla K80 (0)","spmv_kernel(float const *, int const *, int const *, float const *, int, float*)",1,"local_load_throughput","Local Memory Load Throughput",0.000000B/s,0.000000B/s,0.000000B/s
"Tesla K80 (0)","spmv_kernel(float const *, int const *, int const *, float const *, int, float*)",1,"local_store_throughput","Local Memory Store Throughput",0.000000B/s,0.000000B/s,0.000000B/s
"Tesla K80 (0)","spmv_kernel(float const *, int const *, int const *, float const *, int, float*)",1,"shared_load_throughput","Shared Memory Load Throughput",28.467164GB/s,28.467164GB/s,28.467164GB/s
"Tesla K80 (0)","spmv_kernel(float const *, int const *, int const *, float const *, int, float*)",1,"shared_store_throughput","Shared Memory Store Throughput",15.527544GB/s,15.527544GB/s,15.527544GB/s
"Tesla K80 (0)","spmv_kernel(float const *, int const *, int const *, float const *, int, float*)",1,"l2_read_throughput","L2 Throughput (Reads)",136.522144GB/s,136.522144GB/s,136.522144GB/s
"Tesla K80 (0)","spmv_kernel(float const *, int const *, int const *, float const *, int, float*)",1,"l2_write_throughput","L2 Throughput (Writes)",324.907306MB/s,324.907306MB/s,324.907306MB/s
"Tesla K80 (0)","spmv_kernel(float const *, int const *, int const *, float const *, int, float*)",1,"sysmem_read_throughput","System Memory Read Throughput",0.000000B/s,0.000000B/s,0.000000B/s
"Tesla K80 (0)","spmv_kernel(float const *, int const *, int const *, float const *, int, float*)",1,"sysmem_write_throughput","System Memory Write Throughput",19.145000KB/s,19.145000KB/s,19.145000KB/s
"Tesla K80 (0)","spmv_kernel(float const *, int const *, int const *, float const *, int, float*)",1,"warp_nonpred_execution_efficiency","Warp Non-Predicated Execution Efficiency",80.795561%,80.795561%,80.795561%
"Tesla K80 (0)","spmv_kernel(float const *, int const *, int const *, float const *, int, float*)",1,"cf_issued","Issued Control-Flow Instructions",396389,396389,396389
"Tesla K80 (0)","spmv_kernel(float const *, int const *, int const *, float const *, int, float*)",1,"cf_executed","Executed Control-Flow Instructions",374897,374897,374897
"Tesla K80 (0)","spmv_kernel(float const *, int const *, int const *, float const *, int, float*)",1,"ldst_issued","Issued Load/Store Instructions",5809285,5809285,5809285
"Tesla K80 (0)","spmv_kernel(float const *, int const *, int const *, float const *, int, float*)",1,"ldst_executed","Executed Load/Store Instructions",915426,915426,915426
"Tesla K80 (0)","spmv_kernel(float const *, int const *, int const *, float const *, int, float*)",1,"flop_count_sp","Floating Point Operations(Single Precision)",11942768,11942768,11942768
"Tesla K80 (0)","spmv_kernel(float const *, int const *, int const *, float const *, int, float*)",1,"flop_count_sp_add","Floating Point Operations(Single Precision Add)",523776,523776,523776
"Tesla K80 (0)","spmv_kernel(float const *, int const *, int const *, float const *, int, float*)",1,"flop_count_sp_mul","Floating Point Operation(Single Precision Mul)",0,0,0
"Tesla K80 (0)","spmv_kernel(float const *, int const *, int const *, float const *, int, float*)",1,"flop_count_sp_fma","Floating Point Operations(Single Precision FMA)",5709496,5709496,5709496
"Tesla K80 (0)","spmv_kernel(float const *, int const *, int const *, float const *, int, float*)",1,"flop_count_dp","Floating Point Operations(Double Precision)",0,0,0
"Tesla K80 (0)","spmv_kernel(float const *, int const *, int const *, float const *, int, float*)",1,"flop_count_dp_add","Floating Point Operations(Double Precision Add)",0,0,0
"Tesla K80 (0)","spmv_kernel(float const *, int const *, int const *, float const *, int, float*)",1,"flop_count_dp_mul","Floating Point Operations(Double Precision Mul)",0,0,0
"Tesla K80 (0)","spmv_kernel(float const *, int const *, int const *, float const *, int, float*)",1,"flop_count_dp_fma","Floating Point Operations(Double Precison FMA)",0,0,0
"Tesla K80 (0)","spmv_kernel(float const *, int const *, int const *, float const *, int, float*)",1,"flop_count_sp_special","Floating Point Operations(Single Precision Special)",0,0,0
"Tesla K80 (0)","spmv_kernel(float const *, int const *, int const *, float const *, int, float*)",1,"stall_inst_fetch","Issue Stall Reasons (Instructions Fetch)",0.847952%,0.847952%,0.847952%
"Tesla K80 (0)","spmv_kernel(float const *, int const *, int const *, float const *, int, float*)",1,"stall_exec_dependency","Issue Stall Reasons (Execution Dependency)",4.353204%,4.353204%,4.353204%
"Tesla K80 (0)","spmv_kernel(float const *, int const *, int const *, float const *, int, float*)",1,"stall_memory_dependency","Issue Stall Reasons (Data Request)",6.634551%,6.634551%,6.634551%
"Tesla K80 (0)","spmv_kernel(float const *, int const *, int const *, float const *, int, float*)",1,"stall_texture","Issue Stall Reasons (Texture)",0.000000%,0.000000%,0.000000%
"Tesla K80 (0)","spmv_kernel(float const *, int const *, int const *, float const *, int, float*)",1,"stall_sync","Issue Stall Reasons (Synchronization)",0.000000%,0.000000%,0.000000%
"Tesla K80 (0)","spmv_kernel(float const *, int const *, int const *, float const *, int, float*)",1,"stall_other","Issue Stall Reasons (Other)",0.641780%,0.641780%,0.641780%
"Tesla K80 (0)","spmv_kernel(float const *, int const *, int const *, float const *, int, float*)",1,"l1_shared_utilization","L1/Shared Memory Utilization","Low (1)","Low (1)","Low (1)"
"Tesla K80 (0)","spmv_kernel(float const *, int const *, int const *, float const *, int, float*)",1,"l2_utilization","L2 Cache Utilization","Mid (4)","Mid (4)","Mid (4)"
"Tesla K80 (0)","spmv_kernel(float const *, int const *, int const *, float const *, int, float*)",1,"tex_utilization","Texture Cache Utilization","Idle (0)","Idle (0)","Idle (0)"
"Tesla K80 (0)","spmv_kernel(float const *, int const *, int const *, float const *, int, float*)",1,"dram_utilization","Device Memory Utilization","Low (2)","Low (2)","Low (2)"
"Tesla K80 (0)","spmv_kernel(float const *, int const *, int const *, float const *, int, float*)",1,"sysmem_utilization","System Memory Utilization","Low (1)","Low (1)","Low (1)"
"Tesla K80 (0)","spmv_kernel(float const *, int const *, int const *, float const *, int, float*)",1,"ldst_fu_utilization","Load/Store Function Unit Utilization","Mid (6)","Mid (6)","Mid (6)"
"Tesla K80 (0)","spmv_kernel(float const *, int const *, int const *, float const *, int, float*)",1,"alu_fu_utilization","Arithmetic Function Unit Utilization","Low (1)","Low (1)","Low (1)"
"Tesla K80 (0)","spmv_kernel(float const *, int const *, int const *, float const *, int, float*)",1,"cf_fu_utilization","Control-Flow Function Unit Utilization","Low (1)","Low (1)","Low (1)"
"Tesla K80 (0)","spmv_kernel(float const *, int const *, int const *, float const *, int, float*)",1,"tex_fu_utilization","Texture Function Unit Utilization","Idle (0)","Idle (0)","Idle (0)"
"Tesla K80 (0)","spmv_kernel(float const *, int const *, int const *, float const *, int, float*)",1,"inst_executed","Instructions Executed",3729324,3729324,3729324
"Tesla K80 (0)","spmv_kernel(float const *, int const *, int const *, float const *, int, float*)",1,"inst_issued","Instructions Issued",9142785,9142785,9142785
"Tesla K80 (0)","spmv_kernel(float const *, int const *, int const *, float const *, int, float*)",1,"issue_slots","Issue Slots",8333839,8333839,8333839
"Tesla K80 (0)","spmv_kernel(float const *, int const *, int const *, float const *, int, float*)",1,"nc_l2_read_throughput","L2 Throughput (Non-Coherent Reads)",0.000000B/s,0.000000B/s,0.000000B/s
"Tesla K80 (0)","spmv_kernel(float const *, int const *, int const *, float const *, int, float*)",1,"nc_l2_read_transactions","L2 Non-Coherent Read Transactions",0,0,0
"Tesla K80 (0)","spmv_kernel(float const *, int const *, int const *, float const *, int, float*)",1,"nc_cache_global_hit_rate","Non-Coherent Global Hit Rate",0.000000%,0.000000%,0.000000%
"Tesla K80 (0)","spmv_kernel(float const *, int const *, int const *, float const *, int, float*)",1,"nc_gld_throughput","Non-Coherent Global Memory Load Throughput",0.000000B/s,0.000000B/s,0.000000B/s
"Tesla K80 (0)","spmv_kernel(float const *, int const *, int const *, float const *, int, float*)",1,"nc_gld_efficiency","Non-Coherent Global Load Efficiency",0.000000%,0.000000%,0.000000%
"Tesla K80 (0)","spmv_kernel(float const *, int const *, int const *, float const *, int, float*)",1,"l2_atomic_throughput","L2 Throughput (Atomic requests)",0.000000B/s,0.000000B/s,0.000000B/s
"Tesla K80 (0)","spmv_kernel(float const *, int const *, int const *, float const *, int, float*)",1,"inst_fp_32","FP Instructions(Single)",6233272,6233272,6233272
"Tesla K80 (0)","spmv_kernel(float const *, int const *, int const *, float const *, int, float*)",1,"inst_fp_64","FP Instructions(Double)",0,0,0
"Tesla K80 (0)","spmv_kernel(float const *, int const *, int const *, float const *, int, float*)",1,"inst_integer","Integer Instructions",55709284,55709284,55709284
"Tesla K80 (0)","spmv_kernel(float const *, int const *, int const *, float const *, int, float*)",1,"inst_bit_convert","Bit-Convert Instructions",0,0,0
"Tesla K80 (0)","spmv_kernel(float const *, int const *, int const *, float const *, int, float*)",1,"inst_control","Control-Flow Instructions",2982533,2982533,2982533
"Tesla K80 (0)","spmv_kernel(float const *, int const *, int const *, float const *, int, float*)",1,"inst_compute_ld_st","Load/Store Instructions",20355624,20355624,20355624
"Tesla K80 (0)","spmv_kernel(float const *, int const *, int const *, float const *, int, float*)",1,"inst_misc","Misc Instructions",7895354,7895354,7895354
"Tesla K80 (0)","spmv_kernel(float const *, int const *, int const *, float const *, int, float*)",1,"inst_inter_thread_communication","Inter-Thread Instructions",0,0,0
"Tesla K80 (0)","spmv_kernel(float const *, int const *, int const *, float const *, int, float*)",1,"atomic_replay_overhead","Atomic Replay Overhead",0.000000,0.000000,0.000000
"Tesla K80 (0)","spmv_kernel(float const *, int const *, int const *, float const *, int, float*)",1,"atomic_transactions","Atomic Transactions",0,0,0
"Tesla K80 (0)","spmv_kernel(float const *, int const *, int const *, float const *, int, float*)",1,"atomic_transactions_per_request","Atomic Transactions Per Request",0.000000,0.000000,0.000000
"Tesla K80 (0)","spmv_kernel(float const *, int const *, int const *, float const *, int, float*)",1,"l2_l1_read_transactions","L2 Read Transactions (L1 read requests)",7130322,7130322,7130322
"Tesla K80 (0)","spmv_kernel(float const *, int const *, int const *, float const *, int, float*)",1,"l2_l1_write_transactions","L2 Write Transactions (L1 write requests)",16896,16896,16896
"Tesla K80 (0)","spmv_kernel(float const *, int const *, int const *, float const *, int, float*)",1,"l2_tex_read_transactions","L2 Transactions (Texture Reads)",0,0,0
"Tesla K80 (0)","spmv_kernel(float const *, int const *, int const *, float const *, int, float*)",1,"l2_l1_write_throughput","L2 Throughput (L1 Writes)",323.490503MB/s,323.490503MB/s,323.490503MB/s
"Tesla K80 (0)","spmv_kernel(float const *, int const *, int const *, float const *, int, float*)",1,"l2_atomic_transactions","L2 Transactions (Atomic requests)",0,0,0
"Tesla K80 (0)","spmv_kernel(float const *, int const *, int const *, float const *, int, float*)",1,"ecc_transactions","ECC Transactions",612515,612515,612515
"Tesla K80 (0)","spmv_kernel(float const *, int const *, int const *, float const *, int, float*)",1,"ecc_throughput","ECC Throughput",11.727201GB/s,11.727201GB/s,11.727201GB/s
"Tesla K80 (0)","spmv_kernel(float const *, int const *, int const *, float const *, int, float*)",1,"stall_pipe_busy","Issue Stall Reasons (Pipe Busy)",27.990008%,27.990008%,27.990008%
"Tesla K80 (0)","spmv_kernel(float const *, int const *, int const *, float const *, int, float*)",1,"stall_constant_memory_dependency","Issue Stall Reasons (Immediate constant)",0.032567%,0.032567%,0.032567%
"Tesla K80 (0)","spmv_kernel(float const *, int const *, int const *, float const *, int, float*)",1,"flop_sp_efficiency","FLOP Efficiency(Peak Single)",0.257870%,0.257870%,0.257870%
"Tesla K80 (0)","spmv_kernel(float const *, int const *, int const *, float const *, int, float*)",1,"flop_dp_efficiency","FLOP Efficiency(Peak Double)",0.000000%,0.000000%,0.000000%
"Tesla K80 (0)","spmv_kernel(float const *, int const *, int const *, float const *, int, float*)",1,"stall_memory_throttle","Issue Stall Reasons (Memory Throttle)",16.512861%,16.512861%,16.512861%
"Tesla K80 (0)","spmv_kernel(float const *, int const *, int const *, float const *, int, float*)",1,"stall_not_selected","Issue Stall Reasons (Not Selected)",42.987077%,42.987077%,42.987077%
"Tesla K80 (0)","spmv_kernel(float const *, int const *, int const *, float const *, int, float*)",1,"eligible_warps_per_cycle","Eligible Warps Per Active Cycle",24.350308,24.350308,24.350308
"Tesla K80 (0)","spmv_kernel(float const *, int const *, int const *, float const *, int, float*)",1,"atomic_throughput","Atomic Throughput",0.000000B/s,0.000000B/s,0.000000B/s
